id,flight_id,age,annual_income,group_size,loyalty_tier
1,334,40,53071.0,2,1
2,339,37,75069.0,2,0
3,395,41,44002.0,1,0
4,38,37,89034.0,3,0
5,334,63,27635.0,1,0
6,154,34,45391.0,1,1
7,74,54,49024.0,1,1
8,56,26,57130.0,2,2
9,210,40,43796.0,2,3
10,252,43,23620.0,1,0
11,413,32,77689.0,1,0
12,127,37,56628.0,1,1
13,63,50,55605.0,2,1
14,11,49,84142.0,1,3
15,260,19,72792.0,2,2
16,111,18,30343.0,1,1
17,223,48,40917.0,2,0
18,385,31,47554.0,1,2
19,77,41,31065.0,3,0
20,85,18,43155.0,3,0
21,100,22,74842.0,1,3
22,289,37,48717.0,1,0
23,354,56,27623.0,1,1
24,53,36,45240.0,4,0
25,8,23,83040.0,4,1
26,317,31,19042.0,1,0
27,70,24,71411.0,1,1
28,402,65,35334.0,2,0
29,119,40,133351.0,2,3
30,396,45,18000.0,4,1
31,44,51,89079.0,3,2
32,196,34,56699.0,3,0
33,225,22,64192.0,2,2
34,262,29,94671.0,3,0
35,256,37,84009.0,1,1
36,38,39,42866.0,2,0
37,63,34,27426.0,1,0
38,222,61,66722.0,1,0
39,321,24,99387.0,1,1
40,270,35,48819.0,3,0
41,63,36,34499.0,1,2
42,285,18,23755.0,4,0
43,166,24,56987.0,1,0
44,261,63,72971.0,1,3
45,175,41,73285.0,1,1
46,9,43,24331.0,1,1
47,234,18,39899.0,1,1
48,103,64,37457.0,1,0
49,28,33,119224.0,1,2
50,310,51,32661.0,1,0
51,141,59,62525.0,1,1
52,304,53,38423.0,1,1
53,377,25,43910.0,1,0
54,87,57,69543.0,2,0
55,353,34,78191.0,1,1
56,388,53,35840.0,1,0
57,115,32,36794.0,1,2
58,225,47,50629.0,1,1
59,159,23,35793.0,1,1
60,134,38,45277.0,1,0
61,106,72,40583.0,4,1
62,198,18,29566.0,1,0
63,277,46,41327.0,1,1
64,336,24,51770.0,2,1
65,337,49,42279.0,3,1
66,120,51,79717.0,2,0
67,194,56,43602.0,1,1
68,18,56,34246.0,1,0
69,186,43,28130.0,2,0
70,329,42,66229.0,1,1
71,161,22,31171.0,1,1
72,80,39,46515.0,3,1
73,115,21,38841.0,5,0
74,382,34,38288.0,1,1
75,127,48,79409.0,1,0
76,190,50,29540.0,1,0
77,144,34,76886.0,3,2
78,253,45,69034.0,4,0
79,270,25,27470.0,2,1
80,341,57,57298.0,1,0
81,203,18,104474.0,1,3
82,382,35,46318.0,2,1
83,185,18,39464.0,2,0
84,401,61,30014.0,1,0
85,344,21,49108.0,1,0
86,182,56,33427.0,3,0
87,32,31,59638.0,1,2
88,16,32,61613.0,1,0
89,282,62,90533.0,2,0
90,232,27,20739.0,5,1
91,15,44,55148.0,3,0
92,247,18,48052.0,2,0
93,286,47,47638.0,1,2
94,308,34,101196.0,4,2
95,322,33,71371.0,1,0
96,241,18,110644.0,2,1
97,95,21,102971.0,1,2
98,120,33,60144.0,1,2
99,312,49,36764.0,1,0
100,35,31,43170.0,2,3
101,334,49,34855.0,1,0
102,191,40,71912.0,3,1
103,258,19,56180.0,1,0
104,191,43,35479.0,1,0
105,234,40,49064.0,1,1
106,2,56,50451.0,1,2
107,396,18,38224.0,3,2
108,98,28,37176.0,4,0
109,303,39,32191.0,3,0
110,148,44,41757.0,1,2
111,164,30,47656.0,2,1
112,259,54,73578.0,1,1
113,73,18,25813.0,1,1
114,79,53,52657.0,1,0
115,64,33,98883.0,1,0
116,13,55,54208.0,3,2
117,23,30,78208.0,2,0
118,216,28,31630.0,2,0
119,372,42,67028.0,1,2
120,188,43,63336.0,1,2
121,156,47,66614.0,2,0
122,414,26,50945.0,2,0
123,101,48,33421.0,1,0
124,77,39,29443.0,1,0
125,180,35,51907.0,1,1
126,150,35,40988.0,1,0
127,345,34,20792.0,2,1
128,272,32,69871.0,2,0
129,213,18,32362.0,1,0
130,376,38,38555.0,4,0
131,198,32,47744.0,1,0
132,292,36,93255.0,1,1
133,335,46,37309.0,1,0
134,354,30,77521.0,1,2
135,280,25,68184.0,4,0
136,178,23,34136.0,3,1
137,357,47,58863.0,3,0
138,396,43,104127.0,3,0
139,299,51,39141.0,2,0
140,241,46,42676.0,1,0
141,172,23,24066.0,1,0
142,219,18,28626.0,2,0
143,64,30,82707.0,1,1
144,118,32,27972.0,2,0
145,406,31,76999.0,2,2
146,202,47,36281.0,1,1
147,211,38,43894.0,4,0
148,394,51,25033.0,3,0
149,282,46,46306.0,2,1
150,299,33,25544.0,4,1
151,141,47,29607.0,1,2
152,206,66,59815.0,1,0
153,236,30,37294.0,2,0
154,2,18,66297.0,3,0
155,108,28,43271.0,1,0
156,265,18,47206.0,2,3
157,225,40,69764.0,1,2
158,374,47,56923.0,2,0
159,418,45,52452.0,1,0
160,43,31,42799.0,1,1
161,269,32,34696.0,3,0
162,180,42,66927.0,1,0
163,21,33,40423.0,1,0
164,8,38,70212.0,2,1
165,402,35,43776.0,2,0
166,332,32,30899.0,3,0
167,94,18,43080.0,1,0
168,28,18,124393.0,2,2
169,226,50,77275.0,2,1
170,7,24,99089.0,1,1
171,103,18,55364.0,2,0
172,277,50,41914.0,1,0
173,36,28,41625.0,1,0
174,146,41,64669.0,1,0
175,344,45,33623.0,1,1
176,221,42,58540.0,1,2
177,154,29,40644.0,1,0
178,18,42,92720.0,1,0
179,31,30,35484.0,2,0
180,287,31,32167.0,2,2
181,202,28,44471.0,1,1
182,86,39,32263.0,4,2
183,224,64,52776.0,1,0
184,202,28,73060.0,4,2
185,217,63,73938.0,2,0
186,142,39,38288.0,1,0
187,41,41,53058.0,2,0
188,255,40,23532.0,1,0
189,352,30,48796.0,1,2
190,296,40,28737.0,1,0
191,274,37,94607.0,1,0
192,268,59,50228.0,1,0
193,364,37,94854.0,1,2
194,29,24,58016.0,1,1
195,403,34,28837.0,4,0
196,94,43,74333.0,5,0
197,399,46,102584.0,1,2
198,27,33,50057.0,1,0
199,387,58,87644.0,4,1
200,404,20,19376.0,3,0
201,45,27,36384.0,2,1
202,392,65,31780.0,2,0
203,379,60,111644.0,1,0
204,305,26,44327.0,2,1
205,31,81,53353.0,1,0
206,46,58,86441.0,3,3
207,79,42,52138.0,2,2
208,138,25,29498.0,1,0
209,383,21,189764.0,1,2
210,5,32,33419.0,2,0
211,104,46,31222.0,1,1
212,336,36,53988.0,1,0
213,303,38,42875.0,2,2
214,117,47,31685.0,4,1
215,6,18,69643.0,1,0
216,88,38,51715.0,2,2
217,365,37,126961.0,1,0
218,222,35,31818.0,1,0
219,168,41,84321.0,1,1
220,227,41,43633.0,1,0
221,410,41,33721.0,1,0
222,230,31,92846.0,1,1
223,364,42,34262.0,2,0
224,109,45,55975.0,2,1
225,257,35,73465.0,1,0
226,254,47,106536.0,1,0
227,109,40,112725.0,1,1
228,74,50,72225.0,1,0
229,228,44,56620.0,2,1
230,418,33,70731.0,2,2
231,84,26,49192.0,1,1
232,381,58,44880.0,4,0
233,344,57,73349.0,1,2
234,127,33,49251.0,1,1
235,318,28,51867.0,1,1
236,270,53,185437.0,1,1
237,36,27,44813.0,5,2
238,267,54,25710.0,1,0
239,412,30,36113.0,1,1
240,63,47,47999.0,1,0
241,359,42,40025.0,1,1
242,411,54,58818.0,2,3
243,418,30,86582.0,2,1
244,240,18,49634.0,2,0
245,187,33,20536.0,3,0
246,10,43,76212.0,1,1
247,203,26,108820.0,4,1
248,333,37,104765.0,2,3
249,228,22,49995.0,1,1
250,168,23,57650.0,4,3
251,268,46,85676.0,1,2
252,238,18,79243.0,1,1
253,12,56,152365.0,1,3
254,272,40,87992.0,2,2
255,336,42,60284.0,1,1
256,146,43,58028.0,1,2
257,75,47,50886.0,3,2
258,143,52,56110.0,2,0
259,312,44,40467.0,1,2
260,161,43,50927.0,1,0
261,186,28,45949.0,5,0
262,238,51,62048.0,2,1
263,19,30,56793.0,2,0
264,372,67,37512.0,1,1
265,203,34,26094.0,2,1
266,212,39,35034.0,1,1
267,250,42,57805.0,1,1
268,336,37,28126.0,2,2
269,420,45,52225.0,2,0
270,368,20,121906.0,2,1
271,363,31,30872.0,2,0
272,74,46,27832.0,1,0
273,255,46,43892.0,1,1
274,29,50,47208.0,1,0
275,112,35,46745.0,1,0
276,351,79,49262.0,3,0
277,407,42,63585.0,5,1
278,350,33,55562.0,1,0
279,120,38,54681.0,2,1
280,171,40,27865.0,1,1
281,269,26,58186.0,2,0
282,329,27,22245.0,4,0
283,359,63,31028.0,1,0
284,201,25,38158.0,3,1
285,34,43,50572.0,2,1
286,113,70,93834.0,3,1
287,55,33,18786.0,2,0
288,152,39,43666.0,1,1
289,341,27,35661.0,1,0
290,408,33,39183.0,1,0
291,283,39,70579.0,3,1
292,150,35,46020.0,4,3
293,35,44,43909.0,1,2
294,333,58,59900.0,2,0
295,61,42,19743.0,1,0
296,105,68,57763.0,1,1
297,370,41,54432.0,2,0
298,98,33,29162.0,2,1
299,236,37,42363.0,1,1
300,223,48,71786.0,2,1
301,318,42,20045.0,4,0
302,150,34,100262.0,2,3
303,336,33,58883.0,1,1
304,371,21,34945.0,1,2
305,117,46,69828.0,1,0
306,361,41,24371.0,1,1
307,314,42,43716.0,1,0
308,257,31,41162.0,1,0
309,96,52,35034.0,1,1
310,311,52,66135.0,3,2
311,402,18,32987.0,1,1
312,327,53,55078.0,1,3
313,13,29,69898.0,5,2
314,64,59,41306.0,2,0
315,187,44,51130.0,1,1
316,182,44,40866.0,3,0
317,149,29,49269.0,1,0
318,250,38,69499.0,2,1
319,380,18,60739.0,1,2
320,406,37,50718.0,1,1
321,352,36,26485.0,1,1
322,286,52,41984.0,2,0
323,299,51,29237.0,2,0
324,196,45,25591.0,1,3
325,262,58,50568.0,1,0
326,259,45,32514.0,1,0
327,169,51,90615.0,1,2
328,57,23,72860.0,4,1
329,309,48,69188.0,1,1
330,334,22,34375.0,2,0
331,5,34,24755.0,3,0
332,354,34,30439.0,2,0
333,312,30,44317.0,3,0
334,142,41,36630.0,1,1
335,384,43,25489.0,2,0
336,352,47,49997.0,4,1
337,182,39,67024.0,4,0
338,345,44,199465.0,3,1
339,176,38,57792.0,1,1
340,253,28,21543.0,2,0
341,175,19,42140.0,1,0
342,160,37,43861.0,2,1
343,152,18,37757.0,3,0
344,191,48,44929.0,1,0
345,174,31,88452.0,1,1
346,81,33,52777.0,2,1
347,311,32,19107.0,2,0
348,257,48,46523.0,4,2
349,388,62,65605.0,1,0
350,107,59,36710.0,2,0
351,329,31,27305.0,2,1
352,366,57,46152.0,1,0
353,5,18,43226.0,1,0
354,329,32,39952.0,2,0
355,187,40,42186.0,1,1
356,420,21,34938.0,3,0
357,202,24,83017.0,1,2
358,91,29,57536.0,2,1
359,130,40,61412.0,1,0
360,300,38,62420.0,2,2
361,38,44,42082.0,1,0
362,146,26,53819.0,4,0
363,368,47,35699.0,1,0
364,271,18,50768.0,4,1
365,41,42,38411.0,1,1
366,112,29,32861.0,1,0
367,349,33,39643.0,1,0
368,370,22,39175.0,1,3
369,346,22,57563.0,2,0
370,308,39,22377.0,2,0
371,301,44,68966.0,1,3
372,14,41,85002.0,2,2
373,110,32,45916.0,1,0
374,161,41,58823.0,1,1
375,53,35,42817.0,2,1
376,252,49,62639.0,1,2
377,277,45,50300.0,1,0
378,214,46,53975.0,1,1
379,126,18,64097.0,1,0
380,236,38,97917.0,2,0
381,78,31,47359.0,1,2
382,252,46,88948.0,1,1
383,213,47,33906.0,4,0
384,12,43,35837.0,1,0
385,336,50,34518.0,1,1
386,345,33,74890.0,1,3
387,17,32,63700.0,1,0
388,130,50,47979.0,2,0
389,119,36,72509.0,4,0
390,254,21,107117.0,4,1
391,362,18,50072.0,1,0
392,367,47,87634.0,1,1
393,119,37,169898.0,4,2
394,211,26,48322.0,2,0
395,77,47,76072.0,1,0
396,419,42,30827.0,1,0
397,119,50,90224.0,1,2
398,376,24,46225.0,1,3
399,9,25,47391.0,2,2
400,28,33,90195.0,3,2
401,388,32,33704.0,2,0
402,133,48,43807.0,1,1
403,237,42,38674.0,2,0
404,168,49,72363.0,1,1
405,83,37,94321.0,3,2
406,307,43,39852.0,2,0
407,51,22,91224.0,2,3
408,346,27,63661.0,1,1
409,398,67,75867.0,2,0
410,412,20,32542.0,1,1
411,187,24,32899.0,1,0
412,117,41,20109.0,1,0
413,1,51,34248.0,2,1
414,156,35,93699.0,2,0
415,415,55,27001.0,3,1
416,297,33,73557.0,1,1
417,415,41,59908.0,1,2
418,131,54,76929.0,2,1
419,9,47,21006.0,2,3
420,119,39,55468.0,1,0
421,49,35,40030.0,1,0
422,296,54,39595.0,2,0
423,311,45,36527.0,2,0
424,65,29,40887.0,1,0
425,158,62,41528.0,3,0
426,369,31,33148.0,2,0
427,387,38,25373.0,1,0
428,175,48,60535.0,1,1
429,170,29,33245.0,1,2
430,377,40,28343.0,1,0
431,80,43,34655.0,4,1
432,132,48,30249.0,1,1
433,169,46,40742.0,1,0
434,148,44,68225.0,4,0
435,357,41,57770.0,2,1
436,187,31,75463.0,1,0
437,34,38,42686.0,1,1
438,9,41,18000.0,2,1
439,166,28,46824.0,5,2
440,42,38,45390.0,2,0
441,12,46,46263.0,1,0
442,5,40,61329.0,5,2
443,306,30,50611.0,1,3
444,27,26,75049.0,1,1
445,233,54,25912.0,1,0
446,348,18,29736.0,1,0
447,259,49,97151.0,1,0
448,77,30,50326.0,1,0
449,205,24,25349.0,1,0
450,359,31,77841.0,1,0
451,382,50,37670.0,1,0
452,263,30,62446.0,1,1
453,310,18,73067.0,3,1
454,365,49,96493.0,2,1
455,110,32,67668.0,2,2
456,67,59,20535.0,1,0
457,379,32,53431.0,3,1
458,7,48,76974.0,1,0
459,212,38,27130.0,3,0
460,215,26,54564.0,3,1
461,81,44,50673.0,2,0
462,156,55,42184.0,5,0
463,326,36,35084.0,3,1
464,242,18,90899.0,1,1
465,91,48,69159.0,4,1
466,312,62,63608.0,2,0
467,90,33,58449.0,1,0
468,386,19,18500.0,1,0
469,90,55,67035.0,2,2
470,170,18,56145.0,1,2
471,331,48,39359.0,1,1
472,195,28,25072.0,1,0
473,263,44,25458.0,2,1
474,68,21,64118.0,1,0
475,64,41,58233.0,1,0
476,362,71,35682.0,1,0
477,359,44,43538.0,2,2
478,33,36,30607.0,5,1
479,255,48,48732.0,2,1
480,117,18,41967.0,4,0
481,6,36,89062.0,4,1
482,163,36,99876.0,2,1
483,158,75,53500.0,1,0
484,130,64,32707.0,4,0
485,124,27,74814.0,1,2
486,336,41,52457.0,1,0
487,135,18,81256.0,1,3
488,194,47,60835.0,1,0
489,250,24,50013.0,3,2
490,293,36,67210.0,1,2
491,408,21,38163.0,2,1
492,161,25,78482.0,1,1
493,42,40,65675.0,1,1
494,172,28,57110.0,1,3
495,84,26,66317.0,1,0
496,397,47,34695.0,1,0
497,291,31,61907.0,1,3
498,289,40,62190.0,1,3
499,185,49,24053.0,1,1
500,326,40,52782.0,2,1
501,279,39,45126.0,1,2
502,8,18,159390.0,1,0
503,90,32,35137.0,1,0
504,222,18,48970.0,1,1
505,366,62,61192.0,1,1
506,298,36,45522.0,3,0
507,92,38,115141.0,1,0
508,102,31,31228.0,3,0
509,331,42,41093.0,1,0
510,88,36,49695.0,4,1
511,249,43,33221.0,3,0
512,14,62,36036.0,1,2
513,116,37,40481.0,2,0
514,219,33,38761.0,2,1
515,64,48,47874.0,1,1
516,73,51,28231.0,3,2
517,301,34,46484.0,1,1
518,97,47,89365.0,2,3
519,399,31,67178.0,1,0
520,53,61,27880.0,1,2
521,198,38,83264.0,4,1
522,336,35,33422.0,2,0
523,7,60,69576.0,1,2
524,305,24,44095.0,2,0
525,215,46,28047.0,1,0
526,398,38,133416.0,3,1
527,142,28,45320.0,3,0
528,1,25,32443.0,2,0
529,261,58,44711.0,2,1
530,374,21,70869.0,1,1
531,17,32,45982.0,3,3
532,43,41,56761.0,2,0
533,274,43,51537.0,1,1
534,126,56,29115.0,1,0
535,226,22,34924.0,1,2
536,209,31,87299.0,1,0
537,326,48,73180.0,1,3
538,103,32,36918.0,2,3
539,51,42,70094.0,2,0
540,78,37,58241.0,5,2
541,339,38,31799.0,3,0
542,255,63,47356.0,1,0
543,419,23,23866.0,1,0
544,405,31,60950.0,4,2
545,391,18,27445.0,1,0
546,395,56,25271.0,1,1
547,213,19,64059.0,1,0
548,172,44,81578.0,1,1
549,411,41,55411.0,1,1
550,266,26,94882.0,2,0
551,281,18,72467.0,1,2
552,148,22,52903.0,3,0
553,273,24,60788.0,1,1
554,397,36,66801.0,1,1
555,338,39,47910.0,1,1
556,217,44,32786.0,2,0
557,227,31,50189.0,1,1
558,100,33,71172.0,2,0
559,31,41,34401.0,4,1
560,194,25,34215.0,1,0
561,355,29,32425.0,4,2
562,239,46,60156.0,4,0
563,401,26,42534.0,2,3
564,26,35,60434.0,1,0
565,237,50,26726.0,2,2
566,279,57,25148.0,1,1
567,206,63,32995.0,1,0
568,129,39,37016.0,1,2
569,106,33,45682.0,1,3
570,324,41,106006.0,3,2
571,419,29,68604.0,1,0
572,22,43,33763.0,4,1
573,256,21,48185.0,1,0
574,217,18,73578.0,3,1
575,242,40,87827.0,2,1
576,164,36,30242.0,1,1
577,166,21,31274.0,2,0
578,369,30,40569.0,1,1
579,109,45,40837.0,1,0
580,299,30,67807.0,3,1
581,96,49,36402.0,4,2
582,173,42,42470.0,4,0
583,309,63,26153.0,1,1
584,416,44,25847.0,4,1
585,379,47,56863.0,4,0
586,148,42,35987.0,5,1
587,101,18,53717.0,2,0
588,198,24,91141.0,1,1
589,379,27,26105.0,1,2
590,367,45,62860.0,1,2
591,157,24,93297.0,1,0
592,402,35,35301.0,1,0
593,144,31,101987.0,1,1
594,363,51,136402.0,2,2
595,285,56,64513.0,1,1
596,293,35,43359.0,1,0
597,317,66,48430.0,3,2
598,298,40,34670.0,2,0
599,206,18,30411.0,1,0
600,159,30,78244.0,2,0
601,182,39,117477.0,1,3
602,262,38,56521.0,1,0
603,64,53,46772.0,2,3
604,273,36,47584.0,1,1
605,170,45,31831.0,1,1
606,378,50,63914.0,2,1
607,314,51,20501.0,2,0
608,347,39,42399.0,1,0
609,279,60,25766.0,1,0
610,189,26,74793.0,3,0
611,78,49,37880.0,1,1
612,99,41,34758.0,2,1
613,313,36,84326.0,2,1
614,319,19,44118.0,2,1
615,154,25,147559.0,2,0
616,16,41,29500.0,2,0
617,329,33,72576.0,2,1
618,233,56,65988.0,2,1
619,256,44,75524.0,3,2
620,8,22,39276.0,1,0
621,373,33,95651.0,1,0
622,136,35,41800.0,5,0
623,92,36,57424.0,1,1
624,33,18,146543.0,1,3
625,163,27,55122.0,3,3
626,360,31,26287.0,2,1
627,59,43,42053.0,1,0
628,104,39,60790.0,1,1
629,370,30,51400.0,1,0
630,240,21,75909.0,2,1
631,401,35,51764.0,1,3
632,373,58,74698.0,3,2
633,4,63,53981.0,1,2
634,261,60,44370.0,1,0
635,40,31,45204.0,2,1
636,135,54,35715.0,1,2
637,234,41,36972.0,2,0
638,225,54,48761.0,1,0
639,416,49,45678.0,1,0
640,267,49,38122.0,1,0
641,395,43,39065.0,1,0
642,123,30,51558.0,1,2
643,79,36,83243.0,2,1
644,245,30,22154.0,2,0
645,399,25,30584.0,1,1
646,28,40,40954.0,1,0
647,31,41,56860.0,3,2
648,267,41,35679.0,2,0
649,337,23,55196.0,3,0
650,154,56,37231.0,2,2
651,138,47,95212.0,1,1
652,329,45,51440.0,3,0
653,93,57,58828.0,2,0
654,247,18,27998.0,1,0
655,1,60,28711.0,1,0
656,359,26,19029.0,2,1
657,176,30,96931.0,2,0
658,394,41,40513.0,1,2
659,11,54,47398.0,1,0
660,50,49,67464.0,2,2
661,364,28,62635.0,1,1
662,213,25,25464.0,2,1
663,22,18,44909.0,4,1
664,313,51,47613.0,1,3
665,113,28,42843.0,4,1
666,259,48,61513.0,2,0
667,294,23,60879.0,1,0
668,234,29,112640.0,3,2
669,75,31,38420.0,2,0
670,415,27,34410.0,2,0
671,319,43,50402.0,2,0
672,307,27,79353.0,3,3
673,97,41,80193.0,3,2
674,18,43,66463.0,1,0
675,227,26,65207.0,1,1
676,253,44,86227.0,1,2
677,389,55,37823.0,1,1
678,322,53,36190.0,2,0
679,230,62,77802.0,1,2
680,167,76,55978.0,1,0
681,393,34,37734.0,1,1
682,401,60,45422.0,2,1
683,105,44,27820.0,4,0
684,286,30,25208.0,1,0
685,18,51,55357.0,2,1
686,249,18,53995.0,3,0
687,182,46,34029.0,1,1
688,417,40,20520.0,2,2
689,20,22,59040.0,5,1
690,25,29,31809.0,1,0
691,352,40,68727.0,2,0
692,197,28,60487.0,1,0
693,174,31,64028.0,2,1
694,178,30,51027.0,1,0
695,305,18,52603.0,1,0
696,213,37,43602.0,1,1
697,36,66,38503.0,1,0
698,52,33,31810.0,3,0
699,146,49,102797.0,1,0
700,410,18,35673.0,1,1
701,140,51,57441.0,3,2
702,397,34,27913.0,1,1
703,366,26,29702.0,4,1
704,155,31,39676.0,2,2
705,282,50,38615.0,1,1
706,70,42,40785.0,1,1
707,235,30,55471.0,2,1
708,377,42,18000.0,1,0
709,243,30,52430.0,2,0
710,109,55,29523.0,4,0
711,359,36,107580.0,1,1
712,167,47,30701.0,1,0
713,377,22,67315.0,1,1
714,274,54,36474.0,1,2
715,412,18,63080.0,1,1
716,38,69,77496.0,1,3
717,236,59,65677.0,2,0
718,256,37,67971.0,1,1
719,23,69,25111.0,1,0
720,296,32,55155.0,4,1
721,162,50,61685.0,1,2
722,335,43,37157.0,1,0
723,419,34,40168.0,1,2
724,189,38,99584.0,1,2
725,368,46,79531.0,4,2
726,273,38,87818.0,2,1
727,417,63,87951.0,2,1
728,149,18,52000.0,4,0
729,348,55,53422.0,2,1
730,120,40,21065.0,1,0
731,259,31,43079.0,4,1
732,322,37,54100.0,3,3
733,197,32,59982.0,2,1
734,158,21,86877.0,4,0
735,293,29,48661.0,3,0
736,20,18,47487.0,1,0
737,345,32,46059.0,1,1
738,67,28,49517.0,1,1
739,112,45,28827.0,1,0
740,13,33,149189.0,1,1
741,383,34,28514.0,1,1
742,405,46,61889.0,1,1
743,90,32,89711.0,5,0
744,216,37,57094.0,1,0
745,180,45,53071.0,4,0
746,2,41,62679.0,2,3
747,175,69,40132.0,1,0
748,166,62,40152.0,1,0
749,333,35,24502.0,2,0
750,289,41,109993.0,1,2
751,135,45,57791.0,2,1
752,126,18,22305.0,4,1
753,122,24,37493.0,1,3
754,198,38,32760.0,2,3
755,330,29,26972.0,1,0
756,73,21,59094.0,1,2
757,353,34,42513.0,1,0
758,148,20,52995.0,2,2
759,221,20,46365.0,3,0
760,273,43,74861.0,5,0
761,123,37,62727.0,1,3
762,11,29,61948.0,1,2
763,325,31,72167.0,4,1
764,378,20,87029.0,5,1
765,374,42,55663.0,1,0
766,55,47,18000.0,1,0
767,241,18,81703.0,1,2
768,262,25,24421.0,1,1
769,223,49,61823.0,2,1
770,3,42,142787.0,1,3
771,143,18,31777.0,1,1
772,305,46,54616.0,2,0
773,99,18,38339.0,2,1
774,274,70,95539.0,2,0
775,84,37,40069.0,2,0
776,341,39,38784.0,1,2
777,11,52,33836.0,1,0
778,197,61,93991.0,3,2
779,385,49,33310.0,1,1
780,54,25,41460.0,2,0
781,252,18,45592.0,1,1
782,168,59,69447.0,1,3
783,164,49,24941.0,1,2
784,83,28,20928.0,1,0
785,109,37,50412.0,2,0
786,96,26,43461.0,2,0
787,296,30,36209.0,1,1
788,257,43,95994.0,2,0
789,98,36,117433.0,1,0
790,141,38,56006.0,2,1
791,332,31,67036.0,3,0
792,357,31,47854.0,1,1
793,247,28,36730.0,1,0
794,5,31,38331.0,1,1
795,388,37,44502.0,2,1
796,95,21,32109.0,1,2
797,315,38,39811.0,1,1
798,414,45,33674.0,1,0
799,25,43,40901.0,1,0
800,220,50,39560.0,2,3
801,142,46,27691.0,2,1
802,162,39,45804.0,1,0
803,217,28,55148.0,1,0
804,42,37,37949.0,1,0
805,264,31,52448.0,2,0
806,183,58,48644.0,1,1
807,331,41,47322.0,2,0
808,233,32,62980.0,1,3
809,197,41,65842.0,4,1
810,103,29,54556.0,1,2
811,74,73,72485.0,3,0
812,26,37,85496.0,2,2
813,159,48,28582.0,3,3
814,93,47,30507.0,3,1
815,167,48,76694.0,2,2
816,159,33,21849.0,1,1
817,171,22,37533.0,4,0
818,251,26,35078.0,2,0
819,121,48,45285.0,1,1
820,69,35,31849.0,3,0
821,25,58,81777.0,2,0
822,45,48,54727.0,5,0
823,162,66,97169.0,1,0
824,239,48,144903.0,1,2
825,49,35,27110.0,5,0
826,58,35,39041.0,1,1
827,414,48,76741.0,3,1
828,236,30,29148.0,1,0
829,390,19,50756.0,1,0
830,276,41,54185.0,1,1
831,211,31,33614.0,1,1
832,82,51,50379.0,1,1
833,407,46,29054.0,4,0
834,353,35,30472.0,3,3
835,158,38,79810.0,1,1
836,370,35,78637.0,2,0
837,337,37,25919.0,1,1
838,267,19,35857.0,2,0
839,357,21,62379.0,4,1
840,315,70,42833.0,1,0
841,62,28,101617.0,2,2
842,324,33,18000.0,2,1
843,385,43,19913.0,4,0
844,397,52,83957.0,1,2
845,251,48,56780.0,1,0
846,19,46,38801.0,1,1
847,136,45,45666.0,3,0
848,93,35,28692.0,1,1
849,231,18,53036.0,1,1
850,383,41,64124.0,1,0
851,346,33,73165.0,1,1
852,226,51,70954.0,2,0
853,168,60,50471.0,4,0
854,269,47,45754.0,1,0
855,108,43,45889.0,1,1
856,227,30,54292.0,2,0
857,334,28,39240.0,3,0
858,415,51,46609.0,2,1
859,188,42,26350.0,1,1
860,41,61,63811.0,1,2
861,263,29,37899.0,1,1
862,1,31,31604.0,2,2
863,262,47,34667.0,2,0
864,187,42,55795.0,2,1
865,149,42,66637.0,3,2
866,83,20,48237.0,4,0
867,206,29,37906.0,2,1
868,294,38,45940.0,1,0
869,59,18,38603.0,1,1
870,153,39,55232.0,1,2
871,193,42,78524.0,2,0
872,65,56,34031.0,2,0
873,275,68,24752.0,1,1
874,111,54,25671.0,2,0
875,41,42,98949.0,1,2
876,213,23,49250.0,1,0
877,103,25,98301.0,3,2
878,41,41,32814.0,1,0
879,235,32,75495.0,1,2
880,371,50,53659.0,3,2
881,306,40,230200.0,1,2
882,46,40,21266.0,2,0
883,38,35,64736.0,1,2
884,323,34,50640.0,4,1
885,348,37,41339.0,2,1
886,40,54,49285.0,1,0
887,338,36,171534.0,2,1
888,94,25,51506.0,2,1
889,245,27,80646.0,1,1
890,379,29,33996.0,4,2
891,407,61,89081.0,1,1
892,3,48,49391.0,1,2
893,62,36,83144.0,1,1
894,284,45,72516.0,1,0
895,36,38,90298.0,3,1
896,152,50,38638.0,1,0
897,347,47,81343.0,2,1
898,47,34,101356.0,3,1
899,108,48,37055.0,1,3
900,146,21,32175.0,4,1
901,69,33,73484.0,2,1
902,357,50,41803.0,1,0
903,412,48,18888.0,1,0
904,333,18,41936.0,1,0
905,321,58,69982.0,1,0
906,372,24,57697.0,1,1
907,360,39,64025.0,1,1
908,24,38,47383.0,3,1
909,18,44,47537.0,3,0
910,192,18,93573.0,1,1
911,17,52,63707.0,2,1
912,329,39,80345.0,5,0
913,208,45,74498.0,1,0
914,299,46,26349.0,1,0
915,288,18,35393.0,1,2
916,15,41,44886.0,3,0
917,384,28,34188.0,1,1
918,35,41,78855.0,2,1
919,48,32,47823.0,1,0
920,394,52,45850.0,1,1
921,80,36,78285.0,1,2
922,12,65,58606.0,4,1
923,303,32,45455.0,1,0
924,285,56,32280.0,1,1
925,245,44,27214.0,1,2
926,304,49,49245.0,2,0
927,1,62,102087.0,2,0
928,415,39,47090.0,3,0
929,332,40,37218.0,1,0
930,313,66,40614.0,1,0
931,293,30,37244.0,3,2
932,85,38,41740.0,1,0
933,254,31,86218.0,2,3
934,400,38,77070.0,1,2
935,12,25,62043.0,3,1
936,116,47,69922.0,2,0
937,219,49,69811.0,1,1
938,262,30,120328.0,3,2
939,40,27,28306.0,3,0
940,411,41,72643.0,2,2
941,68,47,42592.0,4,0
942,393,42,97374.0,2,1
943,279,34,54721.0,1,2
944,302,28,61271.0,3,1
945,96,55,35032.0,1,0
946,343,50,39778.0,2,0
947,241,18,41330.0,2,2
948,331,40,34940.0,2,0
949,116,51,62554.0,2,2
950,326,50,26258.0,2,1
951,157,48,56518.0,1,3
952,210,50,43605.0,1,0
953,298,40,55189.0,1,3
954,380,41,23274.0,2,1
955,237,35,49206.0,1,0
956,171,43,36517.0,5,1
957,106,31,36557.0,5,0
958,251,31,35032.0,1,0
959,330,52,40940.0,2,2
960,54,40,39734.0,5,1
961,198,50,56325.0,2,2
962,207,41,50026.0,1,3
963,140,43,56788.0,1,0
964,385,34,18000.0,1,0
965,197,24,51227.0,1,2
966,365,41,55081.0,2,2
967,16,61,50613.0,2,0
968,17,33,24750.0,1,0
969,220,41,64105.0,2,0
970,232,54,18705.0,1,0
971,184,36,90753.0,1,2
972,187,32,52032.0,3,0
973,333,44,19919.0,1,0
974,133,18,103483.0,3,0
975,358,24,56920.0,3,3
976,287,34,33869.0,1,2
977,123,39,54479.0,1,0
978,237,34,28204.0,2,0
979,288,67,72658.0,2,0
980,393,53,66447.0,1,0
981,393,25,67771.0,1,1
982,201,44,37989.0,1,0
983,254,41,34758.0,1,2
984,326,47,45564.0,3,2
985,384,33,35235.0,1,1
986,226,30,41320.0,1,2
987,400,41,71421.0,4,1
988,379,20,63962.0,2,0
989,78,18,35786.0,2,2
990,117,40,51873.0,1,0
991,128,38,26263.0,1,0
992,32,18,21800.0,2,1
993,49,18,29742.0,2,1
994,244,27,46290.0,1,0
995,58,51,42709.0,1,0
996,313,25,78152.0,2,2
997,27,42,33833.0,1,0
998,158,21,53981.0,2,1
999,172,62,64367.0,2,0
1000,266,31,64580.0,1,0
1001,385,34,46514.0,1,1
1002,376,23,77355.0,2,2
1003,127,41,61803.0,1,0
1004,398,41,49405.0,1,0
1005,374,25,39471.0,2,1
1006,137,40,36910.0,2,0
1007,166,52,29562.0,1,3
1008,11,42,60380.0,1,1
1009,187,29,25942.0,1,0
1010,130,52,60675.0,2,2
1011,183,60,68009.0,1,1
1012,161,36,52019.0,1,0
1013,80,68,41534.0,1,0
1014,313,33,44657.0,1,0
1015,261,51,33676.0,3,0
1016,22,23,61615.0,4,1
1017,310,21,56553.0,1,3
1018,281,32,18774.0,1,2
1019,58,59,80789.0,1,1
1020,144,37,96365.0,1,1
1021,213,46,18000.0,1,0
1022,196,39,111336.0,1,1
1023,375,20,51668.0,1,3
1024,224,51,32555.0,2,0
1025,327,38,31394.0,1,2
1026,329,56,40471.0,3,2
1027,145,47,25602.0,1,0
1028,38,55,39978.0,1,2
1029,294,19,60745.0,2,0
1030,41,67,65180.0,2,0
1031,339,54,59537.0,1,0
1032,187,32,51108.0,1,1
1033,90,40,31927.0,1,0
1034,11,46,84182.0,3,1
1035,185,32,71141.0,1,0
1036,387,39,36674.0,4,0
1037,394,24,49974.0,1,0
1038,180,22,62106.0,2,1
1039,20,38,118558.0,3,2
1040,348,18,43585.0,1,0
1041,162,47,54854.0,2,0
1042,386,26,50086.0,1,0
1043,70,50,75352.0,1,1
1044,365,31,70451.0,1,3
1045,88,56,56656.0,1,1
1046,332,51,85255.0,2,1
1047,410,30,18056.0,1,1
1048,37,39,30708.0,1,0
1049,115,55,42656.0,4,3
1050,36,18,54498.0,1,0
1051,372,33,29601.0,2,3
1052,341,59,73108.0,1,2
1053,110,27,42587.0,1,3
1054,160,50,68550.0,3,1
1055,34,38,37056.0,1,0
1056,237,32,56699.0,3,0
1057,67,26,72712.0,1,1
1058,149,57,53495.0,1,0
1059,167,29,80557.0,1,0
1060,1,25,58876.0,1,0
1061,163,36,22433.0,4,0
1062,366,19,30807.0,3,0
1063,318,29,45752.0,1,2
1064,13,31,47881.0,1,1
1065,197,42,43041.0,1,0
1066,172,43,77138.0,5,0
1067,218,26,23335.0,2,0
1068,391,40,18000.0,1,0
1069,244,23,61820.0,1,1
1070,415,45,58097.0,1,1
1071,198,52,54955.0,4,2
1072,353,39,32129.0,1,0
1073,390,50,33981.0,1,0
1074,315,58,23464.0,1,1
1075,72,28,71789.0,4,0
1076,173,18,52911.0,1,1
1077,37,28,31171.0,1,0
1078,57,18,88946.0,2,0
1079,316,67,44830.0,1,1
1080,408,33,42064.0,1,0
1081,52,21,64282.0,1,0
1082,7,42,41393.0,2,1
1083,262,45,73402.0,2,1
1084,382,49,61842.0,3,1
1085,304,53,23782.0,3,0
1086,29,23,73320.0,3,1
1087,368,52,86680.0,2,0
1088,408,35,44482.0,1,1
1089,309,23,48800.0,1,1
1090,116,29,45965.0,1,1
1091,44,36,47444.0,2,0
1092,300,29,41093.0,1,0
1093,224,37,30036.0,2,2
1094,337,44,37762.0,1,3
1095,130,32,55912.0,1,0
1096,165,54,61970.0,1,0
1097,267,40,39165.0,3,1
1098,228,18,88066.0,1,1
1099,233,35,25848.0,4,0
1100,208,25,40525.0,4,1
1101,247,43,88645.0,4,1
1102,367,50,39516.0,1,3
1103,57,53,21914.0,1,2
1104,270,50,24250.0,1,0
1105,406,56,125452.0,5,0
1106,29,45,70772.0,2,3
1107,407,18,75782.0,4,2
1108,18,26,48155.0,1,1
1109,104,51,54446.0,1,1
1110,105,37,63783.0,2,1
1111,162,55,22629.0,2,2
1112,98,36,71103.0,4,1
1113,41,30,65831.0,2,0
1114,323,49,132812.0,2,1
1115,252,32,49195.0,4,1
1116,370,37,32144.0,1,0
1117,257,19,71018.0,2,2
1118,320,18,48162.0,1,1
1119,264,60,33737.0,1,0
1120,31,36,46868.0,1,0
1121,400,32,30427.0,1,1
1122,247,41,100475.0,1,0
1123,350,27,50952.0,1,2
1124,297,53,78923.0,4,1
1125,98,41,40625.0,1,0
1126,345,37,28184.0,4,0
1127,369,43,103858.0,4,2
1128,313,40,81607.0,3,1
1129,73,64,73932.0,3,0
1130,351,18,31279.0,1,0
1131,142,40,47528.0,2,1
1132,138,50,31531.0,2,1
1133,340,27,24876.0,1,0
1134,33,18,45074.0,2,0
1135,135,55,34783.0,1,0
1136,82,46,49506.0,2,1
1137,185,18,78327.0,3,0
1138,60,18,91782.0,1,2
1139,184,26,45008.0,3,0
1140,67,18,28780.0,1,0
1141,180,41,58306.0,4,0
1142,320,35,43617.0,1,1
1143,386,39,34455.0,1,1
1144,382,29,52549.0,2,1
1145,261,44,25009.0,4,0
1146,142,28,47877.0,1,1
1147,385,22,30207.0,1,3
1148,165,26,55183.0,1,1
1149,301,43,82752.0,3,1
1150,266,54,29270.0,1,0
1151,23,32,35979.0,1,3
1152,199,36,71881.0,4,0
1153,103,43,44663.0,3,2
1154,25,29,88591.0,1,1
1155,268,42,37811.0,2,2
1156,325,44,45962.0,1,0
1157,190,52,56287.0,1,0
1158,383,39,40096.0,5,0
1159,157,59,78677.0,1,0
1160,1,38,36846.0,3,1
1161,126,35,24914.0,2,0
1162,10,25,30752.0,1,2
1163,111,36,60429.0,2,0
1164,160,39,75087.0,1,1
1165,354,49,65652.0,1,0
1166,75,49,35587.0,1,1
1167,115,26,67324.0,3,2
1168,161,37,81864.0,1,3
1169,356,26,43772.0,1,0
1170,118,18,52844.0,4,3
1171,357,28,72324.0,1,3
1172,142,40,37290.0,1,0
1173,372,18,31962.0,4,0
1174,291,44,85093.0,1,3
1175,73,41,32848.0,3,0
1176,320,38,69036.0,1,0
1177,313,36,24105.0,1,0
1178,8,44,35518.0,2,1
1179,194,26,28997.0,3,0
1180,332,25,67082.0,2,3
1181,142,22,42112.0,1,0
1182,67,33,68747.0,3,0
1183,208,46,51305.0,1,0
1184,148,52,28819.0,1,2
1185,68,44,88321.0,2,1
1186,300,28,41022.0,4,1
1187,313,51,101030.0,2,0
1188,149,18,77128.0,1,1
1189,58,42,92070.0,1,1
1190,348,40,69214.0,2,2
1191,108,21,22928.0,3,0
1192,124,48,107519.0,4,2
1193,317,58,87767.0,2,1
1194,381,28,41234.0,1,0
1195,102,22,95563.0,3,1
1196,9,55,181772.0,1,3
1197,19,48,60782.0,1,0
1198,150,32,58183.0,1,1
1199,9,27,106095.0,1,1
1200,2,53,46143.0,4,1
1201,34,23,58264.0,2,1
1202,125,56,68384.0,2,2
1203,18,25,41310.0,1,1
1204,375,57,126150.0,1,0
1205,233,42,24423.0,1,0
1206,187,33,67500.0,1,0
1207,173,43,70996.0,2,2
1208,70,48,56414.0,2,1
1209,9,70,39741.0,1,2
1210,118,42,28129.0,1,3
1211,230,18,71697.0,2,1
1212,133,27,61862.0,1,2
1213,253,35,90032.0,1,1
1214,92,39,44175.0,1,2
1215,83,45,113716.0,1,0
1216,272,43,24480.0,2,0
1217,403,39,49706.0,2,0
1218,334,66,45852.0,1,1
1219,39,18,39032.0,4,0
1220,410,28,41156.0,1,0
1221,108,18,27781.0,1,0
1222,190,52,56630.0,1,1
1223,146,61,84239.0,2,2
1224,245,44,50145.0,1,2
1225,290,43,25955.0,1,1
1226,394,40,58591.0,3,3
1227,388,34,50700.0,1,2
1228,411,43,30227.0,1,0
1229,18,25,75561.0,2,2
1230,265,50,30030.0,2,1
1231,246,49,127556.0,3,1
1232,354,18,29777.0,3,0
1233,194,39,52621.0,1,1
1234,388,18,129510.0,3,3
1235,405,43,37578.0,2,0
1236,85,27,57315.0,1,0
1237,283,36,47085.0,3,3
1238,219,39,46549.0,1,0
1239,53,35,29973.0,1,0
1240,42,19,40081.0,1,0
1241,245,39,46890.0,1,2
1242,331,29,64033.0,2,3
1243,6,46,67403.0,3,0
1244,417,44,35489.0,1,1
1245,380,40,33166.0,2,0
1246,226,30,45728.0,3,0
1247,39,24,102225.0,1,0
1248,121,47,71480.0,2,1
1249,399,33,57984.0,1,1
1250,277,32,155874.0,2,3
1251,194,52,29644.0,1,0
1252,78,37,51586.0,4,1
1253,314,27,31607.0,2,1
1254,323,33,40397.0,4,2
1255,29,47,43894.0,1,3
1256,319,40,112078.0,4,2
1257,175,40,51575.0,1,1
1258,112,41,45049.0,3,0
1259,388,22,56868.0,2,1
1260,41,40,28461.0,2,0
1261,380,23,43131.0,3,0
1262,16,41,78953.0,1,1
1263,13,48,38892.0,4,3
1264,277,24,73448.0,5,2
1265,375,43,46889.0,1,1
1266,327,51,83870.0,1,2
1267,407,42,39950.0,1,0
1268,307,18,38504.0,1,0
1269,82,32,91244.0,4,2
1270,243,64,46165.0,1,1
1271,408,62,76408.0,1,3
1272,305,34,44791.0,1,0
1273,19,38,36841.0,1,0
1274,243,59,51696.0,3,1
1275,359,33,46577.0,3,0
1276,248,40,41739.0,5,0
1277,329,40,84717.0,1,1
1278,164,23,75205.0,2,0
1279,367,61,45498.0,1,0
1280,382,45,45726.0,1,1
1281,178,71,56021.0,1,2
1282,185,35,39851.0,2,0
1283,145,44,54863.0,3,1
1284,315,60,127522.0,4,2
1285,378,29,42602.0,3,0
1286,195,52,105703.0,1,1
1287,213,46,24808.0,4,0
1288,103,58,34166.0,2,0
1289,310,28,48933.0,1,2
1290,325,36,41135.0,2,1
1291,86,41,61643.0,1,3
1292,282,28,35151.0,1,1
1293,122,29,36545.0,1,0
1294,246,53,40713.0,5,1
1295,298,55,55186.0,1,0
1296,124,35,72395.0,1,1
1297,15,51,60103.0,3,0
1298,400,30,104611.0,2,0
1299,75,53,88125.0,1,2
1300,244,24,35568.0,1,0
1301,266,48,49665.0,1,1
1302,166,26,61657.0,3,0
1303,162,78,51011.0,1,2
1304,25,26,34166.0,1,2
1305,175,47,62473.0,3,0
1306,223,22,69663.0,1,0
1307,34,38,46315.0,2,0
1308,285,40,62301.0,1,1
1309,279,67,71795.0,1,2
1310,279,18,50583.0,1,0
1311,420,27,58711.0,1,1
1312,84,50,35783.0,1,2
1313,4,54,71814.0,5,0
1314,252,48,130193.0,3,3
1315,418,49,30843.0,1,0
1316,30,41,72141.0,1,3
1317,365,46,61860.0,1,2
1318,151,34,73563.0,1,2
1319,254,25,45600.0,3,1
1320,139,52,52637.0,1,0
1321,325,18,42956.0,1,1
1322,221,47,64862.0,1,1
1323,215,49,25596.0,1,1
1324,194,26,133267.0,2,1
1325,23,36,55878.0,2,0
1326,135,20,48794.0,1,0
1327,377,42,52948.0,2,0
1328,118,21,55922.0,1,0
1329,105,57,85799.0,3,0
1330,75,47,20679.0,2,2
1331,206,69,53204.0,3,2
1332,309,49,98887.0,3,2
1333,290,84,34615.0,2,2
1334,118,24,33565.0,1,2
1335,9,34,63947.0,2,0
1336,90,18,38010.0,1,0
1337,382,48,76346.0,1,0
1338,200,25,45277.0,3,2
1339,301,27,47648.0,1,0
1340,220,18,37107.0,1,0
1341,280,40,48951.0,2,1
1342,102,52,26909.0,1,0
1343,7,28,112661.0,3,2
1344,315,57,23764.0,2,0
1345,30,38,66253.0,1,1
1346,405,25,40162.0,2,0
1347,356,28,88302.0,2,2
1348,213,18,59680.0,2,0
1349,103,26,65321.0,1,3
1350,28,31,61621.0,2,0
1351,366,33,51420.0,1,0
1352,278,18,43946.0,4,0
1353,90,25,71933.0,1,2
1354,389,47,18000.0,1,0
1355,81,32,38312.0,1,2
1356,42,22,18000.0,1,0
1357,138,43,37414.0,1,2
1358,254,50,18000.0,1,0
1359,6,64,61977.0,5,3
1360,24,46,67537.0,4,1
1361,402,45,45911.0,2,0
1362,210,27,59887.0,3,2
1363,218,31,46015.0,4,0
1364,346,38,43216.0,4,0
1365,316,46,111766.0,1,1
1366,271,27,19989.0,2,0
1367,82,52,39750.0,2,1
1368,198,42,55909.0,1,1
1369,377,34,55133.0,1,1
1370,370,40,56042.0,4,0
1371,124,46,51269.0,1,0
1372,397,28,41331.0,2,2
1373,264,34,66301.0,1,2
1374,365,41,61245.0,1,0
1375,373,48,31529.0,1,0
1376,162,43,165274.0,2,1
1377,18,32,24203.0,1,0
1378,321,61,45718.0,1,3
1379,120,33,52019.0,1,0
1380,390,33,34638.0,3,0
1381,161,37,111981.0,1,2
1382,230,36,33292.0,3,0
1383,271,39,39350.0,1,1
1384,40,18,31688.0,1,2
1385,244,30,67309.0,1,0
1386,419,26,85212.0,1,2
1387,190,48,82098.0,1,2
1388,364,18,55757.0,2,1
1389,361,52,43028.0,1,3
1390,220,38,41405.0,1,0
1391,346,35,40578.0,2,0
1392,59,35,65932.0,2,1
1393,414,62,44827.0,2,0
1394,341,61,44473.0,2,2
1395,317,26,118017.0,2,3
1396,186,35,37362.0,1,0
1397,328,36,48379.0,1,1
1398,341,41,29717.0,2,0
1399,382,41,22717.0,1,0
1400,167,44,41307.0,1,1
