id,ticket_id,passenger_id,bag_count,bag_weight,is_priority,oversize_flag
1,671,688,2,18.53,0,0
2,159,678,1,17.32,0,0
3,763,659,1,11.22,0,0
4,1618,497,1,10.33,0,0
5,1263,404,3,13.41,0,0
6,1613,750,3,23.55,0,0
7,180,1370,3,22.0,0,0
8,1401,427,1,15.16,0,0
9,406,287,1,11.23,0,0
10,838,1310,1,12.88,0,0
11,1727,249,1,19.07,0,0
12,44,1144,1,17.15,0,0
13,1231,1397,2,12.0,0,0
14,1246,570,1,7.38,0,0
15,1821,543,1,12.4,1,0
16,102,1078,1,10.64,0,0
17,809,200,1,14.62,1,0
18,768,1130,1,17.4,0,0
19,1756,1198,1,6.35,0,0
20,1726,1259,1,15.74,0,0
21,1834,379,1,18.73,0,0
22,64,1265,1,15.18,0,0
23,687,433,1,14.13,1,0
24,89,986,1,12.38,1,0
25,1348,653,1,17.27,0,0
26,1296,443,3,18.38,0,0
27,530,1066,2,13.5,0,0
28,1280,289,1,4.2,1,0
29,113,460,1,7.37,0,0
30,1418,168,2,12.53,0,0
31,1554,75,1,10.87,1,0
32,845,1304,1,11.38,0,0
33,1017,65,1,12.65,0,0
34,713,303,2,16.97,0,0
35,1616,126,2,14.82,1,0
36,1686,120,1,14.6,0,0
37,151,815,1,17.12,0,0
38,1458,307,2,16.74,0,0
39,1600,40,1,13.7,1,0
40,256,1390,1,13.92,0,0
41,897,304,1,14.25,0,0
42,1611,955,1,17.85,1,0
43,909,959,1,8.63,0,0
44,835,1306,1,12.62,0,0
45,1227,613,3,15.92,1,0
46,540,1295,1,14.17,0,0
47,971,480,2,15.14,0,0
48,1306,1237,1,14.24,1,0
49,585,1197,1,12.2,0,0
50,349,327,3,20.55,0,0
51,1616,126,1,16.82,0,0
52,1467,1200,2,12.01,1,0
53,74,863,1,10.35,0,0
54,1234,659,1,14.24,1,0
55,497,117,3,18.34,0,0
56,1677,1271,1,16.01,1,0
57,1720,363,3,13.89,0,0
58,961,84,1,17.43,0,0
59,781,904,1,9.38,0,0
60,1519,53,1,12.65,0,0
61,1572,1355,2,17.15,0,0
62,948,1344,1,15.79,0,0
63,1458,307,3,15.85,1,0
64,1819,794,1,15.13,0,0
65,1746,1028,1,13.92,0,0
66,453,508,2,8.95,0,0
67,1484,1284,3,11.09,0,0
68,585,1197,1,17.33,1,0
69,1670,136,1,17.23,0,0
70,7,792,2,17.08,0,0
71,1575,217,2,23.9,0,0
72,1409,247,3,15.48,0,0
73,1851,360,1,11.01,0,0
74,1565,892,1,14.15,0,0
75,1871,68,1,10.58,0,0
76,347,1150,1,12.51,0,0
77,1783,392,1,14.94,0,0
78,706,173,2,13.58,0,0
79,1124,270,1,11.78,0,0
80,334,1041,1,17.61,1,0
81,639,548,1,10.29,1,0
82,1404,1304,1,15.32,0,0
83,1586,398,2,9.65,0,0
84,1075,407,1,11.38,0,0
85,924,852,1,8.55,0,0
86,195,246,2,17.08,0,0
87,1799,385,2,13.77,0,0
88,1610,956,2,13.87,0,0
89,827,1266,1,13.27,0,0
90,1103,1186,3,14.04,0,0
91,1216,822,2,14.81,0,0
92,1870,59,1,8.05,1,0
93,1796,116,2,18.76,0,0
94,888,615,1,11.61,0,0
95,957,1046,1,9.57,1,0
96,721,1174,1,23.32,0,0
97,812,1395,1,15.7,0,0
98,662,436,2,8.99,1,0
99,1827,141,1,15.66,0,0
100,175,1025,1,13.12,0,0
101,1259,931,1,9.92,0,0
102,1871,68,2,12.76,0,0
103,724,397,1,18.04,0,0
104,100,259,1,13.42,0,0
105,465,1373,1,16.65,0,0
106,1580,571,1,13.62,0,0
107,708,1117,2,17.94,0,0
108,639,548,1,17.2,0,0
109,390,229,1,11.83,0,0
110,1325,174,1,12.54,1,0
111,707,813,2,13.67,0,0
112,293,1129,1,11.18,0,0
113,1437,653,1,9.35,1,0
114,454,871,1,10.61,1,0
115,333,247,2,16.48,0,0
116,1692,588,1,13.1,1,0
117,1091,447,1,11.73,0,0
118,768,1130,1,15.95,1,0
119,721,1174,1,15.54,0,0
120,580,883,1,19.32,0,0
121,1847,171,1,12.33,0,0
122,432,1152,2,11.02,1,0
123,699,514,1,12.01,0,0
124,1387,1322,1,11.02,0,0
125,1283,1235,1,11.49,0,0
126,145,640,1,22.32,0,0
127,971,480,2,13.75,0,0
128,131,929,1,12.02,1,0
129,1293,730,1,6.95,1,0
130,1816,2,1,6.48,1,0
131,490,550,2,16.83,1,0
132,902,1058,1,16.72,0,0
133,1042,371,1,13.63,0,0
134,732,530,1,12.75,0,0
135,151,815,1,13.5,0,0
136,1217,1081,1,16.88,0,0
137,1835,877,1,11.98,0,0
138,1691,651,1,8.39,0,0
139,937,565,2,18.64,0,0
140,54,216,1,15.06,0,0
141,1015,7,2,20.1,0,0
142,1604,1169,2,7.44,0,0
143,598,243,1,17.01,0,0
144,236,736,1,18.1,0,0
145,991,612,1,9.04,0,0
146,950,400,1,19.57,0,0
147,835,1306,2,11.99,0,0
148,957,1046,1,21.18,0,0
149,1119,314,1,18.64,0,0
150,375,635,1,15.82,0,0
151,646,1245,2,19.99,0,0
152,328,515,1,19.75,0,0
153,1171,183,1,16.35,0,0
154,188,519,1,15.29,1,0
155,1780,1147,2,15.17,0,0
156,669,1289,1,13.36,0,0
157,866,776,3,18.04,0,0
158,1131,1046,2,13.27,0,0
159,1368,398,1,10.73,0,0
160,804,620,2,15.65,1,0
161,1625,1372,2,9.62,1,0
162,1057,824,1,12.8,1,0
163,133,569,1,14.77,0,0
164,709,391,1,18.83,0,0
165,1892,262,1,14.87,0,0
166,433,42,2,14.09,0,0
167,1555,83,1,14.46,0,0
168,540,1295,1,14.75,0,0
169,992,924,1,13.16,1,0
170,580,883,1,21.04,0,0
171,101,642,3,23.15,1,0
172,1892,262,1,7.5,1,0
173,568,683,4,17.32,0,0
174,691,772,2,10.73,0,0
175,1227,613,1,17.42,0,0
176,106,197,1,12.88,0,0
177,663,405,1,16.46,0,0
178,348,896,3,15.07,1,0
179,1610,956,2,7.63,1,0
180,823,159,1,10.94,0,0
181,282,704,2,15.22,0,0
182,1225,435,2,13.56,0,0
183,475,915,1,13.89,0,0
184,696,1069,1,9.49,0,0
185,701,187,2,13.78,0,0
186,1532,328,3,8.97,0,0
187,1627,967,2,8.1,0,0
188,161,465,2,11.66,1,0
189,1490,920,1,15.21,0,0
190,1016,135,2,14.45,0,0
191,1210,1270,1,12.35,0,0
192,1024,1098,1,8.66,0,0
193,1370,412,2,12.89,0,0
194,1341,528,2,11.13,0,0
195,1713,487,2,11.49,1,0
196,255,886,2,11.13,0,0
197,12,127,1,16.22,1,0
198,469,193,2,14.56,0,0
199,62,1150,1,17.82,0,0
200,1738,1221,1,11.64,0,0
201,376,1313,2,22.92,0,0
202,602,1297,1,15.65,0,0
203,995,461,1,12.66,0,0
204,1165,963,3,14.67,0,0
205,1694,832,1,16.94,1,0
206,1683,12,3,23.41,0,0
207,676,112,1,17.67,0,0
208,1707,88,1,21.61,0,0
209,1399,1210,1,18.66,1,0
210,1833,1359,4,17.44,1,0
211,1755,779,1,7.16,0,0
212,1184,1331,1,20.22,0,0
213,567,392,2,12.08,1,0
214,880,1108,1,11.57,0,0
215,1523,1085,1,15.12,0,0
216,541,1044,2,13.54,1,0
217,697,649,2,20.59,0,0
218,517,595,1,14.76,0,0
219,1399,1210,1,16.4,1,0
220,28,353,1,12.15,0,0
221,1884,361,2,10.95,1,0
222,226,576,1,8.92,1,0
223,1641,994,1,12.86,0,0
224,1809,1064,1,11.57,1,0
225,154,269,1,12.11,1,0
226,1414,395,2,9.89,0,0
227,800,904,2,20.5,0,0
228,119,110,3,19.11,1,0
229,82,486,2,12.32,1,0
230,36,104,2,13.98,1,0
231,370,849,1,12.47,1,0
232,1161,1139,1,11.22,0,0
233,903,172,1,17.42,0,0
234,1205,695,1,13.22,0,0
235,1891,859,1,15.77,1,0
236,285,381,1,15.1,0,0
237,1019,439,3,19.96,1,0
238,508,65,3,16.93,0,0
239,917,1159,1,10.31,0,0
240,653,1016,2,12.79,1,0
241,155,856,1,20.52,1,0
242,771,831,1,17.82,0,0
243,87,520,3,19.75,0,0
244,689,470,2,19.72,0,0
245,725,1357,2,13.88,0,0
246,889,940,2,12.14,0,0
247,1688,1396,2,21.23,0,0
248,1355,180,1,10.25,0,0
249,1167,331,1,10.97,1,0
250,1311,168,1,15.88,0,0
251,472,255,1,13.28,0,0
252,498,179,1,12.97,0,0
253,1893,1197,2,10.92,0,0
254,1730,740,2,18.76,0,0
255,155,856,1,9.96,1,0
256,823,159,1,15.07,0,0
257,1525,379,1,14.01,0,0
258,10,276,2,6.94,0,0
259,314,202,1,19.23,0,0
260,860,54,1,15.83,0,0
261,510,11,1,9.73,1,0
262,1584,689,3,16.53,0,0
263,1161,1139,1,15.98,0,0
264,188,519,1,16.5,0,0
265,1439,743,3,19.57,0,0
266,597,359,2,19.61,0,0
267,353,403,1,10.36,0,0
268,753,1335,1,17.18,0,0
269,451,571,1,14.76,0,0
270,709,391,1,8.84,0,0
271,1007,1122,1,15.58,0,0
272,411,234,2,17.0,1,0
273,692,665,2,13.51,0,0
274,940,163,1,10.81,1,0
275,431,1182,3,19.4,0,0
276,64,1265,1,20.64,0,0
277,220,18,1,18.38,0,0
278,1768,323,1,11.95,0,0
279,1606,658,1,15.06,0,0
280,705,285,3,15.46,0,0
281,1760,431,2,13.35,1,0
282,145,640,2,17.51,1,0
283,1625,1372,1,17.09,0,0
284,101,642,1,17.04,1,0
285,1182,693,1,11.9,0,0
286,1735,437,1,16.76,1,0
287,1873,467,1,18.64,1,0
288,813,1340,2,12.85,1,0
289,1809,1064,1,17.5,0,0
290,175,1025,1,9.25,0,0
291,915,976,1,15.71,0,0
292,372,681,1,10.16,0,0
293,1307,1059,2,15.04,0,0
294,1098,1310,1,13.62,0,0
295,1557,664,2,20.91,0,0
296,325,404,2,19.96,0,0
297,974,875,1,13.34,0,0
298,1776,308,2,10.51,0,0
299,1437,653,1,10.41,0,0
300,1047,767,1,10.2,0,0
301,1441,684,1,8.94,0,0
302,1381,490,2,14.29,0,0
303,903,172,1,12.58,0,0
304,1453,1058,1,11.31,0,0
305,899,608,1,13.51,0,0
306,518,375,1,11.44,0,0
307,1423,1225,2,19.41,0,0
308,1763,1225,1,14.69,1,0
309,1599,520,1,11.59,0,0
310,1608,379,1,15.34,0,0
311,592,1218,1,11.97,0,0
312,1882,424,1,10.91,0,0
313,544,839,2,9.97,0,0
314,726,180,1,12.55,0,0
315,129,320,1,13.19,0,0
316,1822,988,2,15.86,0,0
317,560,1064,1,10.21,0,0
318,1429,757,3,17.64,0,0
319,452,807,3,19.78,0,0
320,1836,137,1,10.87,1,0
321,1867,827,1,14.91,0,0
322,1606,658,1,15.02,1,0
323,1277,625,1,9.83,0,0
324,1011,1373,3,19.74,1,0
325,772,1305,1,19.96,0,0
326,1211,405,3,15.0,0,0
327,405,712,1,11.41,0,0
328,721,1174,2,13.06,1,0
329,1461,74,1,15.27,1,0
330,1180,723,2,21.9,0,0
331,1611,955,2,15.08,0,0
332,932,1062,1,13.93,0,0
333,250,1017,1,16.63,0,0
334,88,419,1,15.49,0,0
335,866,776,1,11.31,1,0
336,1862,69,2,18.43,0,0
337,1215,350,2,18.14,0,0
338,1163,141,1,10.52,0,0
339,718,969,1,11.72,0,0
340,236,736,2,22.61,0,0
341,1484,1284,2,21.67,0,0
342,1822,988,1,13.93,1,0
343,608,354,2,13.74,0,0
344,1759,1373,3,19.75,0,0
345,947,1118,1,9.46,0,0
346,28,353,2,15.1,0,0
347,318,909,1,16.94,0,0
348,1420,167,2,14.55,0,0
349,1837,1100,2,20.38,1,0
350,1053,1160,2,13.25,0,0
351,218,262,2,6.45,0,0
352,1695,516,1,18.99,1,0
353,1843,978,1,14.4,0,0
354,1341,528,3,18.79,0,0
355,1462,658,1,18.28,0,0
356,1884,361,1,16.91,0,0
357,231,935,3,20.25,1,0
358,987,492,1,18.58,0,0
359,1040,520,1,13.85,0,0
360,1843,978,2,10.21,0,0
361,1150,888,1,14.08,0,0
362,99,95,1,14.59,0,0
363,327,891,3,12.9,1,0
364,509,1168,2,13.7,0,0
365,127,186,2,16.72,0,0
366,1608,379,1,15.14,0,0
367,1613,750,1,17.32,0,0
368,214,711,1,14.94,0,0
369,30,8,1,18.15,1,0
370,1158,290,2,9.44,0,0
371,290,1333,2,14.86,0,0
372,1777,1058,1,13.22,0,0
373,1092,916,1,14.73,0,0
374,119,110,1,9.73,0,0
375,1874,1281,1,13.39,1,0
376,1890,888,1,14.28,0,0
377,906,1179,1,16.85,0,0
378,436,317,1,17.66,0,0
379,223,675,1,15.03,0,0
380,1753,616,2,12.54,0,0
381,1462,658,2,4.65,0,0
382,967,1243,1,14.61,0,0
383,229,966,1,10.67,0,0
384,157,798,1,15.51,0,0
385,1887,119,1,18.44,0,0
386,1794,297,2,21.76,0,0
387,1350,432,1,12.54,0,0
388,764,140,3,10.6,1,0
389,321,940,3,19.56,0,0
390,17,1253,1,12.66,0,0
391,301,979,1,11.15,0,0
392,1897,873,1,9.1,1,0
393,433,42,4,15.97,0,0
394,1267,139,1,15.81,0,0
395,1295,1079,1,9.64,1,0
396,1784,1061,2,14.64,1,0
397,526,1115,2,13.17,0,0
398,1452,212,1,18.43,1,0
399,804,620,1,23.0,0,0
400,734,208,1,9.53,0,0
401,240,1383,1,9.86,0,0
402,15,1003,1,11.23,0,0
403,61,891,2,19.58,0,0
404,525,1179,1,13.36,1,0
405,1430,875,1,17.12,1,0
406,150,981,2,20.86,0,0
407,754,1121,1,14.52,0,0
408,1104,967,1,3.5,1,0
409,1739,152,1,7.98,0,0
410,190,223,3,13.97,0,0
411,127,186,1,14.91,1,0
412,378,8,1,15.0,1,0
413,336,1251,2,18.4,0,0
414,1782,411,3,18.99,0,0
415,392,1177,1,15.16,0,0
416,488,1333,1,12.4,0,0
417,463,395,1,14.09,0,0
418,1518,1100,3,13.97,1,0
419,1189,188,1,12.74,0,0
420,98,1245,1,12.07,1,0
421,635,924,2,17.65,0,0
422,1879,131,1,9.55,0,0
423,471,30,2,12.42,1,0
424,808,452,1,16.14,0,0
425,608,354,1,18.53,0,0
426,455,448,2,17.05,0,0
427,1350,432,1,10.62,0,0
428,567,392,1,13.12,1,0
429,1712,157,1,16.81,1,0
430,1783,392,1,13.27,0,0
431,1374,640,1,14.42,0,0
432,1514,542,1,10.78,0,0
433,467,258,1,11.02,0,0
434,1536,1159,1,14.82,0,0
435,1382,764,3,12.74,0,0
436,1094,998,1,12.59,0,0
437,792,837,1,15.83,0,0
438,229,966,2,15.64,0,0
439,190,223,2,13.03,0,0
440,657,1003,1,9.24,0,0
441,712,720,3,15.06,0,0
442,1288,166,1,18.83,0,0
443,604,879,1,15.2,1,0
444,1814,1096,1,14.73,0,0
445,1610,956,2,13.03,1,0
446,77,77,2,9.41,0,0
447,473,1246,1,14.77,0,0
448,284,269,1,12.81,0,0
449,1524,569,1,11.28,0,0
450,1095,466,3,17.19,0,0
451,483,727,1,17.83,0,0
452,96,92,2,11.17,0,0
453,1791,900,3,14.96,1,0
454,485,754,1,14.66,0,0
455,553,233,1,10.45,0,0
456,228,545,1,10.34,0,0
457,577,202,1,11.59,0,0
458,1276,921,1,15.5,0,0
459,481,1377,1,9.41,0,0
460,305,338,1,14.12,0,0
461,1294,28,1,7.26,0,0
462,1375,1340,1,17.98,0,0
463,1235,517,2,21.41,0,0
464,545,238,3,29.71,0,0
465,745,271,3,14.42,0,0
466,1173,636,2,13.36,0,0
467,986,1177,2,11.6,0,0
468,1384,953,1,12.8,0,0
469,825,849,1,11.03,0,0
470,57,673,1,19.0,0,0
471,943,1212,1,11.12,0,0
472,918,775,1,12.56,0,0
473,512,949,1,10.98,1,0
474,1304,294,1,10.29,0,0
475,957,1046,1,12.9,0,0
476,722,1234,1,12.73,0,0
477,411,234,1,14.65,0,0
478,1877,126,1,17.71,0,0
479,975,847,2,11.41,0,0
480,402,564,2,18.78,0,0
481,631,790,2,8.54,0,0
482,1803,188,1,16.54,1,0
483,266,378,1,14.04,0,0
484,1219,983,1,9.54,0,0
485,125,83,1,12.23,1,0
486,1145,542,2,15.47,0,0
487,1177,1106,3,22.92,0,0
488,609,663,2,11.97,0,0
489,1401,427,2,19.44,0,0
490,1173,636,2,14.75,0,0
491,425,1213,2,19.44,0,0
492,1599,520,1,16.33,0,0
493,741,1335,1,17.0,0,0
494,374,212,3,15.49,0,0
495,636,473,1,18.08,0,0
496,1485,1073,1,11.95,1,0
497,115,868,1,12.45,0,0
498,874,20,1,11.5,0,0
499,1801,69,1,15.49,1,0
500,1632,1164,2,16.06,0,0
501,610,773,1,17.28,0,0
502,874,20,1,11.49,0,0
503,120,236,1,12.05,0,0
504,630,192,2,7.01,0,0
505,1645,186,1,14.33,0,0
506,546,26,1,12.23,1,0
507,1140,1393,2,19.51,0,0
508,693,398,1,13.47,1,0
509,998,605,2,13.05,0,0
510,1571,1390,1,18.01,0,0
511,88,419,1,18.18,0,0
512,1342,56,1,14.0,0,0
513,717,633,1,8.38,0,0
514,874,20,1,17.24,0,0
515,700,434,2,8.94,0,0
516,441,585,2,13.01,0,0
517,1101,261,3,17.37,1,0
518,1025,995,1,10.73,0,0
519,291,847,3,12.77,1,0
520,581,368,2,18.93,0,0
521,640,535,1,15.91,0,0
522,1109,79,1,15.18,0,0
523,1341,528,1,17.27,1,0
524,1098,1310,1,20.03,0,0
525,678,1321,1,16.89,0,0
526,483,727,3,19.19,1,0
527,598,243,1,15.12,0,0
528,9,152,1,16.23,1,0
529,1268,580,1,11.29,0,0
530,1865,1000,1,15.25,0,0
531,1326,1303,2,13.12,0,0
532,722,1234,1,16.7,1,0
533,803,500,1,17.5,1,0
534,690,462,2,12.71,0,0
535,1383,1146,1,12.39,0,0
536,94,318,1,15.18,0,0
537,1118,791,2,16.51,0,0
538,323,489,1,10.71,1,0
539,610,773,1,10.35,0,0
540,406,287,2,6.11,0,0
541,1795,497,2,19.34,1,0
542,1003,433,1,10.67,0,0
543,924,852,1,10.14,1,0
544,12,127,1,17.58,1,0
545,744,1049,2,14.27,0,0
546,443,444,3,12.82,0,0
547,1654,765,1,16.78,0,0
548,538,1178,3,23.96,0,0
549,1850,452,2,16.11,0,0
550,6,899,1,12.5,0,0
551,994,518,1,10.57,0,0
552,1744,709,3,18.48,0,0
553,1626,182,2,15.45,0,0
554,1847,171,1,16.16,0,0
555,1863,548,1,16.23,0,0
556,1683,12,2,14.77,0,0
557,530,1066,2,16.14,0,0
558,849,923,2,13.78,1,0
559,1625,1372,1,13.22,0,0
560,626,260,1,11.83,0,0
561,19,52,1,10.02,1,0
562,558,568,1,13.07,0,0
563,1462,658,1,15.33,0,0
564,627,572,2,14.7,1,0
565,901,167,1,15.42,0,0
566,1377,155,1,17.44,1,0
567,1300,709,1,10.44,0,0
568,1287,1373,1,15.35,0,0
569,135,101,1,15.14,0,0
570,304,191,1,13.01,0,0
571,1873,467,1,9.12,0,0
572,535,26,3,17.87,1,0
573,905,561,4,19.73,0,0
574,1240,872,2,14.51,0,0
575,1049,979,1,9.71,0,0
576,1744,709,1,13.16,0,0
577,1574,124,2,9.97,0,0
578,1341,528,1,12.24,0,0
579,1318,1354,1,8.54,0,0
580,1506,1053,2,13.12,1,0
581,953,537,1,11.94,0,0
582,128,480,3,9.36,0,0
583,1457,799,3,15.41,0,0
584,1230,1104,1,11.27,0,0
585,368,1392,1,10.63,0,0
586,729,952,2,20.02,1,0
587,54,216,3,14.33,0,0
588,1276,921,1,13.28,0,0
589,711,1149,1,11.04,0,0
590,1844,121,1,15.35,1,0
591,1777,1058,3,16.34,0,0
592,833,551,1,13.45,0,0
593,567,392,1,14.69,0,0
594,678,1321,2,15.78,0,0
595,1048,398,1,16.47,0,0
596,1777,1058,1,13.45,0,0
597,491,23,1,22.25,1,0
598,1809,1064,3,23.08,1,0
599,1786,499,1,7.33,0,0
600,155,856,1,10.85,0,0
601,1495,933,1,18.07,1,0
602,448,859,2,14.36,0,0
603,1023,1101,2,11.43,0,0
604,548,598,1,16.98,1,0
605,320,814,1,9.79,1,0
606,83,1120,1,14.98,0,0
607,254,621,1,15.81,1,0
608,1411,779,1,10.17,1,0
609,1296,443,2,12.81,0,0
610,438,1229,1,9.05,0,0
611,277,898,1,12.51,0,0
612,671,688,1,19.09,0,0
613,1034,1011,1,11.34,0,0
614,948,1344,1,14.86,0,0
615,585,1197,2,19.01,0,0
616,1421,1061,2,20.15,0,0
617,142,610,1,12.03,0,0
618,1311,168,2,9.55,0,0
619,1871,68,1,12.09,0,0
620,1821,543,1,10.73,0,0
621,1320,245,1,8.56,0,0
622,840,106,1,14.0,0,0
623,312,710,2,8.96,0,0
624,816,1021,2,17.3,0,0
625,1234,659,1,12.19,0,0
626,1639,808,1,7.22,1,0
627,544,839,2,21.74,0,0
628,1290,937,2,15.23,0,0
629,1089,1142,1,15.99,1,0
630,1704,646,1,11.17,0,0
631,1548,569,1,16.24,0,0
632,1790,527,1,8.62,0,0
633,1518,1100,2,14.58,0,0
634,416,1311,3,16.33,0,0
635,926,731,3,19.65,0,0
636,877,429,1,4.74,0,0
637,1443,238,1,16.38,0,0
638,1350,432,1,16.6,0,0
639,1130,1399,1,3.5,0,0
640,172,453,1,15.15,1,0
641,1471,389,2,9.58,0,0
642,447,181,1,15.84,1,0
643,1810,75,2,20.28,0,0
644,1271,432,1,10.47,0,0
645,333,247,2,14.9,0,0
646,666,1265,1,15.72,0,0
647,257,1026,1,14.27,1,0
648,1772,492,1,13.51,0,0
649,371,847,1,7.69,1,0
650,216,575,1,11.1,0,0
651,1803,188,1,14.25,0,0
652,1100,575,2,13.71,1,0
653,1043,1385,1,9.68,0,0
654,1561,545,1,20.52,1,0
655,1087,1078,1,18.6,0,0
656,562,728,2,14.05,0,0
657,137,464,1,22.73,0,0
658,1107,1214,1,10.94,1,0
659,799,182,2,11.91,0,0
660,1529,1278,1,11.89,0,0
661,431,1182,1,20.34,1,0
662,140,665,2,14.01,1,0
663,1764,875,1,9.78,0,0
664,443,444,2,19.24,1,0
665,986,1177,1,19.56,0,0
666,1113,1122,2,17.78,0,0
667,1768,323,2,14.49,0,0
668,362,932,1,6.51,0,0
669,84,55,1,9.55,0,0
670,512,949,2,17.66,1,0
671,810,606,2,11.94,0,0
672,1385,289,1,13.26,0,0
673,1378,437,1,12.07,1,0
674,1841,512,3,10.46,0,0
675,1517,101,1,15.45,0,0
676,1739,152,2,13.89,0,0
677,1426,672,1,15.58,0,0
678,189,814,1,13.98,0,0
679,820,1171,2,15.5,0,0
680,1158,290,3,12.19,0,0
681,1853,1161,2,15.21,0,0
682,1127,196,2,10.0,0,0
683,287,1295,1,14.6,0,0
684,1858,922,2,19.87,1,0
685,393,37,2,19.06,0,0
686,1110,1156,1,17.38,0,0
687,571,991,1,14.96,0,0
688,719,577,2,18.85,0,0
689,796,702,1,18.44,0,0
690,666,1265,3,21.07,0,0
691,1025,995,1,17.45,0,0
692,365,1219,2,17.41,0,0
693,1057,824,3,17.5,0,0
694,123,525,1,12.47,0,0
695,1776,308,1,13.59,0,0
696,1657,38,1,16.07,0,0
697,44,1144,1,6.8,0,0
698,1246,570,2,9.39,0,0
699,1495,933,2,19.74,0,0
700,919,72,1,12.75,1,0
701,1882,424,2,18.74,1,0
702,1718,447,2,18.19,0,0
703,1154,1323,2,15.48,0,0
704,167,265,1,15.08,0,0
705,1689,1030,1,10.02,0,0
706,170,257,1,8.79,0,0
707,259,1078,1,11.23,0,0
708,374,212,1,13.1,0,0
709,304,191,1,8.29,0,0
710,1514,542,1,15.14,1,0
711,722,1234,1,13.85,0,0
712,1803,188,2,16.57,0,0
713,1289,66,1,14.77,0,0
714,1637,1342,3,12.81,1,0
715,1154,1323,2,16.97,0,0
716,309,827,1,16.1,1,0
717,1377,155,1,12.51,0,0
718,307,253,1,9.93,0,0
719,607,1061,2,15.42,0,0
720,698,1213,1,6.92,0,0
721,540,1295,1,10.4,0,0
722,707,813,1,8.35,1,0
723,271,1329,1,12.2,0,0
724,1302,1212,1,8.53,0,0
725,945,1156,1,17.8,1,0
726,1179,1285,1,9.76,0,0
727,78,290,1,13.0,0,0
728,1496,1043,2,12.79,0,0
729,868,1034,1,16.09,1,0
730,478,101,1,11.15,0,0
731,774,1356,1,10.65,0,0
732,1310,70,3,19.02,0,0
733,317,589,1,13.45,0,0
734,945,1156,1,12.83,0,0
735,1191,494,1,14.71,0,0
736,783,554,1,17.51,0,0
737,1208,597,1,19.4,0,0
738,949,1202,1,13.05,1,0
739,233,1161,1,11.2,1,0
740,1850,452,1,10.18,1,0
741,1502,626,2,16.78,1,0
742,1017,65,1,10.07,1,0
743,179,532,3,20.21,0,0
744,856,901,1,10.01,0,0
745,1035,172,1,14.35,0,0
746,1485,1073,1,16.42,1,0
747,108,861,2,15.31,0,0
748,341,545,2,16.11,0,0
749,1718,447,2,16.9,0,0
750,1040,520,1,8.49,0,0
751,541,1044,2,21.94,0,0
752,1668,351,1,14.07,1,0
753,503,818,1,15.38,0,0
754,681,1065,2,14.99,1,0
755,926,731,2,17.22,0,0
756,995,461,1,14.0,0,0
757,1746,1028,1,12.14,0,0
758,1067,1355,1,11.13,0,0
759,1443,238,1,9.99,1,0
760,1870,59,1,11.22,0,0
761,1287,1373,3,13.13,0,0
762,1569,1169,1,18.46,0,0
763,355,120,2,21.07,1,0
764,1517,101,1,15.0,0,0
765,263,757,1,16.45,0,0
766,794,395,3,14.74,1,0
767,1487,1218,2,19.99,1,0
768,896,768,3,20.47,1,0
769,477,81,1,12.83,0,0
770,117,261,2,15.46,0,0
771,1871,68,2,10.48,0,0
772,1057,824,2,15.82,1,0
773,1197,391,1,9.07,1,0
774,487,795,1,15.03,0,0
775,58,504,1,14.71,0,0
776,1727,249,1,14.68,0,0
777,743,1266,1,11.98,1,0
778,1294,28,1,9.94,1,0
779,1859,391,2,11.66,0,0
780,1698,1277,1,8.11,0,0
781,67,374,1,15.42,0,0
782,93,1263,4,18.39,1,0
783,992,924,2,18.09,1,0
784,1571,1390,2,14.63,0,0
785,382,353,1,13.08,0,0
786,666,1265,1,10.43,0,0
787,1334,209,1,7.7,1,0
788,1620,1323,1,19.49,0,0
789,1573,56,1,16.61,0,0
790,1431,362,3,15.97,0,0
791,235,429,1,10.38,0,0
792,627,572,2,8.27,0,0
793,609,663,3,15.28,0,0
794,1382,764,3,21.15,0,0
795,1704,646,2,16.31,0,0
796,123,525,1,12.31,0,0
797,550,144,1,5.74,0,0
798,1807,371,2,16.74,1,0
799,1330,135,2,14.41,0,0
800,96,92,2,20.48,0,0
801,649,850,1,15.24,0,0
802,260,933,2,9.65,0,0
803,504,911,1,15.87,1,0
804,959,479,1,10.24,0,0
805,1747,1362,1,18.72,0,0
806,578,1105,3,16.17,1,0
807,1331,319,2,18.91,0,0
808,1216,822,3,14.58,1,0
809,877,429,2,13.41,0,0
810,557,803,1,14.72,1,0
811,275,305,1,18.23,0,0
812,599,430,2,15.39,0,0
813,29,666,1,15.47,0,0
814,1665,238,1,13.94,0,0
815,332,238,1,19.38,0,0
816,749,734,2,16.39,0,0
817,125,83,2,16.42,0,0
818,1631,1238,2,11.51,0,0
819,83,1120,1,13.1,0,0
820,1817,1301,1,9.19,1,0
821,1157,628,2,17.05,0,0
822,1587,1068,2,14.26,1,0
823,160,820,1,10.76,0,0
824,48,988,1,12.45,0,0
825,1530,995,2,16.2,0,0
826,1466,1396,1,13.91,0,0
827,209,347,1,9.67,0,0
828,1879,131,1,14.13,0,0
829,878,883,2,15.52,0,0
830,305,338,2,19.23,1,0
831,113,460,2,10.5,0,0
832,365,1219,2,20.67,0,0
833,739,986,1,18.69,0,0
834,1466,1396,2,17.23,1,0
835,1075,407,1,20.57,0,0
836,1256,285,1,11.35,1,0
837,241,612,1,13.69,0,0
838,866,776,2,15.23,1,0
839,356,983,1,14.35,1,0
840,1416,1224,1,15.66,0,0
841,1585,1137,1,13.49,0,0
842,736,67,1,11.75,0,0
843,1343,1014,1,18.81,1,0
844,731,442,2,17.19,0,0
845,1262,855,1,14.05,1,0
846,230,79,2,13.29,0,0
847,753,1335,2,18.05,0,0
848,1019,439,2,11.15,1,0
849,31,1137,1,16.12,0,0
850,460,644,2,13.45,0,0
851,1830,494,1,17.03,1,0
852,297,598,2,18.45,0,0
853,633,215,1,8.36,0,0
854,511,584,3,20.48,0,0
855,245,152,1,16.33,0,0
856,335,273,1,13.9,1,0
857,555,327,1,12.05,0,0
858,595,1259,1,8.27,0,0
859,1154,1323,1,13.95,0,0
860,1045,3,1,17.11,0,0
861,124,320,1,16.45,0,0
862,441,585,3,20.12,1,0
863,969,227,2,15.93,0,0
864,172,453,1,19.24,1,0
865,1742,1037,1,9.55,0,0
866,1064,315,2,14.68,0,0
867,208,1245,2,15.45,0,0
868,1805,982,1,15.69,0,0
869,1353,193,2,13.91,0,0
870,767,232,4,23.42,0,0
871,1584,689,2,14.83,0,0
872,923,596,1,14.3,1,0
873,1835,877,1,17.23,0,0
874,93,1263,4,23.23,0,0
875,574,207,1,14.58,0,0
876,1122,622,2,16.76,1,0
877,1853,1161,1,13.44,1,0
878,982,1082,2,15.93,0,0
879,791,79,1,12.6,0,0
880,296,375,1,9.13,1,0
881,150,981,2,14.83,0,0
882,1249,1020,1,11.12,1,0
883,1636,163,2,13.57,0,0
884,563,717,1,15.38,0,0
885,28,353,1,19.09,0,0
886,829,994,2,13.1,1,0
887,77,77,3,13.01,0,0
888,738,639,1,11.72,0,0
889,569,250,2,14.82,0,0
890,1758,552,1,16.69,0,0
891,749,734,4,16.87,1,0
892,722,1234,1,14.61,0,0
893,631,790,1,17.29,0,0
894,298,776,3,17.79,1,0
895,276,340,1,14.72,0,0
896,1675,1245,1,11.35,0,0
897,1591,433,1,14.81,0,0
898,1889,1269,2,17.28,1,0
899,498,179,2,12.07,0,0
900,1534,423,2,15.69,0,0
901,623,799,1,5.81,0,0
902,774,1356,3,13.66,0,0
903,1538,1292,1,18.42,0,0
904,104,1322,2,14.94,0,0
905,378,8,1,15.88,1,0
906,584,1335,1,14.99,0,0
907,1831,1017,1,14.17,0,0
908,1264,1087,1,13.04,0,0
909,82,486,2,16.79,0,0
910,1737,35,1,13.57,1,0
911,436,317,1,10.83,0,0
912,988,298,1,11.33,0,0
913,833,551,2,14.11,0,0
914,1258,1261,1,12.61,0,0
915,923,596,1,11.0,0,0
916,941,335,2,16.17,1,0
917,487,795,1,17.59,0,0
918,1199,873,1,10.05,1,0
919,641,1250,1,15.11,0,0
920,1429,757,1,9.94,0,0
921,1374,640,1,19.72,0,0
922,1406,809,3,14.65,1,0
923,338,244,1,14.42,0,0
924,1605,713,1,17.27,0,0
925,127,186,1,16.16,0,0
926,337,176,1,13.28,1,0
927,109,1102,1,15.45,1,0
928,1449,958,1,20.54,0,0
929,1432,1298,1,12.34,0,0
930,992,924,2,10.83,0,0
931,1855,631,1,17.03,0,0
932,1603,108,2,6.28,0,0
933,1372,1214,2,18.09,1,0
934,466,568,1,8.89,1,0
935,1431,362,2,13.87,0,0
936,1455,700,1,11.42,1,0
937,173,966,3,18.0,0,0
938,875,106,1,14.87,0,0
939,1186,1012,1,5.23,0,0
940,695,4,3,22.51,0,0
941,687,433,1,15.81,0,0
942,249,591,1,14.45,0,0
943,1155,167,1,10.57,0,0
944,1573,56,2,20.13,0,0
945,4,1093,1,12.49,0,0
946,680,393,4,16.84,1,0
947,68,986,1,10.2,0,0
948,893,49,1,9.2,1,0
949,95,992,1,10.87,0,0
950,10,276,1,19.97,0,0
951,1873,467,1,12.09,0,0
952,1853,1161,2,16.78,0,0
953,96,92,2,17.06,0,0
954,770,218,1,15.03,1,0
955,843,331,1,7.96,0,0
956,1864,1339,3,19.98,0,0
957,1497,854,2,12.5,0,0
958,1396,50,1,12.86,0,0
959,1253,605,2,20.84,0,0
960,1826,510,4,14.15,0,0
961,891,499,1,12.48,0,0
962,1518,1100,2,17.6,0,0
963,1730,740,1,13.4,0,0
964,67,374,1,10.56,1,0
965,664,803,1,17.26,1,0
966,317,589,1,13.21,0,0
967,607,1061,2,12.51,0,0
968,197,288,1,12.46,0,0
969,327,891,2,11.74,0,0
970,862,1251,2,12.18,0,0
971,874,20,2,18.53,0,0
972,1660,481,3,18.94,0,0
973,140,665,4,23.57,1,0
974,480,181,1,16.79,0,0
975,1765,108,2,8.23,0,0
976,1722,1187,3,19.15,0,0
977,1431,362,3,16.85,1,0
978,587,1309,1,16.06,1,0
979,1028,457,1,9.97,1,0
980,497,117,3,14.87,0,0
981,1332,1225,2,20.75,0,0
982,903,172,1,8.22,0,0
983,986,1177,1,9.6,1,0
984,507,850,2,19.04,0,0
985,1305,1116,1,15.44,0,0
986,1746,1028,3,15.31,0,0
987,433,42,2,17.76,0,0
988,865,183,1,10.96,0,0
989,1862,69,1,14.17,0,0
990,1484,1284,2,10.43,0,0
991,1295,1079,1,12.1,1,0
992,1573,56,1,13.36,0,0
993,236,736,1,16.25,1,0
994,1344,650,1,13.97,0,0
995,1362,769,1,11.41,1,0
996,407,1363,2,17.36,0,0
997,487,795,2,15.52,0,0
998,1666,29,2,19.78,0,0
999,377,1276,3,15.59,1,0
1000,266,378,1,13.84,0,0
1001,604,879,1,12.09,0,0
1002,611,483,3,18.06,0,0
1003,376,1313,2,11.79,0,0
1004,490,550,2,16.42,1,0
1005,942,1113,2,7.23,0,0
1006,160,820,1,13.24,0,0
1007,1291,700,2,13.82,0,0
1008,1675,1245,1,16.97,0,0
1009,822,65,1,8.38,0,0
1010,1437,653,3,15.1,1,0
1011,901,167,1,14.36,1,0
1012,1682,1022,1,9.42,0,0
1013,1571,1390,2,12.91,0,0
1014,1410,1314,1,18.46,0,0
1015,1432,1298,1,9.18,0,0
1016,1892,262,1,13.1,1,0
1017,982,1082,2,15.24,0,0
1018,1152,713,1,11.1,0,0
1019,93,1263,3,10.24,1,0
1020,1393,1348,1,11.05,0,0
1021,63,222,1,16.03,1,0
1022,371,847,3,13.38,0,0
1023,208,1245,2,18.82,0,0
1024,1505,1214,1,14.73,0,0
1025,1268,580,2,10.51,0,0
1026,312,710,3,16.09,0,0
1027,733,1196,1,14.64,0,0
1028,718,969,1,7.92,0,0
1029,1328,1008,1,14.7,1,0
1030,1487,1218,1,20.73,0,0
1031,59,1035,1,14.02,0,0
1032,1259,931,1,12.25,0,0
1033,44,1144,1,18.68,0,0
1034,528,426,1,14.57,0,0
1035,1246,570,1,9.91,1,0
1036,350,1381,2,10.21,1,0
1037,1293,730,1,14.53,0,0
1038,1202,1391,1,17.67,0,0
1039,596,96,3,21.42,1,0
1040,1275,169,1,10.45,0,0
1041,289,505,1,14.62,1,0
1042,1807,371,1,12.61,0,0
1043,1372,1214,1,17.06,0,0
1044,1413,403,3,15.73,1,0
1045,789,119,2,16.06,0,0
1046,443,444,1,14.57,0,0
1047,425,1213,1,11.31,1,0
1048,706,173,1,20.22,0,0
1049,1378,437,2,19.06,1,0
1050,5,473,2,16.88,1,0
1051,1813,1261,1,11.93,0,0
1052,836,602,1,16.79,0,0
1053,1519,53,1,14.64,0,0
1054,1565,892,1,10.48,0,0
1055,1900,845,1,14.38,0,0
1056,32,752,2,16.53,0,0
1057,648,1155,1,14.63,1,0
1058,357,1334,3,14.04,0,0
1059,1195,1355,1,13.57,1,0
1060,1182,693,2,16.33,0,0
1061,545,238,1,15.54,0,0
1062,1742,1037,1,10.79,0,0
1063,962,1143,1,7.92,0,0
1064,1617,166,1,16.77,0,0
1065,577,202,1,10.4,0,0
1066,213,203,1,13.13,0,0
1067,861,857,1,15.32,0,0
1068,166,1255,1,17.63,0,0
1069,49,986,2,14.02,0,0
1070,556,534,2,15.05,1,0
1071,217,451,2,15.02,0,0
1072,1727,249,1,16.9,0,0
1073,581,368,1,10.61,1,0
1074,413,273,2,12.74,0,0
1075,1281,1108,1,17.42,0,0
1076,1103,1186,2,18.89,0,0
1077,1120,521,3,21.09,0,0
1078,1418,168,1,13.08,0,0
1079,698,1213,2,14.81,0,0
1080,997,1011,1,12.13,0,0
1081,1891,859,2,14.71,0,0
1082,1832,140,1,7.89,0,0
1083,1276,921,1,8.87,1,0
1084,407,1363,2,10.21,0,0
1085,1282,951,1,14.69,0,0
1086,820,1171,1,14.56,1,0
1087,445,770,1,18.02,0,0
1088,365,1219,3,18.31,0,0
1089,898,1026,1,9.56,0,0
1090,1594,820,1,13.32,0,0
1091,131,929,1,11.37,0,0
1092,1779,984,1,9.67,0,0
1093,1081,440,1,15.82,0,0
1094,296,375,1,7.1,0,0
1095,156,557,1,11.48,1,0
1096,149,109,2,18.8,0,0
1097,1284,1301,1,14.22,0,0
1098,1518,1100,2,11.8,0,0
1099,1661,817,2,15.69,0,0
1100,82,486,1,12.46,0,0
1101,1317,1287,2,15.53,0,0
1102,710,1192,2,12.49,0,0
1103,299,1240,1,15.07,0,0
1104,1665,238,1,14.34,1,0
1105,668,1348,1,10.61,0,0
1106,274,443,1,16.01,0,0
1107,279,938,1,14.24,0,0
1108,1411,779,1,17.27,0,0
1109,1298,1083,1,14.93,1,0
1110,1539,776,1,14.95,0,0
1111,236,736,1,10.1,0,0
1112,13,335,1,10.31,0,0
1113,99,95,3,13.53,0,0
1114,1287,1373,1,12.85,1,0
1115,1697,1396,1,11.21,1,0
1116,1819,794,2,13.81,0,0
1117,233,1161,1,9.44,0,0
1118,306,1283,1,16.87,0,0
1119,1591,433,1,9.41,1,0
1120,582,503,1,9.87,0,0
1121,821,1223,2,17.87,0,0
1122,60,630,1,22.28,1,0
1123,824,858,2,13.2,0,0
1124,1657,38,1,18.58,0,0
1125,1729,1340,1,18.44,0,0
1126,1868,984,1,8.28,0,0
1127,1042,371,1,8.66,1,0
1128,535,26,2,14.52,0,0
1129,1851,360,2,16.05,0,0
1130,284,269,2,15.69,0,0
1131,1639,808,1,17.08,1,0
1132,302,144,1,18.18,0,0
1133,1840,779,1,12.39,0,0
1134,76,1172,1,17.81,0,0
1135,1222,37,1,14.68,1,0
1136,1458,307,1,13.11,0,0
1137,616,226,1,16.27,0,0
1138,190,223,1,9.21,0,0
1139,612,923,1,19.88,1,0
1140,183,79,2,16.77,0,0
1141,1595,491,2,11.48,1,0
1142,967,1243,2,19.05,0,0
1143,506,1351,2,12.41,1,0
1144,1065,1101,2,14.83,1,0
1145,362,932,1,21.01,0,0
1146,844,518,1,3.85,0,0
1147,525,1179,3,21.22,0,0
1148,1614,70,1,10.69,0,0
1149,748,133,1,15.68,0,0
1150,1717,113,3,12.81,0,0
1151,1080,698,1,15.35,0,0
1152,1400,547,1,17.69,0,0
1153,1770,399,1,10.75,0,0
1154,291,847,1,17.18,1,0
1155,867,805,1,17.35,0,0
1156,63,222,1,12.88,0,0
1157,1872,1132,1,11.34,0,0
1158,669,1289,2,16.31,0,0
1159,254,621,1,11.64,0,0
1160,1430,875,3,11.38,0,0
1161,1266,1112,2,17.79,0,0
1162,1689,1030,3,20.72,0,0
1163,518,375,2,15.53,0,0
1164,956,759,2,18.87,0,0
1165,1829,1334,1,14.4,1,0
1166,539,361,1,12.82,0,0
1167,953,537,1,14.09,1,0
1168,1370,412,2,16.48,0,0
1169,1819,794,2,15.52,1,0
1170,1769,908,1,14.06,0,0
1171,327,891,1,12.98,0,0
1172,1721,498,2,14.59,0,0
1173,797,485,1,10.75,0,0
1174,1250,214,3,16.17,0,0
1175,1729,1340,2,8.77,1,0
1176,969,227,1,12.82,0,0
1177,1836,137,2,13.26,1,0
1178,716,581,3,17.06,0,0
1179,1216,822,2,13.55,0,0
1180,1677,1271,2,14.05,0,0
1181,1088,885,1,14.13,0,0
1182,308,723,3,17.12,0,0
1183,1748,1373,1,19.68,1,0
1184,8,467,1,11.39,0,0
1185,1727,249,1,12.45,1,0
1186,1585,1137,1,10.91,0,0
1187,152,294,2,8.55,0,0
1188,302,144,2,13.61,0,0
1189,1185,1353,2,11.71,0,0
1190,942,1113,1,12.75,0,0
1191,830,870,1,15.42,0,0
1192,472,255,1,15.18,1,0
1193,1336,1266,1,12.74,1,0
1194,1177,1106,3,24.12,0,0
1195,1294,28,2,21.92,0,0
1196,32,752,2,10.54,0,0
1197,1097,1071,3,13.62,0,0
1198,1817,1301,2,11.57,0,0
1199,991,612,1,11.71,0,0
1200,1030,1396,1,12.65,0,0
1201,1772,492,1,14.59,0,0
1202,1246,570,2,12.24,0,0
1203,1622,246,1,13.67,0,0
1204,8,467,1,13.46,1,0
1205,1213,274,2,15.84,1,0
1206,1728,38,2,22.16,0,0
1207,967,1243,1,13.66,0,0
1208,657,1003,1,16.02,1,0
1209,1203,425,3,15.88,0,0
1210,648,1155,1,18.74,0,0
1211,675,385,1,8.26,1,0
1212,1443,238,1,12.22,1,0
1213,826,65,3,18.44,0,0
1214,1643,347,2,17.19,1,0
1215,1003,433,1,15.85,1,0
1216,329,608,1,14.59,0,0
1217,656,1206,2,14.13,0,0
1218,1121,1223,2,12.95,0,0
1219,1736,699,1,16.78,0,0
1220,592,1218,1,16.68,0,0
1221,1640,834,2,13.46,0,0
1222,793,276,1,14.29,0,0
1223,221,86,2,14.46,0,0
1224,954,1079,1,14.6,1,0
1225,844,518,1,10.13,1,0
1226,250,1017,2,12.05,0,0
1227,1253,605,1,10.24,1,0
1228,1282,951,1,15.15,1,0
1229,1369,40,1,14.4,0,0
1230,1598,305,1,17.71,1,0
1231,1290,937,1,16.84,1,0
1232,386,332,2,14.61,0,0
1233,1278,246,2,15.79,1,0
1234,1158,290,1,9.55,0,0
1235,117,261,2,20.58,0,0
1236,1302,1212,1,16.21,1,0
1237,457,796,2,12.11,0,0
1238,1395,775,1,11.75,1,0
1239,66,814,2,13.87,0,0
1240,283,1147,1,17.66,0,0
1241,1077,1319,1,18.97,0,0
1242,923,596,2,15.52,0,0
1243,722,1234,2,14.9,0,0
1244,262,371,1,10.73,0,0
1245,1621,833,2,21.33,1,0
1246,1060,1294,2,21.12,0,0
1247,1422,568,2,16.12,1,0
1248,1111,673,1,10.94,0,0
1249,1039,864,1,14.54,0,0
1250,490,550,3,16.37,1,0
1251,728,569,1,3.5,1,0
1252,727,283,2,14.01,0,0
1253,1476,402,2,12.52,0,0
1254,152,294,2,16.17,0,0
1255,1584,689,2,13.07,0,0
1256,808,452,2,17.95,1,0
1257,1476,402,2,18.55,0,0
1258,322,1255,1,14.76,1,0
1259,362,932,1,12.42,0,0
1260,1463,99,1,11.72,1,0
1261,201,201,1,14.05,1,0
1262,639,548,1,13.6,0,0
1263,1649,1310,1,9.16,0,0
1264,1703,278,1,17.86,0,0
1265,722,1234,1,14.49,0,0
1266,257,1026,1,12.99,1,0
1267,1069,89,1,14.73,0,0
1268,823,159,1,11.16,0,0
1269,1602,1372,1,15.04,0,0
1270,1478,333,2,15.85,1,0
1271,705,285,1,12.16,0,0
1272,1150,888,1,14.15,0,0
1273,344,302,1,14.32,1,0
1274,1864,1339,1,15.97,0,0
1275,853,59,1,19.31,0,0
1276,949,1202,1,11.01,0,0
1277,379,596,1,18.82,1,0
1278,1540,1369,2,15.12,1,0
1279,995,461,3,17.11,1,0
1280,821,1223,1,12.11,1,0
1281,1776,308,2,15.93,0,0
1282,1683,12,2,11.46,0,0
1283,1851,360,1,11.99,0,0
1284,1804,141,2,14.62,0,0
1285,1515,851,1,7.22,1,0
1286,523,1206,1,15.87,0,0
1287,1373,1112,3,20.74,0,0
1288,1353,193,1,12.47,0,0
1289,801,430,1,16.74,0,0
1290,1313,411,1,15.3,0,0
1291,1497,854,1,12.24,0,0
1292,1780,1147,1,11.12,0,0
1293,234,424,1,11.61,1,0
1294,1630,340,2,13.41,0,0
1295,405,712,1,7.39,0,0
1296,1486,1363,2,12.81,0,0
1297,1070,616,1,14.05,1,0
1298,427,123,2,11.99,0,0
1299,1290,937,1,11.57,0,0
1300,57,673,3,19.01,0,0
1301,569,250,2,14.82,0,0
1302,1277,625,2,14.45,0,0
1303,842,191,2,11.13,0,0
1304,783,554,1,12.56,0,0
1305,1209,785,1,3.5,0,0
1306,478,101,1,17.19,0,0
1307,189,814,1,11.28,0,0
1308,127,186,1,13.42,0,0
1309,363,653,1,11.85,0,0
1310,124,320,3,10.95,1,0
1311,196,1254,2,16.0,1,0
1312,1008,1180,1,11.47,0,0
1313,564,1252,2,12.36,1,0
1314,1015,7,2,14.5,0,0
1315,989,1101,2,10.75,1,0
1316,1620,1323,1,8.63,0,0
1317,1173,636,2,9.45,1,0
1318,1450,999,1,12.87,1,0
1319,1451,927,1,11.63,0,0
1320,557,803,1,14.48,0,0
1321,1140,1393,1,15.01,0,0
1322,1710,835,1,8.1,1,0
1323,759,609,1,4.09,0,0
1324,1504,750,2,24.45,0,0
1325,1016,135,3,15.69,1,0
1326,282,704,1,15.18,0,0
1327,955,75,1,13.26,0,0
1328,1259,931,1,10.16,0,0
1329,83,1120,2,15.5,1,0
1330,1205,695,2,8.66,1,0
1331,1243,1007,1,11.4,0,0
1332,1122,622,2,8.82,0,0
1333,1279,224,3,11.94,0,0
1334,296,375,1,10.15,0,0
1335,1621,833,2,15.36,1,0
1336,746,956,2,11.97,0,0
1337,1618,497,2,14.96,0,0
1338,667,93,1,14.91,1,0
1339,312,710,3,17.65,0,0
1340,1099,911,1,13.73,0,0
1341,1364,130,2,13.13,0,0
1342,1183,1033,2,13.03,0,0
1343,1736,699,1,16.3,1,0
1344,688,498,1,9.35,0,0
1345,571,991,2,12.02,0,0
1346,290,1333,1,15.88,1,0
1347,429,220,2,15.27,1,0
1348,560,1064,3,11.82,0,0
1349,1892,262,1,14.76,1,0
1350,1761,1126,2,15.66,0,0
1351,1145,542,1,10.13,0,0
1352,1686,120,1,13.75,0,0
1353,675,385,2,13.56,0,0
1354,1250,214,2,21.38,0,0
1355,99,95,1,13.23,1,0
1356,162,866,2,15.62,0,0
1357,1288,166,1,15.26,0,0
1358,1653,867,1,12.5,0,0
1359,1787,966,2,10.08,1,0
1360,586,1375,1,12.94,0,0
1361,1694,832,3,19.01,1,0
1362,415,338,2,15.36,0,0
1363,1514,542,1,15.21,0,0
1364,635,924,1,11.59,0,0
1365,1701,934,1,15.44,0,0
1366,124,320,1,6.01,1,0
1367,86,125,2,16.75,1,0
1368,427,123,2,15.36,0,0
1369,1396,50,1,14.92,1,0
1370,890,879,1,12.58,0,0
1371,1542,983,2,12.33,0,0
1372,1276,921,1,12.87,0,0
1373,947,1118,1,12.42,0,0
1374,956,759,2,19.84,1,0
1375,659,1138,2,16.26,0,0
1376,232,292,3,17.61,0,0
1377,724,397,1,13.57,0,0
1378,1028,457,1,16.64,0,0
1379,946,880,2,14.15,0,0
1380,805,1350,2,13.13,0,0
1381,1359,88,2,24.29,0,0
1382,158,225,3,15.1,1,0
1383,1027,183,2,15.21,0,0
1384,413,273,3,12.31,0,0
1385,248,1144,2,13.38,0,0
1386,1589,1317,1,9.79,0,0
1387,710,1192,2,16.05,0,0
1388,653,1016,3,16.72,0,0
1389,903,172,1,16.76,1,0
1390,1240,872,2,20.41,0,0
1391,592,1218,3,14.18,0,0
1392,1757,734,4,21.82,0,0
1393,1099,911,1,12.28,0,0
1394,1264,1087,1,12.03,0,0
1395,574,207,1,13.52,1,0
1396,900,1254,4,16.9,0,0
1397,577,202,1,8.46,1,0
1398,1483,910,1,18.24,0,0
1399,1530,995,1,14.22,0,0
1400,1815,1155,1,14.14,0,0
1401,1155,167,1,10.44,0,0
1402,1196,70,2,12.29,0,0
1403,312,710,2,17.98,0,0
1404,815,1357,1,13.71,0,0
1405,692,665,2,25.32,1,0
1406,536,676,1,12.14,0,0
1407,1458,307,2,16.81,1,0
1408,600,1182,1,15.01,0,0
1409,1710,835,1,17.61,0,0
1410,1155,167,3,23.0,0,0
1411,991,612,2,21.55,0,0
1412,1075,407,3,17.57,0,0
1413,1285,230,1,9.16,0,0
1414,203,916,1,13.93,0,0
1415,817,327,1,16.35,0,0
1416,1752,519,1,15.73,0,0
1417,1671,258,1,16.56,1,0
1418,630,192,2,15.0,1,0
1419,1462,658,1,17.26,0,0
1420,149,109,2,18.59,1,0
1421,1818,673,1,15.12,0,0
1422,1671,258,2,5.6,0,0
1423,553,233,2,20.9,0,0
1424,1444,1016,2,18.0,0,0
1425,466,568,1,17.17,0,0
1426,1374,640,1,12.24,0,0
1427,1360,923,1,13.45,0,0
1428,1873,467,3,19.09,0,0
1429,1156,1219,2,17.21,1,0
1430,62,1150,1,10.12,0,0
1431,14,480,2,16.05,0,0
1432,1103,1186,2,15.3,0,0
1433,952,521,2,14.9,0,0
1434,1505,1214,1,16.09,0,0
1435,415,338,1,12.7,0,0
1436,450,172,1,12.78,0,0
1437,1301,1328,2,18.69,1,0
1438,185,327,1,15.3,1,0
1439,114,1215,1,17.88,0,0
1440,969,227,2,15.29,0,0
1441,824,858,1,10.37,0,0
1442,1809,1064,1,15.82,0,0
1443,416,1311,1,10.0,0,0
1444,264,1177,1,15.31,0,0
1445,1523,1085,1,15.19,1,0
1446,6,899,1,13.31,0,0
1447,825,849,1,17.61,0,0
1448,964,112,2,11.97,1,0
1449,772,1305,2,20.23,0,0
1450,1075,407,1,19.6,0,0
1451,1451,927,2,16.12,0,0
1452,70,418,1,16.14,0,0
1453,729,952,1,17.84,0,0
1454,1784,1061,3,17.31,1,0
1455,1061,1367,1,13.09,0,0
1456,1715,433,1,12.46,1,0
1457,1042,371,1,11.04,0,0
1458,446,64,1,12.54,0,0
1459,99,95,1,15.34,1,0
1460,1351,1135,1,16.3,0,0
1461,663,405,3,15.78,0,0
1462,1693,384,2,15.24,0,0
1463,1180,723,1,15.48,1,0
1464,533,520,1,17.53,0,0
1465,1052,557,1,10.32,0,0
1466,1823,1232,1,20.16,0,0
1467,334,1041,1,13.51,0,0
1468,1607,757,1,14.62,0,0
1469,1309,115,1,8.46,0,0
1470,88,419,2,14.07,0,0
1471,659,1138,1,19.04,0,0
1472,679,169,1,12.26,0,0
1473,1377,155,1,17.98,1,0
1474,1214,1268,3,15.75,0,0
1475,1094,998,1,12.76,0,0
1476,1438,1204,1,14.54,1,0
1477,1888,1302,1,13.41,0,0
1478,225,1235,1,16.15,0,0
1479,320,814,2,4.53,0,0
1480,127,186,1,11.79,0,0
1481,471,30,2,19.56,0,0
1482,1552,1111,2,15.04,0,0
1483,303,1188,1,10.43,1,0
1484,1276,921,2,12.7,0,0
1485,99,95,1,8.68,1,0
1486,293,1129,1,12.13,0,0
1487,324,736,2,10.59,0,0
1488,1395,775,1,8.15,0,0
1489,431,1182,3,27.19,1,0
1490,1685,571,1,12.39,0,0
1491,1434,1206,1,13.85,1,0
1492,1028,457,1,11.77,0,0
1493,1260,399,2,18.11,1,0
1494,1143,1335,1,11.74,0,0
1495,1159,358,1,16.98,0,0
1496,393,37,2,18.17,1,0
1497,846,220,2,12.95,0,0
1498,299,1240,1,18.87,0,0
1499,1579,1323,3,19.39,0,0
1500,1550,936,1,13.31,0,0
1501,739,986,1,20.54,0,0
1502,1543,1183,1,14.92,1,0
1503,1462,658,2,18.97,0,0
1504,185,327,2,16.64,0,0
1505,146,1046,1,11.4,1,0
1506,1320,245,2,15.88,0,0
1507,1650,881,1,14.27,0,0
1508,1384,953,2,13.53,1,0
1509,1882,424,1,18.31,0,0
1510,1696,916,1,18.64,0,0
1511,253,819,1,15.17,1,0
1512,778,218,1,13.93,0,0
1513,360,322,1,11.77,1,0
1514,62,1150,2,11.01,0,0
1515,646,1245,1,12.21,0,0
1516,1035,172,1,16.5,0,0
1517,1725,318,1,20.01,1,0
1518,301,979,1,15.39,0,0
1519,1288,166,1,12.36,0,0
1520,25,46,1,9.62,0,0
1521,1386,767,2,16.74,0,0
1522,401,1030,1,12.35,0,0
1523,442,1078,1,13.05,0,0
1524,1474,749,3,23.57,1,0
1525,1568,534,2,14.59,0,0
1526,182,576,1,9.39,1,0
1527,1329,937,1,16.65,1,0
1528,992,924,2,16.29,1,0
1529,337,176,1,13.24,0,0
1530,1447,665,4,19.55,0,0
1531,813,1340,2,13.98,0,0
1532,590,500,2,7.49,0,0
1533,390,229,3,12.17,1,0
1534,1280,289,1,15.8,0,0
1535,1752,519,1,14.46,0,0
1536,302,144,1,13.09,1,0
1537,462,1088,1,14.61,0,0
1538,521,1174,2,22.01,0,0
1539,1804,141,1,16.97,1,0
1540,1552,1111,1,16.79,0,0
1541,913,290,2,12.85,1,0
1542,41,1274,3,14.27,0,0
1543,266,378,1,10.3,0,0
1544,925,1271,1,16.21,0,0
1545,1199,873,1,13.08,0,0
1546,700,434,4,16.66,1,0
1547,772,1305,1,13.64,0,0
1548,452,807,2,18.67,0,0
1549,822,65,1,10.97,0,0
1550,1835,877,1,12.13,0,0
1551,1118,791,1,18.43,0,0
1552,1289,66,2,18.2,0,0
1553,1508,554,2,16.87,0,0
1554,970,165,1,8.73,0,0
1555,597,359,1,12.81,0,0
1556,1286,321,1,14.26,0,0
1557,337,176,1,9.22,1,0
1558,126,456,1,10.69,0,0
1559,108,861,1,15.11,1,0
1560,884,90,2,18.07,0,0
1561,708,1117,1,13.64,0,0
1562,1562,185,1,13.38,1,0
1563,1629,946,1,10.17,1,0
1564,125,83,1,15.12,0,0
1565,1735,437,1,7.98,0,0
1566,1423,1225,3,17.91,0,0
1567,1874,1281,1,8.77,0,0
1568,637,1297,1,14.38,0,0
1569,1436,955,3,15.18,0,0
1570,352,507,1,16.57,0,0
1571,1056,477,1,11.39,0,0
1572,1099,911,1,6.07,0,0
1573,99,95,1,11.13,0,0
1574,1146,684,1,13.37,0,0
1575,1456,337,2,18.39,0,0
1576,377,1276,2,11.92,0,0
1577,915,976,2,14.75,0,0
1578,241,612,3,17.01,0,0
1579,1503,817,2,13.08,0,0
1580,1262,855,1,10.46,1,0
1581,479,241,3,22.21,0,0
1582,1372,1214,1,6.99,1,0
1583,956,759,2,12.93,0,0
1584,557,803,2,19.25,0,0
1585,1523,1085,1,9.27,0,0
1586,1388,105,3,24.17,0,0
1587,1212,1302,1,13.01,0,0
1588,1804,141,2,14.18,0,0
1589,237,715,2,18.62,0,0
1590,1623,999,3,14.69,0,0
1591,395,1006,2,15.13,0,0
1592,1368,398,2,17.6,1,0
1593,364,1312,2,14.44,0,0
1594,1489,1109,1,17.54,1,0
1595,1343,1014,1,9.74,0,0
1596,1208,597,1,9.69,0,0
1597,780,434,3,22.92,0,0
1598,275,305,1,8.38,0,0
1599,18,656,2,12.8,0,0
1600,283,1147,1,9.98,1,0
1601,1648,1131,2,11.17,1,0
1602,1734,984,1,14.02,0,0
1603,204,1361,1,8.97,0,0
1604,1678,199,2,17.83,0,0
1605,211,1063,2,13.09,1,0
1606,316,69,2,18.8,1,0
1607,1113,1122,1,13.9,1,0
1608,1371,75,3,14.22,1,0
1609,208,1245,2,15.32,0,0
1610,1122,622,2,13.95,1,0
1611,465,1373,1,12.43,0,0
1612,923,596,1,15.77,0,0
1613,852,1333,1,9.1,0,0
1614,1359,88,1,9.14,0,0
1615,890,879,1,13.85,0,0
1616,532,1078,2,19.77,0,0
1617,1469,50,1,9.19,0,0
1618,186,1144,1,16.07,0,0
1619,1398,371,1,8.21,1,0
1620,244,614,1,19.72,0,0
1621,1397,229,1,13.79,1,0
1622,1310,70,2,19.89,0,0
1623,1587,1068,1,16.15,0,0
1624,1553,531,1,11.03,0,0
1625,205,175,2,16.27,0,0
1626,1602,1372,1,4.22,0,0
1627,1768,323,1,8.05,1,0
1628,365,1219,2,20.67,1,0
1629,1616,126,1,13.52,0,0
1630,183,79,1,12.2,1,0
1631,1330,135,2,19.04,0,0
1632,1135,381,1,13.52,0,0
1633,1255,159,1,11.65,0,0
1634,362,932,1,9.26,0,0
1635,660,706,1,10.55,0,0
1636,1824,501,1,10.12,0,0
1637,731,442,3,16.43,0,0
1638,1064,315,1,11.33,0,0
1639,1869,1305,1,14.7,1,0
1640,45,283,1,13.5,0,0
1641,1453,1058,3,18.85,0,0
1642,1889,1269,2,12.56,0,0
1643,309,827,1,17.33,1,0
1644,1355,180,2,20.59,0,0
1645,1256,285,1,8.06,0,0
1646,1489,1109,1,12.43,0,0
1647,271,1329,1,10.47,0,0
1648,1611,955,1,14.74,0,0
1649,52,1025,1,10.92,0,0
1650,1152,713,1,16.98,0,0
1651,1278,246,1,13.31,0,0
1652,100,259,1,13.16,1,0
1653,163,817,2,10.46,0,0
1654,896,768,1,14.15,0,0
1655,417,102,2,17.13,0,0
1656,1768,323,1,15.72,0,0
1657,1734,984,1,14.73,0,0
1658,1641,994,1,12.54,1,0
1659,73,967,2,19.94,0,0
1660,1096,832,2,9.32,1,0
1661,441,585,2,16.92,1,0
1662,3,1347,1,12.9,0,0
1663,312,710,3,13.56,1,0
1664,286,349,1,10.45,0,0
1665,763,659,1,15.74,0,0
1666,168,590,1,15.47,0,0
1667,1588,701,1,20.12,0,0
1668,1694,832,3,18.54,1,0
1669,1709,258,1,10.21,1,0
1670,1046,1336,2,17.45,0,0
1671,1820,1265,1,12.14,0,0
1672,1516,422,1,13.67,1,0
1673,1751,991,2,15.09,0,0
1674,1670,136,2,16.15,1,0
1675,688,498,1,14.57,0,0
1676,337,176,3,9.63,1,0
1677,1347,1177,1,16.21,1,0
1678,1284,1301,1,6.17,1,0
1679,1168,1347,2,10.76,0,0
1680,567,392,1,14.97,0,0
1681,1859,391,1,8.24,0,0
1682,579,829,2,12.37,0,0
1683,829,994,1,13.47,0,0
1684,782,1110,1,14.66,1,0
1685,1267,139,1,23.63,1,0
1686,598,243,1,17.29,1,0
1687,526,1115,3,13.49,0,0
1688,292,266,1,15.35,1,0
1689,1816,2,2,14.3,1,0
1690,594,704,1,15.98,0,0
1691,1270,331,1,13.91,0,0
1692,252,669,1,13.61,0,0
1693,1021,566,1,15.95,0,0
1694,69,1111,2,17.32,1,0
1695,679,169,2,16.21,0,0
1696,201,201,3,16.74,0,0
1697,617,688,2,11.58,0,0
1698,30,8,1,18.38,0,0
1699,919,72,1,23.13,1,0
1700,1014,413,1,13.63,0,0
1701,1783,392,3,13.43,1,0
1702,1667,1095,1,10.02,1,0
1703,424,682,1,8.67,0,0
1704,1169,261,2,17.26,0,0
1705,1643,347,1,15.0,1,0
1706,1777,1058,1,12.35,0,0
1707,505,1119,1,13.22,0,0
1708,1866,552,1,8.76,0,0
1709,605,1128,1,12.35,1,0
1710,23,1322,1,17.57,0,0
1711,1855,631,3,7.18,1,0
1712,1286,321,2,11.97,0,0
1713,1425,451,1,16.22,0,0
1714,1647,1358,3,18.98,0,0
1715,575,582,2,27.33,1,0
1716,1724,1295,1,18.45,0,0
1717,821,1223,1,13.07,0,0
1718,1098,1310,2,14.66,1,0
1719,830,870,3,19.86,0,0
1720,852,1333,1,9.21,0,0
1721,284,269,1,10.91,0,0
1722,161,465,2,10.79,0,0
1723,1611,955,1,10.52,0,0
1724,1453,1058,2,14.43,0,0
1725,530,1066,2,17.3,0,0
1726,1404,1304,1,14.46,0,0
1727,1457,799,1,8.92,0,0
1728,567,392,1,11.91,0,0
1729,1530,995,2,21.19,0,0
1730,1033,638,1,12.47,0,0
1731,282,704,1,12.96,1,0
1732,660,706,1,14.59,1,0
1733,1395,775,1,18.98,0,0
1734,11,775,1,15.13,1,0
1735,1721,498,1,13.42,1,0
1736,1169,261,4,13.58,1,0
1737,1709,258,2,8.89,0,0
1738,1392,171,1,15.17,0,0
1739,1454,850,1,19.12,1,0
1740,282,704,1,6.7,0,0
1741,834,863,3,19.33,0,0
1742,935,789,1,16.29,1,0
1743,1159,358,3,18.87,0,0
1744,1442,179,1,8.15,1,0
1745,703,241,1,17.76,0,0
1746,975,847,1,14.44,0,0
1747,1118,791,2,13.83,0,0
1748,1669,662,2,10.27,0,0
1749,1020,1289,2,9.54,0,0
1750,664,803,2,17.53,1,0
1751,599,430,2,8.56,0,0
1752,112,1173,4,15.56,0,0
1753,1222,37,2,9.56,0,0
1754,55,47,1,22.5,0,0
1755,1574,124,3,14.37,0,0
1756,778,218,1,11.13,0,0
1757,374,212,2,11.67,1,0
1758,354,89,1,12.18,0,0
1759,5,473,2,14.29,1,0
1760,422,431,2,15.76,0,0
1761,607,1061,3,18.5,1,0
1762,1535,969,1,10.2,0,0
1763,1825,676,1,9.28,0,0
1764,953,537,2,16.67,0,0
1765,1201,1290,1,15.93,1,0
1766,266,378,2,15.06,0,0
1767,966,1141,3,14.84,1,0
1768,826,65,1,14.53,1,0
1769,982,1082,1,12.87,1,0
1770,971,480,3,23.22,1,0
1771,560,1064,1,21.82,0,0
1772,1025,995,2,13.64,0,0
1773,1558,637,1,11.92,0,0
1774,406,287,1,18.5,1,0
1775,289,505,1,14.43,1,0
1776,376,1313,2,13.42,0,0
1777,752,310,1,12.11,0,0
1778,1580,571,1,10.8,0,0
1779,1174,877,2,10.02,0,0
1780,111,257,1,19.46,0,0
1781,971,480,3,15.61,0,0
1782,1844,121,1,11.95,1,0
1783,1826,510,2,18.84,0,0
1784,825,849,2,14.69,0,0
1785,341,545,1,13.7,0,0
1786,976,715,3,16.78,1,0
1787,1661,817,2,11.66,1,0
1788,1004,900,2,10.49,0,0
1789,1321,968,1,9.92,0,0
1790,1207,591,1,10.85,0,0
1791,323,489,2,17.5,0,0
1792,629,1032,1,7.95,0,0
1793,860,54,1,11.7,1,0
1794,911,1144,1,12.78,0,0
1795,173,966,1,17.25,0,0
1796,1570,744,3,12.51,0,0
1797,1753,616,1,11.48,0,0
1798,1462,658,2,11.43,0,0
1799,1021,566,2,17.0,1,0
1800,1703,278,1,13.51,0,0
1801,1897,873,1,11.01,0,0
1802,302,144,3,19.51,0,0
1803,1829,1334,1,19.11,0,0
1804,1862,69,1,17.44,1,0
1805,1051,1310,1,11.4,1,0
1806,777,320,3,21.38,0,0
1807,659,1138,1,11.57,0,0
1808,738,639,1,10.0,0,0
1809,1883,269,1,10.36,1,0
1810,272,908,1,12.36,0,0
1811,1772,492,2,19.3,0,0
1812,1366,291,3,23.24,1,0
1813,622,276,2,10.62,0,0
1814,1513,726,1,13.55,1,0
1815,1568,534,1,14.3,0,0
1816,1201,1290,3,17.35,1,0
1817,35,37,1,6.24,0,0
1818,1694,832,2,18.13,0,0
1819,1274,684,3,20.23,1,0
1820,741,1335,2,13.48,0,0
1821,696,1069,1,16.27,0,0
1822,612,923,2,14.21,0,0
1823,1256,285,1,12.59,0,0
1824,1044,585,2,14.81,0,0
1825,1218,312,2,21.41,0,0
1826,520,161,2,13.33,1,0
1827,768,1130,2,15.3,0,0
1828,269,428,1,16.35,0,0
1829,490,550,2,19.56,0,0
1830,182,576,1,16.5,0,0
1831,626,260,1,10.24,1,0
1832,650,221,2,16.29,0,0
1833,702,16,3,18.94,0,0
1834,988,298,2,14.62,0,0
1835,1440,165,1,14.97,0,0
1836,609,663,2,14.21,0,0
1837,1887,119,2,17.75,1,0
1838,402,564,2,10.02,0,0
1839,736,67,2,15.67,1,0
1840,568,683,2,9.5,0,0
1841,1521,1223,1,10.44,0,0
1842,508,65,1,13.24,1,0
1843,503,818,1,13.79,0,0
1844,742,802,1,15.98,0,0
1845,154,269,2,13.39,0,0
1846,196,1254,2,15.78,1,0
1847,1003,433,1,7.37,0,0
1848,1715,433,1,15.95,0,0
1849,964,112,1,16.89,0,0
1850,272,908,2,11.08,1,0
1851,152,294,3,26.99,0,0
1852,345,1120,1,10.58,1,0
1853,1221,466,1,13.34,0,0
1854,87,520,2,17.95,0,0
1855,983,1,2,12.21,0,0
1856,1821,543,1,12.7,0,0
1857,1273,1309,1,12.06,0,0
1858,1714,873,1,17.52,1,0
1859,500,98,3,13.98,0,0
1860,560,1064,1,13.05,0,0
1861,1398,371,3,18.6,0,0
1862,270,330,1,16.81,1,0
1863,681,1065,1,13.88,1,0
1864,155,856,3,20.56,0,0
1865,135,101,1,12.72,0,0
1866,1412,1380,1,10.36,0,0
1867,259,1078,1,9.49,0,0
1868,620,792,2,17.84,0,0
1869,1547,68,1,11.15,0,0
1870,1504,750,1,14.1,0,0
1871,295,13,2,15.55,1,0
1872,459,369,1,15.5,0,0
1873,1767,74,2,11.94,1,0
1874,321,940,1,14.9,1,0
1875,486,946,3,12.5,0,0
1876,1220,862,1,15.77,0,0
1877,1644,1082,2,16.76,0,0
1878,615,44,1,14.54,0,0
1879,1088,885,1,10.13,0,0
1880,1534,423,2,16.12,1,0
1881,135,101,1,16.86,0,0
1882,813,1340,1,19.55,0,0
1883,1726,1259,1,13.46,0,0
1884,1148,94,3,16.16,1,0
1885,1691,651,1,10.92,0,0
1886,1219,983,1,12.51,0,0
1887,11,775,1,12.19,0,0
1888,282,704,1,12.18,1,0
1889,119,110,2,18.88,0,0
1890,1125,1326,1,10.36,0,0
1891,857,1073,2,17.5,0,0
1892,625,885,1,15.9,0,0
1893,1382,764,3,15.35,1,0
1894,274,443,3,13.75,1,0
1895,482,1111,1,16.4,1,0
1896,160,820,2,19.43,0,0
1897,454,871,2,17.22,0,0
1898,1402,1343,1,14.65,0,0
1899,7,792,1,12.7,0,0
1900,869,1170,2,13.93,0,0
1901,789,119,1,12.83,0,0
1902,985,705,1,19.85,0,0
1903,1464,177,1,12.84,0,0
1904,326,1268,2,17.85,0,0
1905,1166,1285,1,8.17,0,0
1906,135,101,1,17.9,0,0
1907,937,565,1,16.15,0,0
1908,315,904,1,10.06,1,0
1909,291,847,1,12.89,0,0
1910,941,335,3,12.72,0,0
1911,1068,203,2,12.78,1,0
1912,114,1215,2,10.21,0,0
1913,100,259,1,13.98,1,0
1914,354,89,3,21.19,1,0
1915,1475,460,1,11.88,0,0
1916,1205,695,1,19.78,1,0
1917,670,1226,1,14.4,1,0
1918,15,1003,1,15.43,0,0
1919,950,400,1,17.31,0,0
1920,497,117,1,13.71,1,0
1921,489,1274,1,8.97,0,0
1922,391,1321,1,7.47,0,0
1923,37,589,1,13.22,0,0
1924,1481,242,1,8.66,0,0
1925,1518,1100,3,20.74,1,0
1926,895,1038,2,15.01,0,0
1927,41,1274,1,20.29,0,0
1928,1352,1143,2,10.95,1,0
1929,820,1171,1,6.75,1,0
1930,38,420,3,16.15,0,0
1931,1642,142,1,10.64,1,0
1932,199,103,1,13.38,0,0
1933,1361,737,1,15.38,0,0
1934,1874,1281,2,15.64,0,0
1935,241,612,3,15.0,1,0
1936,662,436,1,9.33,0,0
1937,802,1373,3,16.35,0,0
1938,1182,693,2,18.72,0,0
1939,1640,834,1,11.86,0,0
1940,1580,571,2,17.73,0,0
1941,1084,51,1,12.02,0,0
1942,267,1177,2,13.49,0,0
1943,261,1250,1,17.28,0,0
1944,755,1310,1,15.49,1,0
1945,1835,877,1,16.06,0,0
1946,1262,855,1,10.12,0,0
1947,1448,531,1,10.66,0,0
1948,1057,824,2,18.05,0,0
1949,871,608,2,13.37,0,0
1950,447,181,2,15.49,0,0
1951,686,71,1,16.66,0,0
1952,1062,329,2,15.74,0,0
1953,61,891,1,11.61,0,0
1954,1451,927,1,9.58,0,0
1955,1326,1303,2,13.05,0,0
1956,903,172,1,14.04,1,0
1957,101,642,1,3.5,0,0
1958,1594,820,2,12.13,0,0
1959,1372,1214,3,24.83,0,0
1960,1066,419,1,9.99,0,0
1961,892,795,1,11.18,1,0
1962,881,620,2,19.95,0,0
1963,1047,767,1,8.92,0,0
1964,1426,672,1,11.65,0,0
1965,580,883,1,16.78,1,0
1966,723,735,2,11.75,0,0
1967,1287,1373,1,14.66,0,0
1968,1861,1103,1,13.87,0,0
1969,764,140,1,15.03,1,0
1970,484,331,3,13.64,0,0
1971,1068,203,3,19.94,0,0
1972,530,1066,2,21.88,0,0
1973,1828,108,2,15.81,0,0
1974,868,1034,3,14.22,0,0
1975,53,1368,3,13.72,0,0
1976,1507,17,1,13.48,1,0
1977,52,1025,1,7.44,1,0
1978,1313,411,1,17.5,0,0
1979,959,479,2,17.31,0,0
1980,12,127,1,13.15,1,0
1981,192,1155,1,14.4,1,0
1982,528,426,1,15.16,1,0
1983,623,799,2,14.77,1,0
1984,124,320,3,19.69,0,0
1985,1186,1012,1,11.55,0,0
1986,1437,653,3,15.25,0,0
1987,1603,108,2,14.17,0,0
1988,756,1265,1,15.71,1,0
1989,1887,119,1,10.15,0,0
1990,663,405,3,26.01,0,0
1991,1488,1192,2,17.61,0,0
1992,1561,545,1,17.37,0,0
1993,559,1332,1,13.85,1,0
1994,695,4,1,18.4,1,0
1995,383,758,3,19.43,0,0
1996,1658,680,1,15.44,0,0
1997,1694,832,1,20.19,1,0
1998,368,1392,2,17.62,0,0
1999,53,1368,1,15.92,0,0
2000,923,596,1,12.62,1,0
2001,1122,622,2,19.73,1,0
2002,651,371,1,16.07,1,0
2003,1864,1339,1,11.61,0,0
2004,1423,1225,1,12.53,0,0
2005,1247,1050,2,12.58,1,0
2006,504,911,1,8.18,1,0
2007,1130,1399,2,14.19,0,0
2008,1634,980,2,16.16,0,0
2009,1507,17,1,12.97,0,0
2010,967,1243,1,15.67,0,0
2011,546,26,2,11.59,0,0
2012,1325,174,3,15.53,0,0
2013,1418,168,1,16.86,0,0
2014,912,410,2,13.51,0,0
2015,1018,1123,1,11.79,0,0
2016,1512,359,1,6.22,0,0
2017,124,320,1,18.2,1,0
2018,1027,183,1,15.31,0,0
2019,617,688,1,14.96,0,0
2020,1762,340,1,13.49,1,0
2021,653,1016,2,11.71,0,0
2022,615,44,1,16.94,0,0
2023,835,1306,1,13.22,0,0
2024,809,200,3,20.62,0,0
2025,1044,585,3,14.24,1,0
2026,843,331,1,16.4,0,0
2027,480,181,1,16.98,0,0
2028,326,1268,1,11.51,0,0
2029,1051,1310,1,7.6,0,0
2030,618,1143,1,15.32,0,0
2031,1478,333,1,14.57,0,0
2032,1004,900,3,16.78,1,0
2033,902,1058,1,19.31,0,0
2034,1773,393,3,20.66,1,0
2035,8,467,1,11.44,1,0
2036,216,575,1,16.55,0,0
2037,1152,713,2,11.87,1,0
2038,1333,749,1,19.28,0,0
2039,622,276,1,16.33,0,0
2040,57,673,1,8.12,1,0
2041,511,584,3,21.42,1,0
2042,83,1120,2,16.12,0,0
2043,654,1218,1,10.46,0,0
2044,1602,1372,1,10.73,0,0
2045,1790,527,2,20.1,0,0
2046,1298,1083,2,10.64,1,0
2047,242,366,2,19.44,1,0
2048,337,176,2,20.2,0,0
2049,458,781,1,13.5,1,0
2050,708,1117,1,10.64,0,0
2051,1795,497,1,18.83,1,0
2052,1508,554,1,12.05,0,0
2053,171,226,2,11.75,0,0
2054,1147,1230,2,15.29,0,0
2055,1600,40,1,10.86,0,0
2056,777,320,2,12.24,0,0
2057,426,1289,1,9.79,0,0
2058,803,500,1,16.06,0,0
2059,1595,491,1,9.02,1,0
2060,469,193,2,13.29,0,0
2061,685,996,1,5.05,0,0
2062,1848,1062,2,15.95,0,0
2063,1053,1160,1,14.21,0,0
2064,425,1213,2,20.79,0,0
2065,420,76,1,11.7,0,0
2066,830,870,2,10.0,0,0
2067,899,608,1,18.09,0,0
2068,1744,709,1,12.91,1,0
2069,1790,527,1,12.91,0,0
2070,837,530,2,18.01,0,0
2071,332,238,1,13.88,1,0
2072,1874,1281,1,10.29,1,0
2073,522,1377,2,11.16,0,0
2074,945,1156,1,8.56,0,0
2075,157,798,2,21.14,0,0
2076,943,1212,3,18.45,0,0
2077,1000,965,2,9.8,0,0
2078,817,327,2,14.21,0,0
2079,1708,590,1,14.61,0,0
2080,371,847,2,16.09,0,0
2081,1660,481,2,19.18,0,0
2082,1891,859,1,16.71,1,0
2083,927,551,1,16.36,0,0
2084,99,95,1,9.0,0,0
2085,310,176,2,17.43,1,0
2086,1763,1225,1,14.05,0,0
2087,622,276,1,9.17,0,0
2088,267,1177,1,12.42,1,0
2089,1788,262,2,19.06,1,0
2090,200,1146,1,17.98,1,0
2091,366,1038,2,16.96,0,0
2092,377,1276,3,22.19,0,0
2093,127,186,1,15.39,0,0
2094,1054,269,2,13.91,0,0
2095,692,665,2,11.74,0,0
2096,1604,1169,1,13.97,0,0
2097,1481,242,1,15.19,0,0
2098,320,814,1,17.31,0,0
2099,1573,56,1,15.45,1,0
2100,1687,899,2,15.47,1,0
