id,passenger_id,flight_id,fare_class,purchase_channel,ticket_price,ancillaries_spend
1,383,213,1,2,269.89,39.38
2,1240,42,2,0,385.16,113.05
3,1347,356,1,0,564.16,25.39
4,1093,224,0,1,206.36,50.09
5,473,263,1,0,290.15,40.6
6,899,108,1,2,162.73,24.85
7,792,357,0,0,211.73,61.57
8,467,90,1,2,490.56,31.45
9,152,206,0,0,101.18,45.39
10,276,351,0,3,150.93,24.31
11,775,84,1,2,310.94,40.52
12,127,345,2,0,437.26,8.02
13,335,384,1,3,1265.73,57.23
14,480,117,1,0,231.81,33.05
15,1003,127,0,3,752.86,49.54
16,422,296,0,0,313.51,9.46
17,1253,314,1,0,199.32,10.73
18,656,359,0,2,552.08,18.35
19,52,304,2,1,446.7,22.45
20,638,225,2,0,797.14,87.63
21,330,334,0,3,311.35,43.41
22,889,245,0,0,261.0,22.54
23,1322,221,0,3,223.58,93.6
24,1027,145,0,2,247.05,21.2
25,46,9,0,0,444.23,19.83
26,496,397,2,0,573.32,64.73
27,124,77,0,1,222.53,23.73
28,353,5,0,1,344.91,13.54
29,666,259,0,0,150.65,16.44
30,8,56,2,1,693.54,43.53
31,1137,185,0,0,640.53,10.79
32,752,126,0,0,353.59,6.58
33,74,382,1,2,308.73,23.46
34,1381,161,0,0,169.51,12.89
35,37,63,1,0,252.66,33.61
36,104,191,0,0,216.63,32.2
37,589,379,1,3,551.28,6.03
38,420,119,0,2,596.76,33.81
39,1051,372,1,2,440.41,44.2
40,891,407,0,1,91.81,42.06
41,1274,243,0,1,299.42,56.18
42,775,84,1,0,297.64,90.75
43,130,376,0,1,84.95,16.36
44,1144,382,0,0,65.63,12.69
45,283,359,0,2,581.62,44.08
46,1143,386,0,0,366.74,43.26
47,596,293,1,2,341.79,65.29
48,988,379,1,0,465.8,26.14
49,986,226,0,1,315.45,61.0
50,342,160,0,3,400.96,29.06
51,1189,58,2,0,1470.41,98.0
52,1025,327,0,3,425.89,35.67
53,1368,198,0,0,194.14,57.82
54,216,88,1,0,393.42,49.44
55,47,234,0,0,152.05,16.16
56,255,336,0,0,162.02,26.52
57,673,97,0,0,201.1,17.89
58,504,222,1,2,226.42,1.73
59,1035,185,0,2,582.93,25.49
60,630,240,0,3,363.71,7.58
61,891,407,1,0,268.48,14.27
62,1150,266,0,2,219.63,36.72
63,222,230,1,2,513.06,73.99
64,1265,375,0,0,608.78,48.06
65,970,232,1,0,407.72,45.29
66,814,93,0,0,128.08,29.38
67,374,161,0,2,177.8,53.93
68,986,226,0,2,394.75,30.84
69,1111,162,0,1,187.07,60.71
70,418,131,0,3,137.02,66.18
71,627,59,1,1,217.27,20.14
72,6,154,0,0,731.53,41.2
73,967,16,0,0,200.48,19.58
74,863,262,2,2,725.44,41.95
75,1182,67,0,2,626.16,12.88
76,1172,142,1,2,396.8,24.42
77,77,144,0,1,242.5,37.55
78,290,408,0,0,417.2,38.97
79,721,162,2,0,319.28,61.38
80,724,189,1,0,391.39,11.46
81,35,256,0,0,169.31,23.13
82,486,336,0,0,145.97,21.82
83,1120,31,0,0,247.29,67.03
84,55,353,1,0,492.0,38.94
85,1111,162,0,3,83.76,35.19
86,125,180,1,2,267.78,40.76
87,520,53,2,0,780.71,29.08
88,419,9,0,2,436.68,8.59
89,986,226,0,2,392.38,12.61
90,452,263,0,3,198.06,22.24
91,1021,213,0,3,185.37,19.03
92,478,33,2,2,471.76,60.0
93,1263,13,0,0,263.28,59.87
94,318,250,0,0,130.48,48.25
95,992,32,1,2,875.98,51.98
96,92,247,0,2,284.2,16.49
97,223,364,0,1,353.28,52.43
98,1245,380,0,2,179.34,43.29
99,95,322,1,0,448.54,44.49
100,259,312,2,0,877.22,71.11
101,642,123,1,2,468.15,35.17
102,1078,57,1,0,1054.94,26.23
103,1188,149,1,2,480.3,39.7
104,1322,221,0,3,226.86,19.21
105,1256,319,1,1,906.85,12.22
106,197,399,1,1,542.86,20.58
107,1152,199,0,2,181.08,21.88
108,861,263,1,3,275.9,54.49
109,1102,367,1,2,250.54,26.25
110,755,330,1,2,471.95,6.18
111,257,75,0,1,147.48,44.51
112,1173,372,0,1,302.64,11.12
113,460,215,1,0,180.54,8.71
114,1215,83,0,1,273.7,41.61
115,868,294,1,2,181.49,16.84
116,1297,15,2,3,678.98,35.52
117,261,186,0,0,664.0,26.97
118,787,296,0,1,376.44,27.99
119,110,148,0,0,111.61,33.9
120,236,270,0,0,343.87,7.53
121,664,313,2,0,1446.08,81.22
122,1119,264,1,0,248.86,50.84
123,525,215,1,0,218.82,32.88
124,320,406,1,3,1329.18,49.61
125,83,185,0,2,665.32,4.98
126,456,67,1,1,962.28,62.32
127,186,142,0,0,146.51,1.22
128,480,117,0,0,196.57,29.01
129,320,406,0,0,819.78,13.41
130,1343,7,0,1,383.93,9.31
131,929,332,0,0,336.19,13.23
132,1287,213,1,2,312.42,29.92
133,569,106,0,3,441.46,0.61
134,460,215,1,3,306.5,19.23
135,101,334,1,1,594.21,32.54
136,696,213,0,2,116.35,6.54
137,464,242,2,1,417.68,25.86
138,205,31,1,0,439.21,75.14
139,547,213,0,0,182.05,42.68
140,665,113,2,1,1428.09,29.14
141,362,146,0,1,315.87,47.57
142,610,189,0,0,282.55,58.35
143,1024,224,1,2,411.53,25.24
144,593,144,0,3,186.16,33.43
145,640,267,2,0,739.72,51.36
146,1046,332,0,1,300.9,24.11
147,1087,368,2,2,423.09,17.72
148,835,158,2,3,1736.41,16.76
149,109,303,0,1,168.78,47.64
150,981,393,1,0,902.55,28.84
151,815,167,0,1,609.65,17.17
152,294,333,0,0,202.68,79.35
153,471,331,2,1,377.56,39.87
154,269,420,0,2,144.82,48.96
155,856,227,1,2,513.02,59.57
156,557,227,0,2,303.0,46.47
157,798,414,0,2,166.33,35.01
158,225,257,0,2,111.14,20.81
159,678,322,2,3,849.28,54.53
160,820,69,1,2,1295.25,30.12
161,465,91,1,0,570.74,41.0
162,866,83,0,0,408.4,41.56
163,817,171,0,2,392.25,26.34
164,179,31,0,0,240.92,50.08
165,971,184,0,0,114.55,22.11
166,1255,29,0,3,725.11,5.18
167,265,203,0,2,322.76,60.21
168,590,367,2,0,343.33,49.11
169,580,299,1,1,94.2,44.08
170,257,75,2,0,385.73,101.84
171,226,254,1,0,330.35,37.37
172,453,310,2,1,688.53,57.68
173,966,365,0,0,74.31,16.84
174,340,253,1,1,650.94,17.6
175,1025,327,2,0,842.99,28.44
176,203,379,1,1,528.54,14.65
177,20,85,2,1,881.62,0.0
178,130,376,1,1,239.31,7.97
179,532,43,0,0,518.91,64.95
180,1370,370,2,0,1468.28,80.03
181,611,78,2,0,930.49,61.52
182,576,164,1,3,475.33,32.19
183,79,270,1,1,523.62,45.92
184,973,333,0,1,201.89,34.84
185,327,169,0,0,226.57,11.27
186,1144,382,0,0,212.84,30.9
187,138,396,0,0,58.62,41.27
188,519,399,0,1,335.16,59.93
189,814,93,1,0,238.32,42.05
190,223,364,0,1,335.21,34.37
191,1267,407,1,0,262.03,37.95
192,1155,268,0,3,316.46,15.35
193,275,112,0,0,190.45,137.08
194,700,410,0,1,354.05,28.9
195,246,10,0,0,67.98,20.26
196,1254,323,0,0,169.65,29.37
197,288,152,0,3,179.29,24.51
198,534,126,0,1,430.66,24.58
199,103,258,1,2,572.6,63.99
200,1146,142,1,0,351.61,13.0
201,201,45,1,0,299.72,17.87
202,546,395,2,1,1728.85,35.03
203,916,15,1,0,324.03,28.94
204,1361,402,0,2,667.16,28.6
205,175,344,1,2,122.64,39.12
206,1319,254,0,1,219.15,34.3
207,312,327,0,1,273.5,20.63
208,1245,380,0,0,178.37,21.22
209,347,311,0,3,174.79,72.98
210,939,40,1,2,169.65,16.05
211,1063,318,0,3,324.56,12.18
212,204,305,0,0,316.19,10.25
213,203,379,1,3,594.3,54.43
214,711,359,0,2,652.56,4.62
215,677,389,0,1,348.11,38.39
216,575,242,0,1,173.98,50.93
217,451,382,0,1,230.18,17.17
218,262,238,0,3,295.58,57.86
219,185,217,0,0,234.25,33.05
220,18,385,0,2,119.34,56.17
221,86,182,0,1,256.07,50.73
222,1297,15,1,2,512.64,37.85
223,675,227,2,2,717.62,43.04
224,1301,266,0,0,105.74,18.11
225,1235,405,0,1,173.89,53.58
226,576,164,0,0,293.79,6.26
227,276,351,1,1,165.47,56.15
228,545,391,0,1,309.34,27.87
229,966,365,0,2,161.27,12.38
230,79,270,2,3,902.74,32.78
231,935,12,1,0,1133.55,28.68
232,292,150,1,3,229.5,11.3
233,1161,126,1,0,721.02,26.49
234,424,65,1,1,222.51,14.4
235,429,170,0,2,154.73,7.61
236,736,20,1,0,254.57,43.48
237,715,412,0,2,617.2,32.81
238,948,331,0,2,174.61,6.25
239,1087,368,0,3,218.33,57.89
240,1383,271,0,2,170.64,42.98
241,612,99,0,2,278.44,55.57
242,366,112,1,2,322.86,90.01
243,1102,367,0,0,222.55,16.13
244,614,319,1,0,920.96,13.22
245,152,206,1,0,181.54,65.44
246,942,393,0,2,599.47,58.95
247,335,384,1,2,1134.46,5.9
248,1144,382,0,2,183.23,27.66
249,591,157,0,1,253.87,73.97
250,1017,310,1,0,461.08,31.0
251,745,180,0,1,154.43,29.79
252,669,75,1,1,251.42,28.01
253,819,121,2,0,520.51,35.88
254,621,373,0,0,204.97,70.44
255,886,40,1,3,348.72,69.65
256,1390,220,0,1,150.42,26.48
257,1026,329,0,2,204.69,10.16
258,989,78,1,3,605.6,43.31
259,1078,57,0,0,679.85,0.53
260,933,254,1,0,211.11,64.55
261,1250,277,2,2,959.57,53.88
262,371,301,0,2,273.04,18.86
263,757,353,0,0,258.15,5.41
264,1177,313,1,0,970.37,26.93
265,1247,39,0,1,353.86,31.7
266,378,214,0,0,182.18,13.3
267,1177,313,0,0,776.25,38.31
268,1304,25,2,1,374.12,61.38
269,428,175,2,2,1434.36,60.59
270,330,334,2,0,746.1,46.44
271,1329,105,0,0,870.82,29.94
272,908,24,0,1,154.63,25.52
273,828,236,0,2,80.02,47.9
274,443,306,1,1,393.49,38.79
275,305,117,1,1,180.44,64.67
276,340,253,0,0,374.84,31.76
277,898,47,0,1,222.4,12.44
278,1177,313,0,3,684.47,24.92
279,938,262,0,2,272.13,49.69
280,617,329,2,0,518.5,16.82
281,191,274,2,0,1025.5,36.28
282,704,155,1,2,199.79,70.22
283,1147,385,0,1,86.94,1.22
284,269,420,2,0,422.48,42.99
285,381,78,0,2,416.58,62.84
286,349,388,1,0,444.29,13.25
287,1295,298,1,0,489.71,61.09
288,26,317,0,2,93.41,22.75
289,505,366,1,2,326.54,43.0
290,1333,290,1,1,1034.33,58.94
291,847,136,1,0,524.09,19.83
292,266,212,0,0,253.6,41.16
293,1129,73,1,0,1055.9,38.94
294,1003,127,1,2,1185.43,15.8
295,13,63,0,3,153.18,31.21
296,375,53,1,1,520.08,24.11
297,598,298,1,1,412.39,22.82
298,776,341,1,2,241.2,33.49
299,1240,42,2,0,373.57,33.21
300,259,312,0,2,372.71,12.76
301,979,288,2,0,911.03,11.35
302,144,118,0,0,197.48,7.51
303,1188,149,0,0,348.75,42.92
304,191,274,0,0,325.57,37.44
305,338,345,0,2,273.41,25.36
306,1283,145,1,0,336.59,27.97
307,253,12,0,2,664.75,10.68
308,723,419,0,2,409.51,41.68
309,827,414,1,0,181.99,46.39
310,176,221,0,3,276.63,56.87
311,1143,386,0,3,348.36,127.11
312,710,109,0,1,143.28,0.0
313,746,2,2,0,271.0,69.84
314,202,392,0,1,125.52,12.3
315,904,333,2,3,545.0,49.34
316,69,186,0,0,590.43,96.23
317,589,379,0,3,379.88,15.92
318,909,18,1,0,416.38,18.91
319,1027,145,0,0,211.41,10.85
320,814,93,0,1,115.66,14.48
321,940,411,1,0,568.58,2.75
322,1255,29,1,0,991.22,20.48
323,489,250,0,1,117.24,82.48
324,736,20,0,3,135.05,51.96
325,404,168,0,0,150.46,0.0
326,1268,307,0,3,355.08,42.65
327,891,407,2,0,372.83,125.46
328,515,64,2,2,816.51,6.66
329,608,347,1,0,317.1,38.8
330,55,353,0,0,345.83,83.25
331,217,365,1,0,77.76,95.67
332,238,267,2,0,745.41,25.68
333,247,203,2,2,880.04,13.05
334,1041,162,2,0,378.25,61.74
335,273,255,0,2,278.26,12.27
336,1251,194,0,1,192.16,80.78
337,176,221,0,3,249.87,9.17
338,244,240,1,2,546.19,30.92
339,1226,394,0,0,215.23,35.01
340,779,385,0,0,180.08,1.01
341,545,391,2,1,518.8,20.63
342,973,333,0,0,93.33,23.48
343,831,211,0,2,160.62,20.46
344,302,150,0,1,129.22,11.01
345,1120,31,1,0,399.97,23.89
346,1234,388,0,1,149.45,72.38
347,1150,266,0,1,149.61,31.33
348,896,152,1,0,241.58,51.5
349,327,169,0,0,284.42,10.89
350,1381,161,1,0,212.44,45.2
351,156,265,0,0,206.67,39.74
352,507,92,1,0,523.32,14.02
353,403,237,0,0,253.87,60.44
354,89,282,2,0,1432.1,36.9
355,120,188,1,3,457.37,10.36
356,983,254,0,0,101.34,45.12
357,1334,118,1,1,159.15,14.53
358,977,123,1,0,576.71,46.16
359,1036,387,1,0,567.4,57.07
360,322,286,1,2,183.13,22.56
361,347,311,1,2,195.32,93.73
362,932,85,1,0,539.47,132.82
363,653,93,1,1,194.83,84.2
364,1312,84,0,0,158.64,11.61
365,1219,39,2,0,777.68,75.36
366,1038,180,0,0,123.67,17.88
367,690,25,0,1,200.03,29.67
368,1392,59,1,3,246.82,30.44
369,852,226,1,2,458.58,23.51
370,849,231,0,2,237.25,19.9
371,847,136,1,0,531.77,5.56
372,681,393,0,0,521.14,25.89
373,1393,414,0,2,117.74,29.7
374,212,336,0,0,151.39,21.54
375,635,40,1,0,296.8,36.32
376,1313,4,0,2,232.55,98.53
377,1276,248,1,1,503.96,21.95
378,8,56,2,2,657.27,70.62
379,596,293,1,0,338.88,6.8
380,319,380,1,0,391.02,97.04
381,1289,310,2,1,721.92,19.33
382,353,5,1,1,509.94,22.45
383,758,148,0,0,258.89,25.43
384,53,377,0,0,384.91,2.67
385,838,267,1,3,567.9,32.44
386,332,354,0,1,405.98,83.66
387,809,197,1,1,181.85,15.96
388,1095,130,1,2,584.68,40.19
389,324,196,1,0,426.92,23.36
390,229,228,1,1,1021.02,6.87
391,1321,325,2,2,1097.68,22.04
392,1177,313,1,2,1069.05,26.8
393,37,63,1,1,305.99,145.29
394,325,262,1,2,486.54,6.26
395,1006,137,2,0,431.91,32.92
396,194,29,1,0,1041.32,27.16
397,803,217,0,0,219.83,62.4
398,113,73,2,2,1494.86,7.21
399,1365,316,1,1,523.86,30.26
400,744,216,0,0,117.48,10.18
401,1030,41,0,0,156.48,64.79
402,564,26,0,2,214.79,59.65
403,750,289,2,3,458.39,39.78
404,400,28,0,3,215.61,4.67
405,712,167,0,1,649.06,8.54
406,287,55,0,1,45.0,14.92
407,1363,218,1,0,309.91,38.93
408,718,256,0,0,281.27,27.58
409,174,146,0,2,271.32,45.16
410,639,416,0,3,45.0,26.84
411,234,127,0,3,847.76,43.66
412,1329,105,1,3,1312.62,9.22
413,273,255,0,0,380.2,0.89
414,223,364,0,2,469.82,22.58
415,338,345,0,0,139.38,36.31
416,1311,420,0,0,114.31,21.09
417,102,191,0,0,223.26,16.64
418,655,1,0,1,220.98,18.43
419,1379,120,1,3,689.23,32.04
420,76,190,0,0,357.33,30.08
421,1057,67,2,0,1576.42,18.31
422,431,80,0,3,604.05,24.45
423,1369,377,0,3,246.04,49.26
424,682,401,1,1,537.53,22.34
425,1213,253,1,2,543.2,10.99
426,1289,310,2,0,647.18,32.01
427,123,101,1,0,532.62,33.02
428,905,321,0,3,209.66,10.99
429,220,227,1,1,567.52,48.78
430,858,415,1,3,140.01,14.17
431,1182,67,2,0,1590.15,61.24
432,1152,199,0,0,150.79,6.32
433,42,285,0,2,190.37,59.87
434,414,156,0,0,239.71,38.02
435,512,14,1,0,935.63,26.84
436,317,149,1,2,465.85,17.12
437,419,9,2,0,847.9,16.61
438,1229,18,0,1,264.37,46.72
439,135,280,1,2,378.43,128.34
440,731,259,1,0,150.96,37.28
441,585,379,2,0,779.57,22.89
442,1078,57,0,0,632.3,13.47
443,444,27,1,0,484.99,29.74
444,349,388,1,3,630.54,19.72
445,770,3,2,2,638.34,32.75
446,64,336,0,0,184.43,19.43
447,181,202,1,3,1123.87,34.04
448,859,188,1,0,545.64,21.64
449,430,377,1,0,520.11,13.23
450,172,277,1,0,601.98,24.55
451,571,419,1,2,526.23,5.09
452,807,331,0,2,151.8,40.64
453,508,102,0,0,188.69,62.43
454,871,193,0,0,165.78,2.56
455,448,77,0,1,192.12,150.91
456,363,368,2,0,509.36,38.14
457,796,95,0,2,309.63,24.01
458,781,252,0,1,195.16,41.78
459,369,346,0,1,353.76,44.28
460,644,245,0,0,237.87,41.25
461,939,40,1,0,237.81,14.86
462,1088,408,1,0,645.29,57.38
463,395,77,2,1,479.52,15.95
464,1046,332,0,0,221.23,38.28
465,1373,264,0,0,125.6,59.79
466,568,129,2,1,1652.24,10.57
467,258,143,0,0,151.9,21.0
468,569,106,2,0,743.41,53.85
469,193,364,0,0,315.45,11.03
470,1292,282,1,1,876.53,7.09
471,30,396,1,0,268.08,16.01
472,255,336,1,0,317.28,11.98
473,1246,226,0,3,385.21,37.73
474,786,96,2,0,1559.23,20.85
475,915,288,1,0,526.13,44.96
476,195,403,0,0,330.1,23.06
477,81,203,1,1,474.92,30.62
478,101,334,1,0,489.29,45.42
479,241,359,0,0,498.33,11.31
480,181,202,0,0,605.69,17.08
481,1377,18,0,0,342.13,8.52
482,1111,162,0,2,69.2,26.47
483,727,417,0,0,347.8,47.32
484,331,5,0,0,381.17,35.92
485,754,198,0,1,175.77,13.46
486,946,343,1,0,268.68,199.81
487,795,388,0,0,339.47,7.8
488,1333,290,0,0,624.97,2.22
489,1274,243,0,0,289.55,61.04
490,550,266,1,2,158.85,42.05
491,23,354,1,1,583.83,37.03
492,558,100,0,0,279.24,71.82
493,892,3,0,3,295.89,16.55
494,1081,52,0,2,109.03,8.48
495,1388,364,0,2,356.72,28.09
496,285,34,2,1,306.22,71.13
497,117,23,1,2,313.17,9.37
498,179,31,1,0,428.15,12.23
499,430,377,0,0,341.19,51.29
500,98,120,0,1,289.84,9.82
501,23,354,1,3,630.51,32.46
502,77,144,1,0,346.21,30.53
503,818,251,1,1,876.72,25.87
504,911,17,0,0,203.07,50.73
505,1119,264,0,1,78.21,42.02
506,1351,366,2,1,478.24,15.72
507,850,383,0,3,361.57,37.82
508,65,337,0,1,326.86,14.6
509,1168,161,0,2,110.17,38.75
510,11,413,2,1,454.18,18.3
511,584,416,0,2,128.37,24.17
512,949,116,2,2,387.92,35.33
513,219,168,0,1,219.29,63.57
514,178,18,0,2,346.18,47.02
515,1234,388,1,2,489.6,11.19
516,340,253,1,1,509.16,4.16
517,595,285,0,0,148.65,4.08
518,375,53,0,2,391.88,38.67
519,973,333,0,2,168.73,0.0
520,161,269,2,0,524.01,12.53
521,1174,291,1,2,952.45,35.18
522,1377,18,0,0,299.02,48.58
523,1206,187,2,3,336.58,36.23
524,346,81,0,0,113.53,25.29
525,1179,194,2,2,489.52,145.56
526,1115,252,0,2,166.16,19.86
527,639,416,0,0,171.76,84.72
528,426,369,0,1,177.02,26.13
529,599,206,0,0,97.41,20.1
530,1066,172,0,3,398.74,66.38
531,1304,25,1,3,225.83,52.79
532,1078,57,0,3,695.34,18.32
533,520,53,2,1,796.83,13.19
534,244,240,0,0,407.2,40.13
535,26,317,1,1,212.87,60.02
536,676,253,0,2,316.64,12.37
537,599,206,0,0,81.59,23.26
538,1178,8,2,0,1539.12,58.05
539,361,38,0,3,698.48,19.37
540,1295,298,0,0,293.09,17.3
541,1044,365,0,0,117.42,44.17
542,1013,80,1,0,897.7,12.39
543,1156,325,1,0,721.5,58.93
544,839,357,0,0,239.62,49.14
545,238,267,1,1,425.87,38.78
546,26,317,2,1,408.38,26.99
547,285,34,0,0,202.51,19.91
548,598,298,1,3,508.55,34.8
549,1225,290,0,2,668.76,50.7
550,144,118,0,1,114.98,14.04
551,135,280,1,2,217.12,33.64
552,175,344,1,0,220.78,43.06
553,233,344,2,0,366.98,24.57
554,361,38,1,3,1004.1,39.38
555,327,169,0,2,367.43,0.0
556,534,126,1,3,691.39,28.94
557,803,217,0,1,204.82,27.32
558,568,129,1,0,925.94,16.85
559,1332,309,2,0,803.79,17.54
560,1064,13,1,2,530.75,13.86
561,1082,7,1,0,517.45,28.44
562,728,149,0,3,321.02,49.02
563,717,236,0,1,179.88,38.48
564,1252,78,1,1,561.7,41.93
565,158,374,0,2,192.96,137.55
566,1127,369,1,3,440.18,37.53
567,392,367,1,0,308.88,9.44
568,683,105,0,2,816.71,17.64
569,250,168,1,3,272.51,12.61
570,796,95,0,3,343.55,26.1
571,991,128,2,2,376.03,20.07
572,405,83,1,1,571.6,45.05
573,441,12,2,2,1687.39,10.47
574,207,79,0,0,348.99,15.1
575,582,173,1,2,241.74,4.7
576,1258,112,1,0,306.26,10.48
577,202,392,0,0,200.53,37.27
578,1105,406,0,0,800.09,29.77
579,829,390,0,2,233.64,14.76
580,883,38,2,0,1290.13,66.1
581,368,370,1,0,895.41,64.26
582,503,90,0,2,342.54,73.83
583,1195,102,0,1,192.07,19.05
584,1335,9,0,2,365.55,21.62
585,1197,19,0,2,396.7,18.67
586,1375,373,1,2,410.45,31.37
587,1309,279,2,0,751.96,35.59
588,920,394,0,2,167.43,10.87
589,1004,398,0,0,346.4,37.25
590,500,326,1,3,174.94,60.29
591,825,49,1,2,439.27,6.71
592,1218,334,0,1,285.03,7.85
593,172,277,0,1,455.04,66.97
594,704,155,2,0,246.31,59.8
595,1259,388,1,2,654.76,26.17
596,96,241,2,2,404.54,20.5
597,359,130,0,0,317.26,23.82
598,243,418,0,3,322.24,18.11
599,430,377,0,0,354.1,39.87
600,1182,67,0,1,625.98,41.08
601,151,141,0,3,220.11,51.25
602,1297,15,0,2,250.89,64.62
603,461,81,0,1,122.38,14.19
604,879,235,0,3,133.81,0.0
605,1128,313,2,3,1643.13,18.9
606,404,168,2,0,552.43,19.23
607,1061,163,2,0,435.42,51.7
608,354,329,0,0,127.09,15.25
609,663,22,0,1,242.45,5.14
610,773,99,0,0,310.15,7.13
611,483,158,0,3,740.95,37.88
612,923,303,1,2,238.12,35.14
613,1178,8,0,0,569.06,18.43
614,226,254,0,2,88.61,25.35
615,44,261,0,0,147.88,8.28
616,226,254,0,3,118.35,39.71
617,688,417,0,0,312.3,40.46
618,1143,386,1,1,556.67,85.6
619,1203,18,0,2,246.3,23.42
620,792,357,0,3,301.14,53.14
621,238,267,1,3,544.57,64.65
622,276,351,0,2,175.98,10.89
623,799,25,1,0,233.03,39.04
624,187,41,1,3,339.88,13.97
625,885,348,0,1,170.44,12.36
626,260,161,0,2,161.79,27.97
627,572,22,1,2,362.31,41.86
628,644,245,1,1,415.54,13.06
629,1032,187,0,0,124.47,71.12
630,192,268,1,0,501.66,0.3
631,790,141,0,0,209.31,26.64
632,651,138,0,0,128.1,85.26
633,215,6,0,0,733.11,30.49
634,714,274,0,2,423.48,6.52
635,924,285,2,2,387.7,23.68
636,473,263,0,0,216.5,9.94
637,1297,15,0,1,277.77,40.98
638,467,90,0,0,430.39,12.58
639,548,172,0,1,206.44,10.12
640,535,226,0,1,368.16,29.32
641,1250,277,0,0,347.38,73.46
642,968,17,0,0,248.18,50.62
643,1341,280,0,0,156.09,34.91
644,725,368,2,1,434.62,47.11
645,1047,410,1,1,583.03,13.54
646,1245,380,0,0,135.34,38.74
647,1192,124,1,2,586.27,35.1
648,1155,268,1,1,473.15,25.9
649,850,383,0,1,312.95,15.79
650,221,410,0,0,369.21,8.5
651,371,301,2,1,711.39,30.61
652,937,219,0,0,146.18,39.65
653,1016,22,1,0,189.71,4.94
654,1218,334,0,0,276.26,47.71
655,482,163,1,2,291.05,6.35
656,1206,187,0,2,239.67,32.07
657,1003,127,1,0,1116.08,29.12
658,574,217,0,3,242.22,3.2
659,1138,60,0,1,167.57,33.67
660,706,70,0,0,258.64,49.85
661,90,232,0,3,287.21,20.89
662,436,187,0,0,164.08,22.87
663,405,83,0,3,435.53,52.98
664,803,217,2,3,518.26,96.93
665,272,74,0,2,159.95,72.22
666,1265,375,1,0,1103.81,125.07
667,93,286,1,2,174.27,43.48
668,1348,213,2,0,378.72,28.38
669,1289,310,0,2,290.54,1.23
670,1226,394,1,0,417.78,92.94
671,688,417,0,3,452.07,19.2
672,330,334,0,0,296.22,8.19
673,52,304,1,0,386.77,35.32
674,1210,118,0,1,145.47,97.56
675,385,336,1,0,301.5,68.81
676,112,259,0,0,180.8,43.35
677,1026,329,0,1,263.53,33.14
678,1321,325,2,1,1104.8,48.08
679,169,226,1,0,499.02,8.44
680,393,119,0,0,614.14,30.63
681,1065,197,1,2,147.11,24.19
682,1005,374,2,0,483.8,48.49
683,641,395,0,0,740.27,35.89
684,977,123,0,0,363.93,0.79
685,996,313,1,2,954.8,20.2
686,71,161,1,3,299.21,23.13
687,433,169,1,2,604.44,1.99
688,498,289,0,2,179.08,14.93
689,470,170,0,1,240.32,24.97
690,462,156,1,0,477.29,44.84
691,772,305,0,3,278.69,4.81
692,665,113,1,0,928.59,19.96
693,398,376,0,1,66.09,86.81
694,939,40,0,2,223.59,53.57
695,4,38,1,0,870.0,9.93
696,1069,244,0,1,93.82,26.1
697,649,337,0,3,376.83,12.64
698,1213,253,0,0,337.93,58.49
699,514,219,0,2,102.05,1.8
700,434,148,1,1,282.82,46.16
701,187,41,0,2,145.83,19.37
702,16,111,2,0,400.18,93.04
703,241,359,1,0,930.39,16.71
704,657,176,0,1,98.23,10.33
705,285,34,1,0,270.05,20.8
706,173,36,1,2,1087.57,32.05
707,813,159,0,2,203.76,15.94
708,1117,257,0,0,101.53,135.05
709,391,362,1,3,481.93,32.15
710,1192,124,0,3,422.58,18.69
711,1149,301,0,2,356.32,54.27
712,720,296,0,2,276.72,72.42
713,303,336,0,2,218.88,49.34
714,1284,315,0,3,184.71,68.96
715,78,253,0,3,386.56,4.81
716,581,96,0,2,612.78,59.47
717,633,4,1,0,187.51,12.73
718,969,220,0,3,168.38,38.21
719,577,166,2,0,1505.81,23.27
720,1142,320,1,1,518.29,43.16
721,1174,291,1,1,980.59,50.0
722,1234,388,0,0,275.01,0.0
723,735,293,0,0,215.81,43.0
724,397,119,1,1,806.64,8.02
725,1357,138,2,0,437.42,40.69
726,180,287,0,0,184.06,104.6
727,283,359,0,0,620.85,23.42
728,569,106,0,0,347.98,26.88
729,952,210,0,0,679.31,23.85
730,598,298,1,1,401.06,21.91
731,442,5,0,1,356.74,30.41
732,530,374,1,2,319.21,34.23
733,1196,9,1,0,616.3,12.6
734,208,138,2,0,474.81,53.93
735,135,280,0,3,180.19,33.42
736,67,194,0,2,178.15,14.04
737,880,371,0,0,175.59,34.47
738,639,416,0,0,115.96,8.96
739,986,226,0,1,258.12,66.12
740,1157,190,1,1,520.06,61.99
741,1335,9,0,3,522.44,37.37
742,802,162,0,0,180.81,31.15
743,1266,327,0,1,357.26,54.21
744,1049,115,0,2,275.32,22.52
745,271,363,0,1,282.29,13.11
746,956,171,0,0,366.08,5.23
747,620,8,0,0,662.49,139.85
748,133,335,0,3,212.97,82.5
749,734,158,0,0,625.85,83.19
750,994,244,2,1,430.33,9.97
751,1022,196,1,1,535.55,17.56
752,310,311,0,0,107.67,18.69
753,1335,9,0,0,438.71,29.14
754,1121,400,0,0,741.0,14.67
755,1310,279,0,2,331.52,54.18
756,1265,375,0,0,706.17,38.36
757,1165,354,0,2,387.11,0.0
758,809,197,0,0,82.7,41.96
759,609,279,0,0,388.88,50.01
760,596,293,0,0,96.41,42.73
761,1140,67,0,1,670.43,22.15
762,451,382,0,1,150.76,18.54
763,659,11,0,0,200.62,15.69
764,140,241,0,0,115.86,12.38
765,669,75,0,2,178.67,8.69
766,470,170,0,2,213.3,3.04
767,232,381,0,2,728.62,41.59
768,1130,351,0,3,156.94,77.78
769,415,415,0,0,98.2,48.18
770,218,222,0,1,183.12,77.18
771,831,211,0,0,182.16,21.37
772,1305,175,1,3,999.6,27.75
773,1293,122,0,2,161.49,38.32
774,1356,42,1,0,286.16,23.8
775,354,329,1,2,284.4,53.41
776,1041,162,0,2,106.14,94.31
777,320,406,0,0,823.62,78.6
778,218,222,0,1,115.29,29.99
779,175,344,2,3,294.37,93.01
780,434,148,2,0,380.4,97.0
781,904,333,1,3,271.11,17.25
782,1110,105,0,2,843.85,24.33
783,554,397,0,1,137.82,108.27
784,893,62,1,0,1200.0,38.01
785,892,3,0,0,270.81,15.15
786,296,105,2,3,2074.79,36.97
787,657,176,0,0,73.28,7.64
788,851,346,2,0,821.08,25.85
789,119,372,0,2,370.0,47.37
790,1343,7,1,3,494.37,34.43
791,79,270,2,0,788.13,74.13
792,837,337,0,2,333.57,14.16
793,276,351,0,1,120.76,30.08
794,395,77,1,1,419.98,26.83
795,721,162,0,3,94.65,39.11
796,702,397,0,3,150.27,12.07
797,485,124,1,0,472.42,159.46
798,284,201,0,0,407.53,102.41
799,182,86,2,2,722.81,86.95
800,904,333,1,1,328.39,9.54
801,430,377,1,2,533.59,26.83
802,1373,264,0,2,129.18,62.26
803,500,326,1,0,206.98,57.57
804,620,8,1,0,960.77,90.58
805,1350,28,0,2,140.01,51.93
806,1389,361,0,0,98.19,73.02
807,5,334,2,2,807.75,31.72
808,452,263,0,3,177.28,44.03
809,200,404,0,0,124.08,78.7
810,606,378,0,3,137.38,9.58
811,605,170,0,0,131.4,13.3
812,1395,317,0,1,148.98,50.27
813,1340,220,0,0,154.71,35.02
814,707,235,2,0,396.06,32.79
815,1357,138,1,0,285.17,9.05
816,1021,213,0,0,189.2,16.86
817,327,169,0,2,328.57,74.09
818,663,22,0,1,210.05,46.33
819,215,6,0,2,779.77,3.67
820,1171,357,0,2,156.09,25.23
821,1223,146,0,1,242.99,18.21
822,65,337,0,0,247.99,25.16
823,159,418,0,0,350.84,51.11
824,858,415,0,0,139.48,3.06
825,849,231,1,0,430.61,50.51
826,65,337,0,1,300.97,58.14
827,1266,327,0,0,344.35,19.79
828,525,215,0,0,180.74,15.32
829,994,244,1,2,225.29,65.09
830,870,153,1,2,136.36,45.4
831,339,176,1,0,157.83,13.74
832,1203,18,2,2,711.91,27.29
833,551,281,1,3,562.62,27.38
834,863,262,1,1,499.39,11.18
835,1306,223,0,0,117.67,20.42
836,602,262,1,0,482.65,18.89
837,530,374,0,1,211.93,11.08
838,1310,279,0,0,296.5,45.22
839,1272,305,0,0,276.3,22.14
840,106,2,0,3,72.38,17.8
841,1247,39,2,3,838.81,22.44
842,191,274,1,1,524.9,18.41
843,331,5,0,0,258.04,13.52
844,518,97,1,2,405.3,34.62
845,1304,25,1,0,255.82,26.55
846,220,227,1,1,564.84,49.2
847,202,392,0,2,101.23,123.72
848,680,167,1,1,916.5,33.7
849,923,303,1,0,242.98,78.83
850,453,310,2,1,754.65,47.58
851,1369,377,0,0,280.47,17.0
852,1333,290,0,0,677.99,35.34
853,59,159,0,0,386.62,26.39
854,172,277,0,1,426.38,19.93
855,159,418,0,0,336.52,14.62
856,901,69,0,1,780.1,63.05
857,1073,390,0,3,180.03,26.54
858,395,77,1,0,345.35,55.42
859,55,353,0,0,311.93,13.48
860,54,87,0,2,271.05,83.27
861,857,334,0,2,289.98,84.16
862,1251,194,0,2,272.69,18.84
863,552,148,0,1,135.62,43.82
864,1089,309,0,3,337.26,64.47
865,183,224,1,0,339.17,37.39
866,776,341,0,0,124.92,4.47
867,805,264,2,0,322.45,49.86
868,1034,11,1,2,281.12,30.3
869,1170,118,0,0,195.95,56.44
870,89,282,0,2,607.64,24.0
871,608,347,0,1,234.88,19.27
872,663,22,0,1,157.02,41.78
873,1321,325,1,3,768.38,41.54
874,20,85,0,1,370.63,19.74
875,106,2,0,2,115.24,36.18
876,1127,369,1,1,341.5,5.43
877,429,170,0,3,215.42,23.42
878,883,38,1,1,888.91,10.87
879,570,324,1,0,476.22,10.13
880,1108,18,1,1,479.86,47.42
881,620,8,1,1,1017.22,3.41
882,51,141,1,2,404.2,27.04
883,1395,317,0,0,100.13,67.79
884,90,232,0,2,206.75,15.61
885,252,238,1,1,466.62,32.74
886,1297,15,2,2,537.6,22.35
887,937,219,0,0,189.46,33.46
888,615,154,1,1,1076.74,51.96
889,940,411,0,1,286.8,26.77
890,879,235,0,0,45.0,32.79
891,499,185,0,2,685.18,54.25
892,795,388,2,0,820.57,23.38
893,49,28,0,0,139.07,26.18
894,707,235,0,2,153.35,26.63
895,1038,180,0,3,104.02,32.21
896,768,262,0,1,320.36,43.78
897,304,371,1,3,221.06,51.68
898,1026,329,0,2,157.04,8.16
899,608,347,0,0,175.81,30.57
900,1254,323,0,0,89.51,28.32
901,167,94,0,3,153.18,6.63
902,1058,149,1,2,461.59,30.31
903,172,277,1,2,605.39,121.27
904,164,8,0,1,595.85,32.71
905,561,355,1,1,892.87,10.02
906,1179,194,1,0,321.27,26.24
907,105,234,1,3,227.28,30.1
908,1166,75,2,3,519.53,46.82
909,959,330,0,0,287.57,17.25
910,136,178,0,0,219.37,15.81
911,1144,382,1,1,384.45,30.46
912,410,412,0,1,608.14,6.44
913,290,408,0,1,400.38,5.79
914,957,106,1,2,496.38,21.55
915,976,287,1,2,458.01,9.66
916,134,354,1,0,534.57,31.06
917,1159,157,1,0,265.5,15.42
918,775,84,0,2,301.86,63.96
919,72,80,2,1,1384.61,29.13
920,842,324,1,0,432.44,8.83
921,215,6,0,1,774.51,120.83
922,3,395,0,0,745.57,11.16
923,596,293,0,3,253.85,15.36
924,852,226,0,0,406.34,57.18
925,1271,408,0,2,288.84,57.23
926,731,259,0,1,218.39,8.36
927,551,281,0,0,419.08,9.98
928,739,112,1,3,280.5,3.8
929,295,61,0,0,252.36,7.16
930,697,36,1,0,1114.86,21.36
931,1096,165,0,3,292.84,80.32
932,1062,366,0,1,213.9,49.28
933,161,269,1,0,389.43,55.17
934,358,91,1,1,559.43,33.9
935,789,98,0,0,312.39,0.0
936,1300,244,0,0,235.09,20.09
937,565,237,0,3,140.33,18.92
938,409,398,1,0,615.47,45.35
939,525,215,2,2,374.61,77.05
940,163,21,0,2,414.64,8.44
941,335,384,1,0,1128.13,38.2
942,1113,41,0,3,244.32,28.17
943,1212,133,0,0,150.76,49.68
944,464,242,0,2,224.71,15.63
945,1156,325,0,1,452.99,10.88
946,880,371,0,3,130.46,20.32
947,1118,320,1,0,556.47,31.75
948,1344,315,2,0,482.25,23.58
949,1202,125,1,2,496.0,31.45
950,400,28,2,0,378.44,19.5
951,1336,90,0,0,436.28,24.12
952,521,198,0,0,170.69,44.85
953,537,326,0,0,118.98,24.29
954,1079,316,0,0,238.8,38.42
955,75,127,0,2,843.84,28.76
956,759,221,1,0,400.57,2.75
957,1046,332,1,0,463.72,60.26
958,1120,31,1,0,488.22,60.21
959,479,255,0,2,258.24,12.87
960,750,289,0,1,126.2,9.42
961,84,401,0,2,313.08,65.92
962,1143,386,0,0,330.71,16.51
963,455,110,0,2,334.96,36.46
964,112,259,0,0,145.07,15.37
965,748,166,0,1,603.81,50.76
966,1141,180,1,1,238.61,69.11
967,1243,6,1,0,1167.54,56.98
968,1301,266,0,2,106.36,24.13
969,227,109,1,0,256.83,23.35
970,165,402,0,2,753.3,47.19
971,480,117,0,2,187.57,1.99
972,1298,400,0,3,852.46,51.22
973,849,231,1,0,377.26,76.12
974,875,41,1,0,200.0,5.07
975,847,136,0,1,351.43,35.47
976,715,412,0,0,616.89,30.63
977,1197,19,0,0,349.79,11.43
978,1264,277,2,0,884.85,57.44
979,872,65,0,1,213.63,1.4
980,1156,325,0,0,450.85,29.09
981,435,357,1,1,215.54,32.49
982,1082,7,2,0,843.06,22.09
983,1,334,0,0,355.9,60.68
984,714,274,2,0,929.7,7.21
985,705,282,2,3,1496.43,49.87
986,1177,313,0,0,645.28,19.83
987,492,161,2,1,366.12,19.96
988,298,98,1,1,341.67,41.16
989,1101,247,0,0,200.87,35.45
990,261,186,2,0,1461.68,73.98
991,612,99,0,2,335.6,29.57
992,924,285,1,0,162.75,28.94
993,318,250,0,1,179.04,12.64
994,518,97,0,2,276.71,10.0
995,461,81,1,0,218.67,69.87
996,848,93,0,0,118.91,29.89
997,1011,183,0,1,103.84,22.49
998,605,170,2,2,347.42,34.29
999,285,34,0,1,183.01,9.29
1000,965,197,1,1,212.9,34.25
1001,472,195,0,2,152.88,32.03
1002,1285,378,0,2,166.48,21.68
1003,433,169,1,0,477.07,10.33
1004,900,146,2,1,583.32,32.1
1005,1061,163,2,0,369.5,31.68
1006,951,157,0,2,121.38,45.5
1007,1122,247,0,0,245.25,32.13
1008,1180,332,1,0,426.42,66.8
1009,583,309,1,1,526.38,32.9
1010,4,38,0,1,544.85,42.92
1011,1373,264,0,0,141.03,25.36
1012,1113,41,1,1,207.88,51.79
1013,298,98,0,0,104.02,0.0
1014,413,1,0,1,172.65,25.96
1015,7,74,1,2,203.4,68.09
1016,135,280,0,3,321.36,18.49
1017,65,337,0,2,277.41,40.0
1018,1123,350,1,2,940.74,47.16
1019,439,166,2,2,1380.08,31.49
1020,1289,310,0,1,278.63,1.33
1021,566,279,0,1,316.38,32.46
1022,19,77,0,0,189.4,58.3
1023,1101,247,1,2,255.9,49.89
1024,1098,228,0,1,748.16,45.74
1025,995,58,0,3,567.63,9.08
1026,215,6,1,2,1081.9,23.07
1027,183,224,1,0,295.71,93.43
1028,457,379,0,0,328.54,33.12
1029,241,359,1,2,885.31,33.19
1030,1396,186,0,2,606.92,40.01
1031,435,357,2,2,423.95,70.32
1032,530,374,0,3,231.23,33.17
1033,638,225,1,0,569.08,41.92
1034,1011,183,0,2,299.53,15.67
1035,172,277,0,0,416.82,20.92
1036,9,210,0,1,677.22,33.36
1037,1285,378,0,0,218.78,94.23
1038,763,325,1,0,702.01,3.88
1039,864,187,2,0,336.01,29.33
1040,520,53,2,2,696.38,16.63
1041,726,273,0,1,361.72,34.4
1042,371,301,1,0,497.43,12.31
1043,1385,244,0,0,202.83,32.51
1044,585,379,0,1,266.38,80.44
1045,3,395,0,1,816.97,90.85
1046,1336,90,0,2,315.68,34.04
1047,767,241,0,3,160.92,41.9
1048,398,376,0,0,70.68,11.0
1049,979,288,0,0,283.99,34.9
1050,997,27,1,1,486.98,60.66
1051,1310,279,2,0,754.72,8.82
1052,557,227,1,2,433.28,15.41
1053,1160,1,1,2,377.95,14.58
1054,269,420,1,0,245.61,101.43
1055,147,211,1,1,265.13,5.59
1056,477,359,1,2,877.17,38.32
1057,824,239,2,0,1381.28,60.2
1058,701,140,2,0,1526.53,30.23
1059,638,225,0,1,265.09,28.42
1060,1294,246,1,0,405.22,94.66
1061,1367,82,0,2,219.19,41.21
1062,329,309,2,0,821.58,27.51
1063,450,359,1,1,876.85,32.2
1064,315,187,0,0,132.28,57.03
1065,1101,247,1,0,292.77,41.51
1066,419,9,1,1,566.88,58.95
1067,1355,81,1,0,210.84,57.31
1068,203,379,0,3,379.04,72.75
1069,89,282,2,2,1393.52,93.32
1070,616,16,0,1,243.01,33.75
1071,888,94,1,1,191.33,18.93
1072,1368,198,0,0,161.0,28.44
1073,398,376,0,0,204.93,81.88
1074,395,77,0,3,232.22,11.43
1075,407,51,0,0,691.81,53.41
1076,831,211,1,0,174.27,51.11
1077,1319,254,2,0,262.88,9.06
1078,748,166,2,1,1593.93,5.91
1079,1241,245,0,0,217.49,42.39
1080,698,52,1,0,273.39,39.75
1081,440,42,2,0,439.57,62.86
1082,942,393,2,0,1406.48,22.71
1083,189,352,0,2,325.83,38.92
1084,51,141,2,2,562.83,44.7
1085,745,180,0,1,122.41,9.94
1086,1331,206,1,2,196.55,68.04
1087,1078,57,0,2,609.67,6.19
1088,885,348,0,2,152.38,2.51
1089,1142,320,0,0,387.37,27.35
1090,930,313,0,1,607.83,51.79
1091,447,259,2,1,425.41,29.94
1092,916,15,0,0,267.77,9.51
1093,749,333,1,3,329.05,55.89
1094,998,158,0,0,575.56,79.1
1095,466,312,1,2,699.86,46.74
1096,832,82,0,0,293.17,16.81
1097,1071,198,0,0,173.21,16.57
1098,1310,279,0,0,364.97,18.47
1099,911,17,1,3,298.13,47.92
1100,575,242,1,1,263.35,32.67
1101,261,186,1,0,957.61,23.75
1102,654,247,0,1,131.84,34.22
1103,1186,300,0,2,599.47,50.39
1104,967,16,1,1,353.21,3.26
1105,149,282,0,0,578.04,55.04
1106,1230,265,0,3,130.07,76.6
1107,1214,92,2,0,783.53,30.73
1108,492,161,0,2,102.37,3.79
1109,79,270,1,2,582.25,68.26
1110,1156,325,0,1,508.68,11.73
1111,673,97,1,0,479.52,3.68
1112,189,352,2,1,753.84,27.21
1113,1122,247,1,0,269.31,16.36
1114,1053,110,0,0,283.0,37.99
1115,1263,13,1,2,476.39,36.2
1116,1323,215,2,0,307.79,7.6
1117,488,194,0,0,209.7,33.44
1118,791,332,0,1,303.53,34.22
1119,314,64,0,3,310.33,6.21
1120,521,198,0,3,76.41,36.54
1121,1223,146,0,0,309.11,50.31
1122,622,136,1,0,486.55,18.05
1123,1095,130,2,0,919.13,40.13
1124,270,368,0,0,142.89,29.1
1125,1326,135,1,2,544.98,11.63
1126,641,395,0,2,808.83,31.11
1127,196,94,1,0,288.73,71.39
1128,1153,103,1,0,217.67,58.18
1129,1294,246,1,0,466.36,44.35
1130,1399,382,0,1,229.25,18.38
1131,1046,332,2,2,683.45,70.1
1132,443,306,0,0,281.12,22.96
1133,989,78,1,2,659.61,29.33
1134,320,406,0,1,764.97,50.5
1135,381,78,0,2,340.29,3.25
1136,827,414,1,2,137.5,5.77
1137,899,108,0,1,63.31,57.4
1138,53,377,0,2,308.44,12.72
1139,570,324,0,2,266.14,28.56
1140,1393,414,2,0,406.65,12.87
1141,18,385,0,1,125.96,69.79
1142,765,374,0,0,181.86,44.73
1143,1335,9,0,2,526.55,23.82
1144,336,352,1,2,554.64,13.84
1145,542,255,1,0,574.96,35.87
1146,684,286,0,1,181.95,27.11
1147,1230,265,0,0,236.05,27.96
1148,94,308,0,0,170.66,27.61
1149,165,402,0,1,706.71,6.71
1150,888,94,0,0,154.82,19.85
1151,1198,150,0,2,173.33,60.53
1152,713,377,0,0,296.65,42.56
1153,1260,41,0,2,210.62,36.3
1154,1323,215,0,0,180.48,12.45
1155,167,94,1,2,322.0,14.52
1156,1219,39,0,2,292.63,78.84
1157,628,104,0,2,275.21,18.29
1158,290,408,1,0,613.89,11.41
1159,358,91,2,1,1004.83,9.48
1160,314,64,1,0,554.5,28.62
1161,1139,184,0,2,256.67,11.9
1162,971,184,0,2,245.11,50.87
1163,141,172,0,2,307.82,28.71
1164,345,174,0,1,540.07,16.46
1165,963,140,0,2,576.4,30.3
1166,1285,378,1,2,267.97,25.6
1167,331,5,2,3,988.91,15.62
1168,1347,356,1,0,641.49,57.0
1169,261,186,0,0,712.87,21.15
1170,1374,365,1,3,291.81,16.07
1171,183,224,2,0,435.45,11.24
1172,870,153,1,0,274.5,15.89
1173,636,135,1,0,474.04,37.93
1174,877,103,0,0,67.79,30.54
1175,1263,13,2,1,681.66,34.85
1176,616,16,0,3,280.36,62.88
1177,1106,29,0,0,616.31,19.05
1178,48,103,0,0,148.47,17.49
1179,1285,378,1,0,264.6,16.19
1180,723,419,2,2,761.62,32.24
1181,418,131,1,0,250.75,1.53
1182,693,174,0,2,422.98,13.79
1183,1033,90,2,2,892.68,17.59
1184,1331,206,2,1,344.14,59.63
1185,1353,90,0,2,310.14,28.71
1186,1012,161,1,3,338.85,11.42
1187,1034,11,2,0,316.71,54.62
1188,565,237,2,1,529.44,14.68
1189,188,255,1,1,466.32,21.27
1190,503,90,1,2,526.97,28.79
1191,494,172,2,3,685.52,41.73
1192,378,214,1,2,383.67,23.92
1193,1278,164,1,1,571.94,11.8
1194,295,61,0,1,163.08,12.62
1195,1355,81,0,0,148.63,4.83
1196,70,329,0,1,152.0,32.15
1197,391,362,0,1,393.77,37.21
1198,894,284,1,0,994.55,85.39
1199,873,275,1,0,473.66,17.79
1200,1176,320,2,2,763.05,11.17
1201,1290,325,1,2,663.87,14.37
1202,1391,346,1,0,525.95,54.06
1203,425,158,0,1,708.75,20.1
1204,55,353,1,0,467.43,11.34
1205,695,305,0,0,218.36,79.02
1206,561,355,0,1,699.84,20.94
1207,591,157,0,2,184.84,10.12
1208,597,317,2,0,351.2,62.58
1209,785,109,0,2,241.93,63.94
1210,1270,243,1,0,457.21,28.01
1211,405,83,1,3,525.64,36.24
1212,1302,166,0,2,611.75,68.77
1213,274,29,0,1,678.37,7.9
1214,1268,307,1,0,487.78,43.51
1215,350,107,0,3,45.0,9.5
1216,822,45,0,1,215.93,20.33
1217,1081,52,0,1,146.85,29.82
1218,312,327,1,2,527.54,39.19
1219,983,254,1,0,63.77,19.01
1220,862,1,1,1,286.43,53.7
1221,466,312,1,0,660.12,52.9
1222,37,63,0,1,111.92,58.6
1223,112,259,0,2,136.06,23.58
1224,347,311,0,0,128.72,36.98
1225,435,357,0,1,98.23,33.87
1226,1332,309,0,0,350.98,42.57
1227,613,313,0,2,701.55,13.32
1228,105,234,0,2,204.11,70.6
1229,1099,233,1,0,524.02,51.55
1230,1104,270,0,0,330.68,38.28
1231,1397,328,0,2,304.02,11.82
1232,177,154,0,3,663.19,25.42
1233,538,103,0,2,121.46,33.78
1234,659,11,0,0,98.37,15.63
1235,517,301,0,0,340.76,16.03
1236,1337,382,0,2,274.74,28.75
1237,1194,381,0,0,827.36,69.6
1238,569,106,0,1,317.25,9.75
1239,225,257,1,0,264.33,44.76
1240,872,65,1,3,253.54,49.68
1241,1214,92,1,2,623.83,42.1
1242,520,53,0,2,403.53,46.61
1243,1007,166,1,0,882.85,15.36
1244,413,1,0,0,260.97,24.91
1245,1224,245,0,2,190.4,12.06
1246,570,324,0,1,315.66,14.61
1247,1050,36,0,1,632.77,70.62
1248,1091,44,0,1,181.51,1.73
1249,1020,144,0,3,125.1,40.42
1250,214,117,0,3,217.79,51.97
1251,201,45,0,1,276.02,20.32
1252,524,305,0,0,338.14,12.37
1253,605,170,0,1,169.8,34.06
1254,341,175,2,0,1457.79,10.21
1255,159,418,0,2,298.17,11.88
1256,285,34,1,2,265.46,9.91
1257,669,75,0,2,183.02,16.94
1258,1261,380,0,0,206.82,55.98
1259,931,293,0,2,234.54,42.95
1260,399,9,0,3,342.74,7.18
1261,352,366,1,1,259.95,15.51
1262,855,108,0,2,75.84,49.15
1263,404,168,0,2,160.61,38.9
1264,1087,368,1,1,283.25,7.15
1265,311,402,1,0,877.2,16.37
1266,1112,98,0,3,193.26,21.09
1267,139,299,1,2,203.94,37.01
1268,580,299,0,0,174.47,40.8
1269,1398,341,0,3,190.47,38.37
1270,331,5,0,1,387.64,91.8
1271,432,132,0,0,160.58,67.5
1272,312,327,1,3,572.66,11.23
1273,1309,279,0,1,288.58,31.18
1274,684,286,1,0,202.1,52.45
1275,169,226,0,0,317.03,10.84
1276,921,80,1,1,794.7,88.6
1277,625,163,0,2,124.62,31.55
1278,246,10,0,1,192.79,58.17
1279,224,109,0,1,152.5,9.06
1280,289,341,0,0,168.47,31.37
1281,1108,18,0,1,211.48,85.46
1282,951,157,1,0,245.87,9.72
1283,1235,405,0,0,111.91,30.88
1284,1301,266,0,0,178.82,63.82
1285,230,418,0,2,215.25,13.12
1286,321,352,0,2,327.93,37.96
1287,1373,264,1,3,208.73,25.02
1288,166,332,0,0,355.4,62.74
1289,66,120,1,0,528.16,38.08
1290,937,219,2,0,407.71,52.78
1291,700,410,1,1,565.52,64.99
1292,553,273,2,1,821.99,13.07
1293,730,120,0,0,323.92,36.94
1294,28,402,1,2,1051.72,42.83
1295,1079,316,0,0,334.45,44.69
1296,443,306,0,1,264.4,57.16
1297,484,130,1,2,607.31,27.17
1298,1083,262,1,3,543.96,38.13
1299,295,61,0,3,197.9,5.37
1300,709,243,0,3,324.4,39.8
1301,1328,118,0,1,135.29,33.75
1302,1212,133,1,3,257.0,16.62
1303,124,77,2,1,574.63,36.33
1304,294,333,0,0,161.09,16.17
1305,1116,370,0,2,620.34,23.71
1306,1237,283,1,0,226.5,32.84
1307,1059,167,0,2,608.1,15.54
1308,730,120,0,1,352.97,12.24
1309,115,64,0,0,426.32,121.56
1310,70,329,0,2,177.7,23.01
1311,168,28,1,3,221.23,5.84
1312,891,407,1,0,166.81,22.3
1313,411,187,1,0,316.01,11.81
1314,330,334,0,0,370.37,15.9
1315,1181,142,0,1,263.85,41.23
1316,1188,149,2,3,726.37,36.85
1317,1287,213,0,3,256.1,27.53
1318,1354,389,1,2,552.76,103.02
1319,122,414,0,0,85.17,67.5
1320,245,187,0,0,192.45,14.8
1321,968,17,0,0,184.92,52.34
1322,1190,348,0,3,207.02,20.91
1323,1377,18,1,3,505.65,29.34
1324,907,360,0,1,686.88,13.14
1325,174,146,0,3,306.47,7.05
1326,1303,162,1,2,173.29,49.85
1327,810,103,0,2,159.51,10.29
1328,1008,11,0,0,154.27,35.2
1329,937,219,2,0,428.07,23.33
1330,135,280,1,2,194.79,11.23
1331,319,380,0,3,161.27,36.87
1332,1225,290,1,1,1103.75,24.98
1333,749,333,0,3,172.12,13.05
1334,209,383,1,0,512.73,12.85
1335,1032,187,1,3,319.72,61.51
1336,1266,327,0,0,385.71,33.98
1337,363,368,1,1,283.56,6.76
1338,906,372,1,1,565.92,6.64
1339,98,120,2,1,813.72,80.75
1340,645,399,0,2,304.96,31.84
1341,528,1,1,0,416.3,14.04
1342,56,388,0,0,296.75,36.91
1343,1014,313,0,3,658.58,15.59
1344,650,154,0,3,630.01,24.07
1345,1186,300,0,0,712.25,38.88
1346,428,175,1,0,935.53,34.7
1347,1177,313,2,0,1574.94,10.11
1348,653,93,0,0,114.84,3.23
1349,479,255,1,2,534.48,30.95
1350,432,132,1,0,221.45,23.95
1351,1135,135,0,0,305.95,49.52
1352,1143,386,0,0,397.0,38.38
1353,193,364,0,1,330.91,0.0
1354,1327,377,0,0,336.52,32.78
1355,180,287,0,0,327.53,14.1
1356,1246,226,2,0,733.82,20.07
1357,344,191,0,0,217.34,35.72
1358,840,315,0,0,248.27,28.14
1359,88,16,0,1,185.56,89.59
1360,923,303,0,0,207.23,11.09
1361,737,345,0,0,122.93,23.19
1362,769,223,0,1,186.25,28.05
1363,676,253,1,0,432.93,12.28
1364,130,376,0,1,117.5,22.59
1365,121,156,1,0,465.46,68.99
1366,291,283,2,2,330.84,94.34
1367,781,252,0,3,190.74,57.23
1368,398,376,1,0,187.18,23.14
1369,40,270,0,3,443.83,23.0
1370,412,117,2,1,391.02,31.33
1371,75,127,0,1,767.94,20.99
1372,1214,92,1,2,545.72,8.6
1373,1112,98,1,1,352.66,4.19
1374,640,267,0,3,330.91,20.71
1375,1340,220,1,3,344.45,51.85
1376,135,280,0,3,64.04,18.73
1377,155,108,2,3,421.85,17.95
1378,437,34,2,2,408.47,22.85
1379,520,53,0,0,308.44,64.46
1380,150,299,1,2,132.39,47.88
1381,490,293,1,0,242.05,34.35
1382,764,378,0,0,226.48,17.33
1383,1146,142,0,1,207.8,130.15
1384,953,298,0,0,344.56,10.92
1385,289,341,0,0,205.89,19.31
1386,767,241,0,0,88.57,22.7
1387,1322,221,0,1,241.1,50.67
1388,105,234,0,3,155.93,21.72
1389,1182,67,2,3,1713.93,93.67
1390,1239,53,1,0,634.59,74.09
1391,1288,103,0,2,239.0,35.56
1392,171,103,1,0,244.24,57.37
1393,1348,213,2,0,410.93,28.45
1394,450,359,0,3,677.33,72.78
1395,775,84,1,2,269.81,56.87
1396,50,310,0,2,309.57,19.65
1397,229,228,2,1,1580.49,23.12
1398,371,301,1,1,369.49,24.43
1399,1210,118,0,0,119.05,12.69
1400,547,213,1,0,361.63,24.23
1401,427,387,0,0,250.36,33.93
1402,1343,7,1,1,529.71,0.0
1403,518,97,1,1,472.15,54.17
1404,1304,25,1,1,253.02,17.05
1405,1135,135,1,0,477.21,71.81
1406,809,197,0,0,90.09,20.24
1407,385,336,1,0,292.44,9.16
1408,1047,410,0,0,352.39,20.11
1409,247,203,0,0,376.41,44.27
1410,1314,252,0,1,156.89,32.11
1411,779,385,1,2,209.23,37.91
1412,1380,390,0,0,258.6,23.22
1413,403,237,1,0,273.65,73.05
1414,395,77,1,3,317.09,13.94
1415,900,146,0,0,208.88,67.99
1416,1224,245,0,1,246.57,50.98
1417,589,379,2,0,672.83,20.58
1418,168,28,1,0,268.58,43.03
1419,299,236,1,0,215.71,20.66
1420,167,94,0,1,240.06,48.33
1421,1061,163,1,2,334.08,0.41
1422,568,129,0,2,690.81,50.82
1423,1225,290,0,0,660.98,69.42
1424,849,231,1,2,377.01,49.42
1425,451,382,1,3,306.08,107.78
1426,672,307,0,2,229.52,86.76
1427,1378,321,1,2,341.05,44.98
1428,668,234,0,1,162.1,13.34
1429,757,353,0,2,279.97,0.34
1430,875,41,0,1,173.92,8.87
1431,362,146,0,0,211.08,38.42
1432,1298,400,0,1,686.63,23.24
1433,475,64,0,0,402.19,42.06
1434,1206,187,1,3,371.93,45.16
1435,637,234,0,0,168.34,180.21
1436,955,237,0,0,254.13,2.66
1437,653,93,1,2,292.27,16.29
1438,1204,375,1,1,1079.89,79.56
1439,743,90,0,0,391.89,25.65
1440,165,402,0,1,630.34,26.87
1441,684,286,0,0,114.25,23.84
1442,179,31,1,2,406.79,11.41
1443,238,267,1,1,482.54,31.39
1444,1016,22,2,0,547.16,62.8
1445,426,369,0,0,269.21,11.35
1446,39,321,1,1,165.48,44.93
1447,665,113,0,2,549.92,71.01
1448,531,17,0,0,110.76,15.97
1449,958,251,2,0,1413.21,35.66
1450,999,172,1,3,584.53,7.15
1451,927,1,2,1,523.9,54.31
1452,212,336,0,0,172.49,30.01
1453,1058,149,1,3,557.86,17.36
1454,850,383,2,1,810.35,30.98
1455,700,410,1,0,534.26,38.94
1456,337,182,2,1,411.52,69.73
1457,799,25,0,2,157.26,12.48
1458,307,314,0,1,208.45,50.31
1459,7,74,0,1,246.81,56.28
1460,605,170,0,0,109.48,24.66
1461,74,382,0,0,169.01,36.71
1462,658,394,0,2,343.97,24.45
1463,99,312,2,1,1011.01,33.63
1464,177,154,0,1,660.7,15.12
1465,769,223,0,0,66.97,81.62
1466,1396,186,2,0,1550.93,77.24
1467,1200,2,2,0,258.77,63.31
1468,656,359,1,3,1012.63,11.04
1469,50,310,1,3,609.06,29.92
1470,1151,23,1,2,260.99,66.77
1471,389,119,0,0,517.16,29.29
1472,1083,262,2,2,681.15,31.84
1473,955,237,2,3,555.8,47.2
1474,749,333,2,1,455.53,19.65
1475,460,215,0,0,104.6,34.7
1476,402,133,0,2,221.02,42.91
1477,173,36,0,3,710.02,94.18
1478,333,312,0,0,396.55,4.82
1479,213,303,2,0,403.62,56.67
1480,433,169,0,2,256.99,5.6
1481,242,411,0,0,245.11,131.89
1482,816,159,2,0,763.62,24.02
1483,910,192,1,0,522.79,66.73
1484,1284,315,1,1,238.61,81.04
1485,1073,390,0,0,194.83,8.13
1486,1363,218,0,2,153.05,99.42
1487,1218,334,0,2,294.7,69.3
1488,1192,124,0,0,373.74,20.95
1489,1109,104,1,2,580.49,14.46
1490,920,394,0,0,341.94,16.79
1491,848,93,0,2,105.83,38.02
1492,983,254,1,2,125.06,52.67
1493,525,215,1,0,207.78,27.43
1494,83,185,0,2,623.77,44.34
1495,933,254,2,1,348.38,31.7
1496,1043,70,1,0,518.4,14.35
1497,854,269,0,2,88.53,45.23
1498,1003,127,0,0,681.52,35.15
1499,893,62,1,2,1283.63,16.54
1500,677,389,0,0,389.13,53.13
1501,340,253,0,1,388.01,43.11
1502,626,360,1,0,1026.16,112.92
1503,817,171,1,2,562.06,65.81
1504,750,289,1,2,319.2,42.36
1505,1214,92,0,1,384.94,36.65
1506,1053,110,0,0,347.11,14.79
1507,17,223,1,1,229.81,56.92
1508,554,397,0,1,230.43,41.38
1509,799,25,2,1,366.57,28.93
1510,83,185,2,3,1691.33,35.9
1511,23,354,0,2,321.57,9.05
1512,359,130,1,2,544.54,55.71
1513,726,273,2,1,841.81,30.14
1514,542,255,1,1,475.18,60.3
1515,851,346,2,2,876.98,60.4
1516,422,296,0,2,384.75,106.86
1517,101,334,1,3,546.76,10.01
1518,1100,208,0,2,136.63,57.11
1519,53,377,0,0,324.0,47.82
1520,152,206,0,1,125.19,52.47
1521,1223,146,1,3,354.32,12.39
1522,1174,291,0,1,596.52,5.98
1523,1085,304,1,0,272.65,11.4
1524,569,106,2,2,692.69,8.84
1525,379,126,1,1,479.14,35.21
1526,132,292,0,0,389.77,50.01
1527,665,113,0,3,641.5,94.84
1528,889,245,0,1,276.02,12.02
1529,1278,164,1,2,576.65,87.55
1530,995,58,0,0,597.82,17.79
1531,310,311,0,0,69.74,8.71
1532,328,57,1,0,917.24,15.64
1533,1032,187,0,0,130.75,96.85
1534,423,311,0,0,135.32,9.31
1535,969,220,1,1,279.88,7.77
1536,1159,157,2,3,458.67,22.02
1537,1105,406,1,1,1316.56,13.17
1538,1292,282,0,0,550.68,48.25
1539,776,341,0,0,170.44,27.4
1540,1369,377,1,0,521.78,32.76
1541,1057,67,0,2,791.54,9.0
1542,983,254,0,2,45.0,36.21
1543,1183,208,2,0,483.03,23.09
1544,293,35,0,3,676.76,77.11
1545,1388,364,1,2,480.68,11.6
1546,1103,57,1,3,1008.85,28.82
1547,68,18,1,0,355.71,24.36
1548,569,106,1,0,558.86,70.46
1549,710,109,0,3,124.08,32.09
1550,936,116,0,0,282.7,66.83
1551,148,394,2,1,778.0,25.6
1552,1111,162,1,2,227.33,44.04
1553,531,17,1,1,177.81,60.78
1554,75,127,0,2,670.78,79.16
1555,83,185,2,3,1704.75,50.02
1556,275,112,2,2,465.27,35.97
1557,664,313,0,3,659.89,23.89
1558,637,234,0,0,177.11,15.53
1559,1235,405,1,0,241.06,60.54
1560,695,305,0,1,347.36,17.39
1561,545,391,2,2,418.96,68.26
1562,185,217,0,3,199.08,0.5
1563,150,299,0,0,78.37,56.58
1564,566,279,0,1,324.16,18.95
1565,892,3,1,0,473.21,44.33
1566,317,149,0,0,289.67,22.38
1567,845,251,2,1,1439.66,79.54
1568,534,126,1,0,589.67,16.84
1569,1169,356,2,1,985.09,27.79
1570,744,216,0,0,160.38,19.52
1571,1390,220,0,0,146.4,58.81
1572,1355,81,0,0,166.75,7.55
1573,56,388,0,2,314.71,49.12
1574,124,77,2,1,504.61,46.23
1575,217,365,0,0,119.01,40.96
1576,605,170,1,1,277.02,47.04
1577,167,94,0,3,141.96,9.38
1578,836,370,0,0,637.71,25.4
1579,1323,215,0,1,129.99,0.0
1580,571,419,0,0,397.68,21.71
1581,550,266,0,3,172.49,14.12
1582,1032,187,2,0,385.91,49.86
1583,897,347,0,3,154.65,12.63
1584,689,20,0,0,45.0,68.64
1585,1137,185,0,0,665.17,32.33
1586,398,376,2,1,399.54,10.18
1587,1068,391,0,1,294.84,15.56
1588,701,140,1,3,946.03,52.93
1589,1317,365,0,0,92.22,33.13
1590,757,353,1,1,464.65,22.98
1591,433,169,1,2,507.45,150.31
1592,1255,29,1,3,1086.14,36.66
1593,252,238,1,0,395.41,43.41
1594,820,69,0,2,724.6,100.51
1595,491,408,0,3,423.57,60.6
1596,839,357,0,0,133.45,26.08
1597,1134,33,0,0,115.03,24.62
1598,305,117,2,3,472.34,21.92
1599,520,53,1,1,546.72,4.21
1600,40,270,0,1,415.42,40.56
1601,1303,162,0,0,114.07,19.97
1602,1372,397,1,0,187.93,30.36
1603,108,98,1,1,244.49,84.9
1604,1169,356,0,1,458.3,31.26
1605,713,377,0,1,309.1,26.04
1606,658,394,0,0,284.33,0.0
1607,757,353,0,0,275.02,70.88
1608,379,126,1,0,580.92,24.34
1609,665,113,0,2,583.65,22.42
1610,956,171,1,0,511.2,13.98
1611,955,237,1,2,350.64,56.9
1612,1071,198,0,0,206.03,36.63
1613,750,289,1,0,274.68,91.56
1614,70,329,1,2,354.45,15.75
1615,1108,18,0,1,293.72,43.31
1616,126,150,0,3,284.77,2.43
1617,166,332,2,2,761.49,28.28
1618,497,291,0,0,613.82,19.26
1619,1002,376,0,0,63.55,6.01
1620,1323,215,0,0,156.31,25.99
1621,833,407,2,3,448.57,36.64
1622,246,10,0,3,108.42,57.76
1623,999,172,0,2,306.41,21.92
1624,1191,108,2,0,343.46,54.2
1625,1372,397,2,3,428.23,74.7
1626,182,86,0,3,407.08,19.61
1627,967,16,1,0,260.0,9.35
1628,1344,315,1,0,362.08,28.97
1629,946,343,1,2,272.36,47.3
1630,340,253,1,3,651.51,35.91
1631,1238,219,0,0,146.9,36.44
1632,1164,160,0,1,423.03,59.73
1633,665,113,0,0,616.75,11.8
1634,980,393,0,0,434.34,57.72
1635,537,326,0,1,144.36,38.48
1636,163,21,2,2,889.49,111.36
1637,1342,102,0,0,199.24,20.53
1638,1023,375,2,0,1545.9,51.15
1639,808,233,0,0,310.4,32.06
1640,834,353,0,0,186.82,44.58
1641,994,244,0,3,221.14,28.62
1642,142,219,1,2,274.58,30.68
1643,347,311,1,2,299.62,28.28
1644,1082,7,0,2,327.65,6.38
1645,186,142,0,0,258.8,66.11
1646,1183,208,0,1,204.3,13.19
1647,1358,254,0,1,56.78,18.56
1648,1131,142,1,1,451.03,38.15
1649,1310,279,0,0,331.38,33.31
1650,881,306,2,0,613.24,63.12
1651,1223,146,1,0,360.48,29.13
1652,1122,247,1,2,257.08,5.47
1653,867,206,0,2,201.26,25.76
1654,765,374,0,3,156.55,29.24
1655,114,79,0,0,357.46,17.43
1656,1117,257,1,0,324.3,33.11
1657,38,222,1,0,223.23,70.11
1658,680,167,1,0,1075.21,46.76
1659,116,13,0,0,332.84,10.24
1660,481,6,0,0,693.9,22.12
1661,817,171,0,0,394.47,16.15
1662,1034,11,1,2,209.1,8.25
1663,488,194,1,2,310.36,53.58
1664,1116,370,1,1,920.01,72.04
1665,238,267,0,1,297.5,5.47
1666,29,119,1,1,870.17,35.59
1667,1095,130,0,1,337.7,2.95
1668,351,329,2,2,519.16,43.95
1669,662,213,0,2,149.16,44.99
1670,136,178,2,2,489.66,5.9
1671,258,143,0,2,167.61,13.33
1672,140,241,1,3,344.75,12.77
1673,289,341,0,2,214.6,49.48
1674,3,395,0,3,794.19,26.54
1675,1245,380,1,1,309.08,28.1
1676,524,305,0,1,234.52,67.56
1677,1271,408,0,0,346.66,27.16
1678,199,387,0,0,446.03,32.46
1679,1275,359,0,1,688.1,35.27
1680,693,174,0,0,396.45,13.77
1681,919,48,0,2,163.25,60.43
1682,1022,196,0,0,221.48,32.64
1683,12,127,0,2,695.72,29.76
1684,315,187,1,0,157.6,45.88
1685,571,419,0,0,355.68,22.65
1686,120,188,0,2,425.89,26.62
1687,899,108,0,1,109.0,13.32
1688,1396,186,0,2,606.93,9.05
1689,1030,41,0,0,190.37,36.23
1690,671,319,0,0,610.51,35.38
1691,651,138,1,0,234.03,12.94
1692,588,198,1,0,284.67,16.41
1693,384,12,0,3,670.89,17.65
1694,832,82,2,0,438.82,20.85
1695,516,73,2,0,1374.84,61.79
1696,916,15,2,1,647.79,29.7
1697,1396,186,0,1,648.2,1.55
1698,1277,329,1,3,367.5,36.46
1699,719,23,0,3,225.64,63.37
1700,487,135,0,2,325.35,18.41
1701,934,400,2,2,1692.89,56.44
1702,667,294,2,0,354.44,27.45
1703,278,350,0,0,656.58,27.75
1704,646,28,0,1,213.38,34.89
1705,1161,126,1,0,555.62,29.8
1706,147,211,0,2,139.69,63.36
1707,88,16,0,0,278.07,20.59
1708,590,367,0,0,149.5,11.85
1709,258,143,1,3,230.88,14.59
1710,835,158,1,3,1145.2,62.86
1711,41,63,0,1,125.57,2.66
1712,157,225,2,2,626.26,37.38
1713,487,135,0,0,367.66,15.53
1714,873,275,0,1,362.91,1.15
1715,433,169,2,2,833.89,25.83
1716,1193,317,1,0,261.15,14.91
1717,113,73,0,1,610.98,65.53
1718,447,259,0,0,107.74,42.49
1719,56,388,0,0,302.45,40.4
1720,363,368,1,3,277.2,42.6
1721,498,289,0,0,163.77,56.84
1722,1187,313,0,0,653.9,23.98
1723,188,255,0,2,339.84,56.05
1724,1295,298,1,0,488.5,28.82
1725,318,250,0,0,242.52,26.73
1726,1259,388,0,2,371.67,4.72
1727,249,228,0,0,625.13,16.2
1728,38,222,0,0,162.99,21.04
1729,1340,220,2,3,422.95,81.27
1730,740,13,1,0,478.85,57.19
1731,290,408,1,3,712.0,61.63
1732,548,172,1,1,478.9,44.53
1733,87,32,1,0,937.27,21.38
1734,984,326,2,0,395.45,68.6
1735,437,34,0,0,119.34,93.57
1736,699,146,1,0,412.32,86.5
1737,35,256,2,0,342.96,3.49
1738,1221,108,0,0,174.3,26.27
1739,152,206,1,3,240.39,66.25
1740,133,335,1,2,521.51,33.74
1741,448,77,1,0,340.28,32.82
1742,1037,394,1,2,527.81,26.75
1743,1371,124,1,1,630.4,56.13
1744,709,243,0,0,332.63,35.71
1745,379,126,0,0,321.11,41.9
1746,1028,38,0,0,501.35,50.36
1747,1362,210,1,1,1044.92,57.36
1748,1373,264,0,0,89.04,2.37
1749,63,277,0,3,379.66,19.69
1750,1038,180,1,0,235.08,31.66
1751,991,128,0,1,171.17,52.87
1752,519,399,0,0,290.24,3.78
1753,616,16,0,2,249.01,15.36
1754,193,364,2,1,761.88,14.54
1755,779,385,1,2,289.8,55.26
1756,1198,150,1,0,250.03,12.95
1757,734,158,0,0,601.54,70.05
1758,552,148,0,2,118.43,8.81
1759,1373,264,0,3,224.41,24.92
1760,431,80,1,0,870.42,31.24
1761,1126,345,0,0,249.01,33.89
1762,340,253,1,2,527.78,17.97
1763,1225,290,1,0,1032.18,26.82
1764,875,41,0,0,182.88,67.77
1765,108,98,1,2,295.53,15.59
1766,15,260,0,2,90.2,19.17
1767,74,382,1,1,162.14,49.29
1768,323,299,0,2,45.0,22.21
1769,908,24,0,2,149.23,18.21
1770,399,9,2,2,949.2,55.43
1771,626,360,0,2,699.76,15.83
1772,492,161,1,2,299.69,44.16
1773,393,119,0,3,632.02,40.18
1774,70,329,0,0,179.31,2.39
1775,936,116,1,3,290.96,64.45
1776,308,257,0,0,187.07,45.98
1777,1058,149,1,0,480.22,31.11
1778,149,282,1,1,867.43,48.67
1779,984,326,0,1,138.4,38.35
1780,1147,385,1,0,203.86,45.26
1781,689,20,1,0,75.51,23.18
1782,411,187,2,1,383.52,30.78
1783,392,367,0,1,222.49,16.93
1784,1061,163,0,2,141.09,35.43
1785,1072,353,2,3,818.13,35.85
1786,499,185,0,1,667.01,23.0
1787,966,365,1,2,225.7,87.46
1788,262,238,2,0,549.85,24.56
1789,428,175,1,1,976.39,41.61
1790,527,142,0,2,243.48,47.29
1791,900,146,0,0,240.54,37.26
1792,465,91,1,2,597.61,18.94
1793,904,333,0,2,97.98,16.69
1794,297,370,0,2,618.81,0.0
1795,497,291,2,0,1550.17,27.98
1796,116,13,0,1,257.29,48.93
1797,172,277,1,0,591.46,13.99
1798,772,305,0,0,229.37,34.42
1799,385,336,0,1,239.14,26.22
1800,545,391,1,0,200.44,77.49
1801,69,186,2,3,1593.33,52.39
1802,204,305,0,2,226.24,7.54
1803,188,255,1,3,610.96,25.47
1804,141,172,0,0,324.33,57.85
1805,982,201,0,0,314.24,8.63
1806,59,159,1,0,451.26,77.38
1807,371,301,2,0,720.21,5.77
1808,899,108,1,1,178.1,10.18
1809,1064,13,2,2,800.06,76.99
1810,75,127,0,0,695.25,1.04
1811,591,157,1,2,309.76,11.63
1812,773,99,1,2,569.67,41.92
1813,1261,380,1,3,414.79,42.34
1814,1096,165,0,0,295.72,7.84
1815,1155,268,2,3,754.59,74.53
1816,2,339,1,0,318.88,61.97
1817,1301,266,0,3,146.37,15.39
1818,673,97,1,3,429.55,33.74
1819,794,5,1,0,505.06,46.3
1820,1265,375,1,2,1033.38,19.76
1821,543,419,0,0,365.71,22.37
1822,988,379,2,0,706.18,43.8
1823,1232,354,1,1,496.51,50.69
1824,501,279,0,1,278.63,8.87
1825,676,253,2,2,830.05,9.81
1826,510,88,0,3,309.46,73.93
1827,141,172,0,3,384.7,10.25
1828,108,98,0,2,194.84,35.3
1829,1334,118,1,1,300.9,72.01
1830,494,172,0,2,345.74,29.64
1831,1017,310,0,0,259.09,40.07
1832,140,241,0,3,178.19,42.23
1833,1359,6,2,0,1529.72,33.07
1834,379,126,1,0,462.76,35.22
1835,877,103,0,1,139.52,28.46
1836,137,357,0,3,185.75,53.77
1837,1100,208,1,1,279.88,35.56
1838,187,41,0,2,109.27,32.62
1839,1229,18,0,0,322.48,117.51
1840,779,385,0,2,207.02,74.34
1841,512,14,2,0,1289.22,91.14
1842,992,32,1,1,952.06,27.95
1843,978,237,0,0,179.99,25.15
1844,121,156,2,0,734.87,10.77
1845,1395,317,0,2,76.96,67.0
1846,797,315,0,2,199.77,59.54
1847,171,103,1,2,271.3,18.27
1848,1062,366,0,1,165.14,34.89
1849,397,119,1,3,865.92,34.43
1850,452,263,1,0,204.12,23.71
1851,360,300,0,2,744.76,13.72
1852,886,40,0,2,66.38,17.65
1853,1161,126,0,1,343.1,44.51
1854,1349,103,1,0,188.01,33.13
1855,631,401,1,1,471.36,34.0
1856,252,238,0,1,297.85,46.26
1857,1250,277,2,0,825.22,11.67
1858,922,12,0,0,677.21,60.51
1859,391,362,0,3,294.32,28.44
1860,599,206,1,0,141.96,62.52
1861,1103,57,1,2,911.02,52.93
1862,69,186,0,0,700.44,10.84
1863,548,172,0,0,361.66,43.51
1864,1339,301,0,2,297.53,48.7
1865,1000,266,1,0,218.24,46.69
1866,552,148,0,2,104.37,55.96
1867,827,414,0,2,190.99,15.44
1868,984,326,0,1,84.68,12.66
1869,1305,175,0,2,597.28,21.63
1870,59,159,1,3,535.97,2.47
1871,68,18,0,2,226.47,51.49
1872,1132,138,0,3,256.03,15.05
1873,467,90,0,3,437.89,60.26
1874,1281,178,2,2,412.64,69.29
1875,784,83,2,0,755.95,49.75
1876,1044,365,1,3,153.91,70.21
1877,126,150,0,3,150.09,49.59
1878,1360,24,1,0,240.58,11.51
1879,131,198,0,0,224.14,3.78
1880,1293,122,2,0,504.22,27.79
1881,193,364,2,1,768.85,21.66
1882,424,65,0,0,148.17,10.63
1883,269,420,2,2,405.99,21.37
1884,361,38,1,2,919.47,53.1
1885,1136,82,1,0,139.76,53.23
1886,526,398,0,1,371.45,50.54
1887,119,372,1,2,561.28,52.45
1888,1302,166,1,2,941.21,46.67
1889,1269,82,0,0,166.94,5.95
1890,888,94,1,0,218.12,47.8
1891,859,188,0,0,340.77,54.24
1892,262,238,0,0,267.95,18.08
1893,1197,19,0,2,367.7,36.67
1894,350,107,2,2,216.19,20.22
1895,1196,9,1,3,643.69,15.33
1896,784,83,1,0,469.88,38.78
1897,873,275,0,2,287.88,87.52
1898,335,384,0,3,795.02,9.59
1899,492,161,0,0,159.73,41.4
1900,845,251,0,0,546.1,10.62
