id,origin_airport_id,destination_airport_id,distance,departure_hour,airline_code,is_delayed
1,15,11,3038.0,6,1,1
2,6,2,1100.2,13,1,1
3,3,17,730.4,9,1,0
4,16,12,1301.4,6,3,1
5,6,2,664.3,4,1,0
6,7,8,1365.0,14,3,0
7,10,7,1223.3,7,5,0
8,3,14,1818.8,16,5,1
9,6,5,881.1,5,1,0
10,13,2,452.8,17,2,0
11,15,3,640.5,10,0,1
12,10,3,1332.0,18,1,1
13,13,16,1500.8,18,2,1
14,13,4,504.0,7,2,0
15,15,16,1299.0,13,2,1
16,14,8,578.6,6,3,0
17,3,11,3069.9,5,0,1
18,17,5,749.3,4,1,0
19,14,4,641.3,8,3,1
20,9,11,1433.6,12,0,1
21,18,4,324.2,23,3,0
22,18,1,558.4,9,0,0
23,9,7,1320.9,13,2,0
24,2,10,4443.9,17,5,1
25,13,18,551.4,18,1,1
26,8,12,3665.7,17,1,1
27,4,13,464.4,16,0,0
28,18,17,496.3,14,0,0
29,14,17,400.6,12,1,0
30,17,18,459.5,13,0,1
31,10,13,1767.3,14,2,1
32,1,3,1214.5,18,5,1
33,18,3,592.5,8,1,0
34,9,16,619.7,6,3,1
35,5,12,3459.2,16,1,1
36,16,17,563.6,21,4,1
37,7,15,1561.5,11,0,1
38,11,3,403.3,5,2,0
39,15,3,663.2,15,1,0
40,7,4,3341.2,13,0,1
41,1,7,654.6,4,0,1
42,18,13,457.0,16,4,0
43,11,2,1703.1,9,0,1
44,5,12,351.2,15,0,1
45,8,7,1356.9,19,0,1
46,15,12,1613.5,11,1,0
47,3,14,1608.2,13,1,1
48,13,7,537.1,13,3,1
49,10,6,1637.2,21,1,0
50,4,7,516.3,9,5,1
51,10,8,1547.6,18,4,0
52,14,3,638.1,8,1,1
53,13,5,633.9,14,2,0
54,16,6,594.1,6,4,1
55,3,15,1228.3,21,0,1
56,11,3,1666.4,11,3,1
57,1,16,809.4,18,4,1
58,6,12,1507.5,7,4,1
59,16,18,533.4,11,0,0
60,10,8,3758.9,7,2,1
61,4,12,1307.5,20,1,0
62,9,1,1028.0,7,2,0
63,12,7,649.5,7,2,0
64,8,7,770.4,17,1,0
65,1,6,736.2,4,1,0
66,2,16,1504.6,23,1,1
67,15,4,567.5,23,0,0
68,9,12,1675.4,9,4,0
69,15,11,502.8,13,4,0
70,10,5,727.8,13,0,0
71,12,2,540.0,12,0,0
72,10,17,1433.8,6,0,0
73,18,1,521.3,6,2,0
74,5,11,386.2,6,1,0
75,15,17,3352.7,18,0,1
76,1,6,1169.3,7,0,1
77,5,1,704.5,3,3,0
78,2,3,1385.4,17,0,0
79,7,12,1395.8,12,5,0
80,8,15,530.6,9,3,0
81,16,5,833.8,16,3,1
82,8,1,384.0,16,4,1
83,18,9,3952.1,19,2,1
84,4,13,517.9,14,1,1
85,4,16,629.3,7,0,0
86,14,15,1474.1,9,0,0
87,10,5,1577.6,7,4,0
88,10,13,594.1,6,4,0
89,2,5,611.5,13,0,0
90,5,12,3548.0,19,5,1
91,8,6,1299.8,5,0,1
92,11,14,656.6,9,1,1
93,13,14,646.4,11,1,0
94,2,16,1237.8,8,0,1
95,9,17,678.7,9,0,1
96,2,13,741.2,18,3,1
97,13,7,400.1,15,1,0
98,13,3,1257.6,19,2,1
99,12,4,1378.0,15,0,0
100,5,18,1656.6,9,5,0
101,2,9,548.7,8,5,1
102,2,7,1624.8,4,1,0
103,15,2,282.1,23,1,1
104,15,1,448.2,17,1,0
105,17,13,1543.7,13,2,1
106,5,13,1468.6,14,2,1
107,2,17,3928.5,18,3,1
108,12,11,3034.6,6,3,1
109,3,11,1525.3,15,0,1
110,1,7,668.7,15,1,0
111,10,14,1411.7,7,2,1
112,4,2,1464.9,18,3,0
113,13,17,1126.9,19,0,1
114,4,10,553.8,8,3,0
115,18,15,527.5,15,2,0
116,2,5,570.4,9,1,0
117,4,1,1342.0,14,4,1
118,15,12,548.2,8,1,0
119,3,16,364.5,8,0,0
120,14,17,1506.6,17,1,0
121,13,10,1794.4,10,1,0
122,4,18,1663.1,11,0,0
123,12,3,1660.5,18,2,1
124,13,2,1202.5,3,5,1
125,6,4,3681.1,18,3,1
126,8,18,3743.5,4,0,1
127,6,5,1609.5,1,4,1
128,12,14,593.4,15,0,0
129,5,8,784.7,13,1,1
130,17,4,1585.1,18,1,1
131,14,16,590.1,16,0,0
132,15,4,1512.8,7,4,0
133,11,15,492.1,7,4,1
134,13,5,591.5,2,2,0
135,16,3,1253.1,12,5,0
136,12,16,793.2,8,4,1
137,9,13,739.7,8,4,0
138,9,8,563.6,12,1,0
139,18,1,540.4,5,0,1
140,18,7,510.0,13,0,0
141,15,3,1395.4,22,5,0
142,17,8,309.9,3,2,0
143,9,7,1506.2,20,4,1
144,11,5,1347.7,10,2,0
145,14,10,554.2,10,1,1
146,9,1,558.6,21,1,0
147,6,7,2215.0,12,4,1
148,8,9,622.0,11,3,1
149,8,14,755.6,19,4,0
150,5,18,600.0,17,1,0
151,6,4,578.1,16,1,0
152,7,18,576.3,6,2,0
153,1,2,1537.6,0,3,0
154,3,14,4012.5,11,4,1
155,16,13,1637.7,6,4,0
156,12,13,1432.0,12,0,1
157,3,5,635.0,20,0,1
158,13,14,1457.6,22,2,1
159,14,6,1376.2,7,3,0
160,4,17,176.4,21,0,0
161,16,9,1428.2,9,2,1
162,13,14,2874.1,15,0,1
163,13,11,713.4,14,3,0
164,16,4,747.5,10,1,0
165,3,11,1442.7,19,1,1
166,1,16,1083.1,8,2,1
167,10,2,435.4,12,1,0
168,11,17,1491.4,11,4,1
169,8,17,1967.1,15,3,1
170,6,7,1205.5,12,4,0
171,8,17,1139.5,2,2,1
172,10,4,2001.3,8,0,1
173,7,11,2496.4,10,0,1
174,6,12,1446.4,13,2,1
175,15,14,385.9,6,0,0
176,4,9,309.3,9,0,1
177,11,4,679.8,5,2,0
178,18,2,430.0,11,3,0
179,1,18,421.8,18,3,0
180,1,14,1801.1,10,3,1
181,16,7,3513.8,19,0,1
182,11,6,1672.3,9,3,0
183,11,14,415.3,20,1,1
184,2,17,820.5,21,5,0
185,17,3,1176.7,12,4,0
186,17,9,1552.2,11,1,1
187,6,13,1296.6,18,0,1
188,8,2,2747.4,6,4,1
189,2,3,421.1,4,0,0
190,4,5,2251.1,12,4,0
191,6,7,955.9,10,2,1
192,10,18,2929.7,8,1,1
193,11,14,1597.4,14,2,1
194,8,6,1540.5,15,2,1
195,13,16,727.6,15,1,1
196,5,4,1167.9,7,1,1
197,10,18,605.0,19,4,1
198,3,14,605.5,12,2,0
199,12,17,654.9,18,3,0
200,5,16,1605.7,19,4,1
201,1,6,3279.8,16,5,1
202,13,2,693.2,12,1,1
203,11,12,741.3,12,2,1
204,18,11,1551.3,22,1,0
205,4,10,337.5,8,4,1
206,1,9,1448.9,20,2,1
207,4,9,1106.5,15,0,0
208,1,5,1357.4,17,3,0
209,17,9,1647.8,4,2,0
210,16,9,508.4,14,4,0
211,3,4,2987.5,1,3,1
212,14,5,693.0,11,0,1
213,14,15,1202.8,17,3,1
214,10,17,1660.2,20,2,1
215,17,7,543.0,2,5,0
216,12,15,2895.8,8,2,0
217,4,8,3409.6,16,1,1
218,1,12,1604.7,16,1,1
219,17,1,359.4,4,1,1
220,4,7,350.0,19,5,1
221,16,6,3490.0,8,2,1
222,10,3,632.4,7,0,1
223,13,2,1834.9,18,2,1
224,8,12,131.5,11,5,0
225,5,15,3154.4,9,1,1
226,11,2,435.2,3,5,1
227,13,6,738.0,19,1,0
228,16,5,1079.7,16,0,1
229,1,13,1377.4,16,0,1
230,16,13,634.3,12,0,1
231,7,16,597.7,23,2,0
232,14,16,305.5,13,2,1
233,10,7,509.8,12,3,0
234,15,17,965.2,11,4,0
235,11,7,3136.1,15,4,1
236,12,11,610.3,3,2,1
237,3,5,1902.9,3,5,0
238,10,16,690.3,6,0,0
239,14,9,650.9,7,4,0
240,4,14,1451.6,8,5,1
241,6,2,1461.5,2,0,1
242,6,11,1210.8,19,0,0
243,8,17,1459.2,9,1,1
244,8,5,1568.3,10,2,1
245,8,1,1151.8,19,1,1
246,2,6,1740.6,8,1,1
247,18,3,1372.9,7,0,0
248,9,10,3202.2,21,0,1
249,16,9,358.4,19,3,0
250,7,2,1115.5,9,5,0
251,4,11,664.4,6,1,1
252,12,2,541.4,10,0,0
253,14,11,545.2,9,0,0
254,14,11,1234.5,13,0,0
255,3,4,3699.5,9,2,1
256,5,17,444.8,2,0,0
257,16,10,1232.6,9,0,1
258,14,16,1535.6,23,5,0
259,17,13,3288.2,17,1,1
260,18,17,903.5,12,0,1
261,10,4,1500.4,7,0,1
262,18,11,555.2,10,0,0
263,11,2,323.3,23,4,1
264,4,3,1486.8,8,2,1
265,7,12,1293.7,4,1,1
266,18,16,440.6,11,4,0
267,7,6,486.0,6,2,0
268,3,4,441.4,19,3,0
269,17,5,1660.0,21,4,1
270,15,14,3279.0,5,1,1
271,18,16,1179.0,6,2,0
272,2,17,367.7,7,4,0
273,6,7,1691.7,19,3,1
274,12,2,209.2,6,2,1
275,1,7,4205.1,13,1,1
276,12,3,858.3,7,5,0
277,18,10,469.1,7,0,1
278,7,11,1477.9,21,0,1
279,9,10,1479.7,18,5,0
280,18,8,1345.3,4,1,1
281,12,14,1184.4,8,2,1
282,6,4,3080.2,5,2,1
283,10,12,1080.9,17,3,0
284,7,3,766.3,1,2,0
285,13,1,3562.4,6,3,1
286,1,18,1047.3,8,4,1
287,18,9,2968.7,16,0,1
288,6,16,1608.9,17,1,1
289,11,15,339.3,20,3,0
290,5,6,593.4,3,1,1
291,18,1,454.0,17,0,0
292,2,9,1027.6,14,3,1
293,11,18,480.8,16,0,0
294,15,8,3270.5,17,0,0
295,2,14,793.9,20,1,0
296,3,18,446.5,19,2,0
297,5,15,490.9,21,1,0
298,5,6,3538.8,17,0,1
299,1,7,612.2,16,1,0
300,18,9,1649.8,14,2,1
301,13,5,679.6,5,1,0
302,9,18,662.4,5,4,0
303,7,15,1546.1,18,5,1
304,18,11,1492.2,18,1,0
305,11,9,456.7,8,4,0
306,2,1,3234.5,10,1,1
307,3,4,1057.2,15,2,0
308,9,16,728.3,16,0,0
309,10,11,1269.9,23,5,1
310,9,14,775.9,11,0,1
311,1,17,3737.6,13,4,1
312,3,16,508.3,10,3,1
313,2,17,3293.4,16,0,1
314,2,3,1610.0,6,1,1
315,15,6,1633.5,9,1,0
316,18,1,575.0,8,3,0
317,10,12,667.5,6,0,1
318,16,13,1473.0,17,0,1
319,11,5,2079.7,11,4,0
320,4,8,1546.1,8,1,1
321,9,11,1277.7,9,1,0
322,8,17,662.2,20,3,0
323,10,11,1584.1,7,2,0
324,9,5,623.2,5,3,0
325,3,7,290.6,18,1,1
326,10,11,476.2,10,0,0
327,3,5,685.2,7,0,0
328,13,14,1233.3,20,0,0
329,7,13,1189.9,23,1,1
330,16,8,480.7,16,3,1
331,17,13,150.5,16,2,1
332,15,7,639.6,18,4,1
333,4,1,1498.1,23,2,1
334,10,18,599.0,22,3,0
335,14,4,709.5,7,0,1
336,17,3,1670.3,18,0,1
337,2,8,540.8,13,5,0
338,6,14,3281.4,13,0,1
339,3,7,1449.7,17,3,0
340,5,1,3648.9,17,4,1
341,1,8,1574.0,15,5,1
342,13,8,1446.1,11,5,1
343,2,14,401.4,19,5,1
344,11,12,2816.9,14,4,1
345,17,4,1380.8,22,0,1
346,3,7,408.5,12,0,0
347,3,15,1345.7,16,4,1
348,15,8,1408.1,15,4,1
349,5,18,932.8,5,3,1
350,5,16,2714.2,13,3,0
351,16,2,646.1,23,2,1
352,4,13,617.3,15,0,0
353,4,6,1765.2,7,0,1
354,12,2,543.7,10,5,1
355,11,12,803.1,15,4,0
356,18,4,1203.5,19,0,1
357,3,6,671.8,6,3,0
358,3,8,444.8,14,4,0
359,9,11,409.4,21,1,0
360,12,4,2630.5,18,3,1
361,10,13,2969.8,7,0,1
362,4,18,1296.1,10,1,0
363,11,9,1412.5,15,5,1
364,18,5,1352.6,9,3,0
365,15,6,1286.4,20,1,0
366,5,9,721.8,14,1,0
367,8,18,344.0,10,0,0
368,12,15,758.1,9,2,1
369,18,1,302.3,17,5,1
370,1,13,1183.0,12,3,0
371,5,6,331.6,9,3,0
372,6,11,498.8,10,1,0
373,5,6,1316.7,14,3,0
374,14,9,571.4,7,3,1
375,7,8,3281.0,11,4,1
376,3,4,276.9,17,5,0
377,7,10,1693.5,21,3,0
378,8,4,1566.8,4,0,0
379,14,1,1505.8,16,0,0
380,4,12,564.5,10,1,0
381,12,13,1379.1,19,5,0
382,9,13,557.0,11,3,0
383,13,8,3428.0,16,2,0
384,17,7,3463.2,22,1,1
385,4,1,513.7,14,2,0
386,17,4,1623.7,12,5,1
387,2,10,494.4,2,1,1
388,15,1,2246.3,16,1,0
389,15,6,655.7,16,1,1
390,4,16,421.1,23,1,0
391,5,16,1621.1,7,0,1
392,14,4,514.3,20,4,0
393,4,10,470.9,13,4,0
394,2,1,3540.3,7,5,1
395,11,18,590.2,18,0,1
396,13,10,1515.1,6,1,1
397,11,12,1332.4,3,1,1
398,5,2,1153.7,9,5,0
399,10,11,3930.1,17,2,1
400,15,9,608.4,5,3,0
401,17,16,611.0,19,0,0
402,14,12,3928.4,6,2,1
403,17,8,922.3,14,0,0
404,15,5,702.4,5,5,1
405,2,3,1478.2,22,1,0
406,1,13,669.3,11,5,1
407,11,14,440.4,16,0,0
408,6,13,631.0,18,0,0
409,17,18,3185.9,8,3,1
410,18,6,3631.0,13,0,1
411,10,11,1201.5,10,2,1
412,15,12,1590.6,6,1,1
413,4,1,1243.4,14,4,1
414,18,3,1264.1,16,5,1
415,3,6,966.0,15,3,1
416,5,7,1362.5,15,3,0
417,16,1,644.2,16,1,0
418,13,11,455.5,12,0,0
419,14,8,1199.7,6,2,0
420,6,14,745.9,7,0,0
421,16,9,1486.3,21,2,1
422,16,6,618.3,16,2,0
423,5,1,1985.0,15,1,1
424,11,8,535.0,15,3,0
425,11,2,3227.7,4,0,1
426,15,16,400.4,11,1,1
427,12,2,271.7,8,0,1
428,8,4,3079.3,7,5,0
429,14,7,2303.0,9,3,1
430,7,12,3225.8,10,3,1
431,10,14,3284.6,10,3,1
432,16,3,1381.1,19,4,0
433,6,13,548.9,16,0,0
434,17,9,529.6,14,3,1
435,18,8,675.4,18,1,0
436,8,7,498.0,19,4,0
437,11,15,376.8,7,3,0
438,17,18,544.3,14,1,1
439,17,5,844.4,13,3,0
440,5,10,3030.1,8,2,1
441,14,15,3470.4,4,0,1
442,1,15,529.8,1,0,1
443,6,9,552.1,16,1,0
444,18,3,1177.4,13,4,1
445,17,18,488.9,17,0,0
446,17,10,935.4,11,3,0
447,13,11,448.1,5,3,0
448,8,2,2011.1,14,4,0
449,7,2,532.4,14,2,0
450,18,15,497.2,16,3,0
451,14,15,462.1,14,0,0
452,1,3,3617.2,6,2,1
453,9,18,550.9,15,1,1
454,13,9,228.0,14,4,0
455,1,16,2860.9,10,3,1
456,1,14,1438.8,14,2,1
457,4,5,1350.1,20,1,0
458,18,9,3343.8,9,4,1
459,11,12,3149.5,21,4,1
460,7,6,624.3,13,4,0
461,12,4,1817.4,13,3,1
462,17,14,1367.1,18,1,0
463,13,18,1695.3,8,0,0
464,4,9,543.0,7,3,0
465,10,14,1802.2,12,1,1
466,8,10,1466.7,5,4,1
467,16,10,643.7,9,0,1
468,1,15,1485.2,11,2,0
469,2,11,846.6,23,0,1
470,4,3,592.0,19,2,0
471,4,5,1483.8,6,1,1
472,5,3,1811.9,13,4,1
473,18,1,3886.0,12,1,1
474,6,18,1742.6,15,4,1
475,13,6,688.5,6,1,1
476,13,18,344.2,14,3,0
477,13,9,3079.8,21,3,0
478,10,16,1413.0,18,0,1
479,1,7,1605.7,15,0,1
480,15,11,395.4,9,1,0
481,7,4,708.9,20,0,0
482,10,2,3931.5,6,3,1
483,2,3,1581.9,13,1,1
484,2,4,952.0,13,0,0
485,9,11,3175.9,13,0,1
486,3,9,1549.9,23,0,1
487,10,1,421.5,8,0,0
488,11,12,555.3,7,0,0
489,7,8,554.3,17,5,1
490,7,8,276.7,6,3,1
491,8,16,208.7,19,1,0
492,13,17,514.5,18,2,0
493,11,5,660.7,7,0,1
494,6,15,301.8,21,3,0
495,10,3,582.9,8,5,0
496,11,4,567.5,10,1,0
497,6,18,3034.4,16,2,1
498,14,12,675.8,13,5,0
499,17,5,1450.6,8,2,0
500,13,4,688.6,8,2,0
501,9,13,284.8,10,3,1
502,6,7,3299.3,3,4,1
503,9,10,575.6,6,3,0
504,11,3,415.9,12,0,0
505,18,10,1336.1,10,1,0
506,15,5,1313.3,9,3,1
507,10,12,624.3,11,0,0
508,7,8,490.3,5,2,0
509,13,16,1647.7,10,0,1
510,10,12,626.6,7,5,0
511,6,17,509.4,20,0,0
512,14,16,1531.5,20,5,1
513,11,1,341.8,4,4,0
514,6,3,866.0,20,0,0
515,1,5,677.4,20,2,1
516,3,11,614.5,11,1,1
517,6,7,1419.4,5,5,0
518,2,16,3059.6,8,0,1
519,8,9,618.9,18,5,0
520,12,16,575.4,11,0,0
521,15,10,364.4,19,1,0
522,14,12,3119.5,7,0,1
523,11,9,1459.0,8,2,0
524,3,17,1364.5,14,4,1
525,4,1,685.7,12,0,1
526,5,6,802.6,4,3,1
527,12,9,1166.8,12,4,1
528,16,15,3459.3,9,5,1
529,11,13,1196.9,20,4,0
530,9,8,614.3,9,3,0
531,12,7,1530.3,2,0,0
532,18,1,3048.2,17,2,1
533,4,7,1249.6,8,4,1
534,12,8,1815.3,12,5,1
535,8,9,549.6,9,3,0
536,1,17,1106.0,4,1,0
537,12,17,482.2,16,3,1
538,10,5,593.4,18,0,0
539,4,9,286.1,11,1,0
540,3,14,419.0,16,4,0
541,4,3,577.9,10,1,0
542,10,15,1551.4,10,2,1
543,6,17,473.6,7,0,0
544,17,14,464.0,3,4,1
545,6,17,1581.4,12,1,1
546,17,14,1758.7,8,1,1
547,18,9,1220.9,9,2,1
548,8,3,512.9,10,1,0
549,14,9,585.3,21,2,0
550,11,15,432.5,8,3,0
551,9,6,608.3,6,4,0
552,3,2,1595.0,9,0,0
553,12,1,663.7,17,3,0
554,4,7,485.1,16,1,0
555,4,8,2780.9,23,2,1
556,4,5,1239.3,13,4,1
557,8,5,464.7,16,1,0
558,7,12,579.3,14,4,0
559,12,7,436.7,7,0,0
560,17,12,1127.9,10,0,1
561,7,18,1494.3,4,0,0
562,3,18,1167.9,8,3,0
563,3,14,695.5,4,0,0
564,11,12,1783.7,6,2,0
565,3,18,471.5,7,1,0
566,1,7,492.0,9,1,0
567,8,12,3164.6,9,0,1
568,2,5,709.9,16,4,0
569,7,12,1788.0,16,4,1
570,11,13,684.4,8,3,0
571,11,5,1575.7,12,4,1
572,17,11,447.1,6,3,1
573,13,3,370.3,16,3,0
574,4,11,548.3,14,4,0
575,10,11,1503.5,5,0,1
576,5,2,570.2,9,2,0
577,15,11,442.7,22,0,0
578,6,17,789.1,7,4,0
579,9,3,2044.6,23,3,0
580,10,1,540.1,13,0,0
581,15,4,2890.7,7,4,1
582,16,6,1763.4,18,2,1
583,15,5,3714.9,10,2,1
584,16,11,642.9,19,4,1
585,13,7,500.1,0,0,0
586,16,11,456.2,18,2,1
587,7,1,1159.9,4,4,1
588,17,12,1485.4,10,4,1
589,13,14,653.0,17,4,0
590,15,1,421.6,11,0,1
591,15,1,1362.8,3,3,1
592,7,2,3051.6,6,0,1
593,14,18,547.2,11,3,0
594,11,4,1405.1,11,2,0
595,6,4,2719.3,15,1,1
596,4,13,534.3,23,2,1
597,4,11,3393.9,4,0,1
598,16,7,1078.8,3,4,1
599,14,17,348.6,9,2,0
600,4,13,1304.2,19,5,0
601,16,1,456.2,7,3,0
602,7,16,499.2,7,0,0
603,2,3,558.9,12,1,0
604,1,16,624.9,13,0,0
605,14,18,407.9,8,4,1
606,11,10,712.3,7,1,0
607,16,7,1448.0,9,4,0
608,8,1,1785.4,17,5,1
609,4,14,730.0,13,1,0
610,14,18,1236.6,6,1,0
611,2,14,415.9,10,0,0
612,3,7,614.1,6,1,0
613,15,2,652.1,4,1,0
614,9,7,1702.5,20,3,1
615,1,18,1306.3,8,5,1
616,8,17,1905.8,6,4,1
617,5,3,1172.4,4,5,1
618,10,1,532.6,18,2,0
619,9,7,598.5,13,2,0
620,14,9,3890.7,12,0,1
621,1,2,1541.8,13,2,0
622,12,1,724.6,12,2,0
623,18,17,720.6,14,1,1
624,7,1,548.8,23,3,0
625,2,13,703.3,12,1,1
626,17,9,655.5,2,4,0
627,16,17,1421.7,21,0,0
628,12,8,676.6,23,0,0
629,5,15,368.0,13,2,0
630,11,5,1138.8,20,3,0
631,9,8,1423.7,8,2,1
632,11,12,1348.4,19,3,1
633,10,18,1267.6,13,1,1
634,13,14,1833.4,8,1,0
635,9,6,3052.8,7,1,1
636,17,4,676.2,11,1,1
637,17,11,1552.9,10,0,1
638,5,17,1693.2,10,1,0
639,13,6,488.1,8,4,0
640,6,16,634.7,16,3,0
641,15,3,3616.2,19,1,1
642,9,16,1419.4,3,4,0
643,5,10,1433.4,9,2,1
644,12,10,4073.7,10,0,1
645,11,2,438.3,17,0,1
646,12,13,2978.3,6,0,1
647,4,1,2684.8,3,0,1
648,16,11,1937.7,9,1,1
649,7,3,331.3,13,0,0
650,2,12,1310.3,18,1,0
651,3,11,344.3,9,4,0
652,16,8,463.0,10,5,1
653,15,2,1418.2,8,2,0
654,13,5,1447.2,15,4,1
655,11,12,1740.9,19,3,1
656,1,6,676.3,13,0,1
657,11,3,422.1,12,2,0
658,6,9,668.2,16,2,0
659,12,18,2811.4,4,5,1
660,13,8,561.5,10,5,0
661,17,14,454.0,2,4,0
662,11,5,1337.9,16,2,0
663,16,4,770.2,12,4,0
664,9,10,696.1,18,2,0
665,15,16,679.2,7,0,0
666,18,13,539.3,19,3,0
667,17,14,646.2,16,0,1
668,4,8,467.0,15,3,1
669,1,10,3238.5,7,0,1
670,14,17,1594.3,7,0,0
671,17,6,1279.2,6,5,1
672,17,5,811.9,7,2,1
673,13,14,1504.7,8,0,0
674,11,18,1529.4,19,5,1
675,12,13,359.0,12,3,1
676,9,8,1509.7,7,0,1
677,7,8,386.9,1,0,0
678,11,13,643.1,8,0,0
679,15,13,3389.9,6,5,1
680,2,11,3227.9,9,5,1
681,14,18,1264.1,3,5,1
682,14,15,655.2,6,1,0
683,8,14,1526.1,6,1,1
684,18,8,592.3,10,4,0
685,4,7,1428.6,6,3,0
686,10,16,1457.6,6,1,1
687,1,9,492.1,18,0,0
688,2,4,506.2,10,5,0
689,15,7,1435.7,6,1,1
690,4,6,3534.4,3,3,1
691,15,2,3120.8,14,2,1
692,5,1,639.4,22,2,0
693,10,2,470.1,18,0,0
694,2,15,623.7,15,0,0
695,15,4,1355.8,20,5,1
696,16,15,766.3,6,5,0
697,3,11,1643.4,12,2,1
698,3,15,1469.8,18,1,1
699,9,6,1529.7,10,5,0
700,8,12,1542.9,15,0,1
701,14,13,1072.7,8,3,0
702,17,14,3813.1,11,3,1
703,16,18,1601.2,15,2,1
704,7,13,1563.2,12,4,1
705,10,14,837.8,11,1,0
706,15,2,587.1,14,3,0
707,2,14,1528.3,14,3,1
708,16,7,1343.6,22,3,1
709,18,16,553.4,7,1,0
710,18,16,617.7,8,4,1
711,18,13,1595.2,16,2,1
712,11,17,1186.4,8,0,1
713,9,12,721.2,4,3,0
714,13,4,446.4,5,0,0
715,2,16,3619.8,8,1,1
716,12,16,3272.7,2,2,1
717,5,6,713.2,20,0,1
718,11,3,504.4,19,1,1
719,14,15,1787.8,12,3,1
720,18,14,382.5,13,0,0
721,8,3,1444.5,11,1,0
722,17,8,685.2,18,1,0
723,6,8,428.9,14,3,0
724,4,12,549.4,20,4,0
725,17,18,1077.0,11,0,0
726,12,3,364.0,3,2,0
727,9,11,631.2,2,4,0
728,7,9,668.1,9,1,1
729,16,8,633.0,13,1,0
730,7,8,1517.8,10,4,0
731,11,7,504.1,10,4,0
732,7,6,727.1,4,2,1
733,3,14,556.7,22,1,0
734,9,4,1063.7,15,0,0
735,14,10,1357.4,8,0,0
736,13,8,299.8,8,0,0
737,2,9,1165.1,5,1,0
738,15,6,625.2,15,3,1
739,2,11,374.3,18,2,0
740,9,2,693.1,12,2,0
741,14,6,579.7,3,2,0
742,5,10,667.8,1,3,0
743,6,10,720.5,10,3,0
744,14,5,649.2,7,1,0
745,6,18,2812.8,13,3,1
746,17,18,539.9,21,2,0
747,16,13,1018.5,14,3,1
748,3,9,1363.9,9,0,1
749,8,7,738.9,8,0,0
750,17,12,1278.8,8,0,0
751,13,16,457.6,23,2,0
752,6,15,646.4,7,2,1
753,13,9,1008.7,14,0,0
754,13,10,338.2,2,1,0
755,11,5,735.7,0,0,1
756,2,17,1373.3,22,4,1
757,1,6,1544.6,5,5,1
758,8,2,1394.3,0,0,0
759,6,15,652.5,16,1,0
760,2,10,650.1,22,2,0
761,8,5,1197.4,13,5,1
762,6,10,673.3,10,1,1
763,18,17,1627.1,21,2,0
764,5,18,477.7,6,1,1
765,13,7,477.7,10,3,0
766,1,2,3964.3,10,4,1
767,8,3,478.1,15,3,0
768,6,2,460.5,12,3,1
769,6,15,473.8,6,2,0
770,7,17,1484.4,6,2,1
771,18,7,1720.8,16,3,1
772,18,11,612.2,6,1,1
773,2,10,1487.1,14,0,0
774,2,8,702.3,19,3,0
775,8,7,511.4,3,0,1
776,17,6,466.8,16,0,0
777,14,4,653.6,15,3,0
778,6,2,1486.0,11,1,1
779,9,4,700.5,11,2,0
780,13,14,478.9,18,4,0
781,18,14,526.6,12,3,0
782,11,15,1430.7,14,5,1
783,5,17,313.1,17,0,0
784,18,14,417.9,8,0,0
785,11,5,470.8,5,4,0
786,18,10,1367.3,17,3,0
787,8,3,495.3,11,0,1
788,2,7,1370.7,7,2,1
789,8,9,1338.3,9,5,0
790,12,10,536.9,12,0,1
791,1,2,1425.2,15,1,1
792,9,15,1221.2,12,0,0
793,14,8,1581.6,9,0,1
794,2,5,3742.6,6,3,1
795,7,13,1297.3,5,0,0
796,12,18,1508.3,5,4,0
797,1,10,1584.1,18,4,0
798,13,1,670.0,11,5,0
799,16,5,637.5,8,4,0
800,12,4,570.8,9,0,0
801,18,16,597.6,3,3,1
802,3,6,1307.0,9,3,0
803,15,17,622.9,10,1,0
804,13,5,437.2,21,3,1
805,2,4,1386.5,11,1,1
806,14,5,1511.1,5,3,1
807,5,9,1603.2,16,3,1
808,4,13,1461.8,19,2,0
809,16,11,611.3,20,1,1
810,3,14,484.0,12,4,0
811,1,12,1138.5,15,0,0
812,16,1,3739.2,7,2,1
813,16,9,551.6,21,0,1
814,2,18,3598.1,16,2,1
815,6,9,400.6,9,1,0
816,11,18,1165.7,23,3,1
817,17,1,589.7,6,4,0
818,8,18,1249.0,10,1,1
819,16,14,501.3,20,1,1
820,3,5,663.0,8,3,1
821,5,6,496.0,13,3,0
822,3,1,679.3,23,2,1
823,11,18,531.7,16,3,0
824,14,4,594.2,14,4,0
825,8,7,3152.4,23,5,1
826,8,10,1207.0,19,2,0
827,11,13,1192.3,20,5,1
828,4,12,1457.6,11,1,1
829,11,9,578.0,14,0,0
830,2,8,653.2,10,4,1
831,2,14,3493.9,9,3,1
832,11,8,1296.5,10,2,0
833,4,11,723.0,16,5,1
834,18,6,547.5,11,0,0
835,4,10,598.5,16,2,0
836,10,11,605.8,16,0,0
837,1,6,1171.2,7,5,0
838,10,9,551.4,20,0,1
839,1,11,724.3,15,3,0
840,4,10,1535.3,19,0,1
841,8,4,1732.2,8,1,1
842,5,16,555.8,11,2,1
843,18,11,451.7,13,2,0
844,16,3,1506.0,10,1,1
845,2,10,481.5,14,2,0
846,6,15,672.3,13,0,0
847,2,10,421.9,11,2,1
848,2,15,1690.5,13,2,1
849,16,2,3331.1,10,1,1
850,4,14,217.8,18,5,0
851,1,18,1475.4,8,4,0
852,6,5,1819.4,9,4,0
853,18,4,216.7,18,1,1
854,6,3,743.3,7,3,0
855,2,1,456.0,15,3,0
856,6,1,650.5,5,2,0
857,15,4,2962.3,9,3,1
858,14,15,532.3,17,3,0
859,11,17,3046.0,21,4,1
860,11,6,640.0,5,1,0
861,13,14,573.4,17,3,0
862,13,4,1226.3,18,1,1
863,9,18,489.0,11,1,0
864,4,10,3758.0,15,3,1
865,18,16,1455.0,23,1,0
866,8,13,1034.8,4,0,0
867,7,1,1782.3,8,0,1
868,14,12,482.1,15,5,1
869,12,4,1494.4,19,0,1
870,3,14,1085.4,8,4,1
871,9,15,1092.9,7,0,1
872,11,1,1322.7,12,1,0
873,18,5,1364.2,13,0,1
874,14,10,471.3,16,0,0
875,16,15,545.8,6,4,1
876,4,15,1561.0,12,1,0
877,15,4,443.9,17,3,1
878,12,13,3801.7,4,2,1
879,11,3,1555.7,17,4,1
880,18,13,581.2,14,1,1
881,4,5,1508.6,15,0,1
882,17,16,526.3,9,1,0
883,4,6,1892.5,17,0,1
884,18,10,503.9,13,0,0
885,4,12,1604.4,8,3,0
886,15,14,593.0,8,0,0
887,16,14,559.7,19,0,1
888,12,7,920.1,20,1,0
889,5,12,2748.5,5,3,1
890,1,3,3359.5,8,2,1
891,18,3,692.6,12,1,0
892,11,3,831.2,15,0,0
893,14,13,1631.6,20,4,0
894,12,4,375.7,6,5,0
895,10,14,486.1,7,4,0
896,18,6,410.9,7,1,0
897,13,18,1416.7,9,4,1
898,12,14,656.6,4,4,0
899,9,18,425.1,12,5,1
900,3,7,647.0,1,4,0
901,3,16,1766.9,19,1,0
902,11,12,1173.6,7,5,0
903,12,8,476.2,11,2,1
904,10,11,1627.9,6,2,1
905,12,8,539.5,10,3,0
906,10,18,655.1,9,5,0
907,7,12,1067.5,2,0,0
908,14,10,697.0,20,4,0
909,13,10,1158.3,8,1,0
910,11,8,1469.4,14,3,0
911,9,17,726.2,3,5,1
912,14,15,528.5,18,2,0
913,15,5,921.2,13,4,0
914,17,11,567.2,8,4,0
915,13,18,1313.0,23,1,1
916,18,15,1616.6,23,0,0
917,6,8,1217.0,9,0,0
918,2,15,1100.9,13,4,0
919,4,17,844.3,13,4,1
920,7,16,729.0,14,3,0
921,3,5,424.6,18,0,1
922,18,2,1687.7,16,5,0
923,13,18,3400.0,20,5,1
924,8,6,441.9,23,1,0
925,6,18,1172.7,18,2,0
926,12,10,287.8,2,3,1
927,2,18,1162.4,5,4,1
928,11,4,638.9,10,5,0
929,4,10,516.9,10,0,1
930,4,5,523.3,7,5,0
931,13,14,521.1,20,1,0
932,9,3,3196.9,19,5,1
933,8,1,449.7,12,1,1
934,15,14,2965.4,23,1,1
935,5,15,527.6,5,3,1
936,18,9,720.5,15,3,0
937,2,18,1646.1,12,0,1
938,7,16,1108.1,17,0,0
939,6,4,1539.6,14,3,1
940,5,1,3018.4,7,3,1
941,3,18,1273.2,12,0,1
942,6,9,696.1,7,4,0
943,2,1,2920.1,20,3,1
944,14,2,673.7,23,2,1
945,5,10,3310.6,5,3,1
946,15,10,1253.4,17,3,1
947,4,5,3588.3,10,3,1
948,2,6,737.1,8,3,0
949,7,4,804.8,6,5,0
950,9,17,2808.7,13,2,1
951,13,14,780.8,8,0,0
952,17,9,1478.1,15,1,1
953,16,3,1687.4,15,0,1
954,1,16,497.4,14,3,1
955,5,3,411.4,20,1,0
956,7,5,282.9,13,0,0
957,9,4,659.3,4,1,1
958,9,8,1579.0,12,5,0
959,4,14,1389.8,18,1,1
960,7,6,2780.5,18,1,1
961,5,9,1279.0,15,0,1
962,12,11,1506.4,16,0,1
963,1,8,527.9,18,0,0
964,15,2,1468.9,17,0,0
965,2,4,1452.1,5,3,1
966,10,4,578.8,4,1,0
967,3,7,591.5,15,1,0
968,5,14,1499.3,10,3,1
969,18,5,626.6,7,0,0
970,16,9,552.9,12,4,0
971,3,14,3128.2,9,0,1
972,10,17,520.8,9,3,0
973,8,10,407.5,13,4,0
974,4,3,558.9,12,2,0
975,10,1,621.9,17,4,0
976,11,5,1404.7,9,0,1
977,2,12,357.8,13,4,0
978,1,15,581.2,10,3,0
979,2,3,525.4,20,1,0
980,11,18,521.5,1,4,0
981,5,7,509.7,13,3,1
982,12,16,435.7,20,1,0
983,11,17,760.1,15,1,1
984,4,15,1492.5,12,4,1
985,16,18,544.7,13,1,0
986,17,8,525.5,18,2,0
987,9,11,1191.5,11,2,1
988,6,2,3383.5,20,4,1
989,17,18,588.1,9,1,0
990,14,11,1940.1,9,2,1
991,7,9,2468.8,13,1,1
992,16,3,1579.0,14,2,0
993,4,5,1659.5,14,5,1
994,6,9,1215.5,11,5,1
995,17,15,1532.7,19,0,0
996,8,1,1236.7,9,5,1
997,1,11,1518.2,2,5,1
998,2,8,691.4,20,3,0
999,17,15,481.1,9,1,0
1000,3,1,504.7,9,4,0
1001,14,16,1469.7,18,2,1
1002,10,11,831.9,8,4,0
1003,13,18,1442.6,18,3,0
1004,4,5,1289.2,22,0,1
1005,12,11,1571.8,21,2,1
1006,16,8,1151.3,10,4,1
1007,7,10,688.5,15,2,0
1008,5,6,1300.9,8,2,0
1009,12,14,1332.8,13,4,1
1010,18,14,442.4,4,2,0
1011,14,9,1534.4,15,1,1
1012,1,11,1414.1,6,4,1
1013,16,12,2614.9,11,2,1
1014,11,1,1234.5,16,0,0
1015,10,13,621.9,4,3,0
1016,12,8,410.3,9,3,0
1017,12,17,446.2,16,3,0
1018,5,4,469.0,7,2,1
1019,6,14,3363.3,10,1,1
1020,18,11,705.2,15,5,0
1021,15,6,413.4,10,1,0
1022,5,3,849.2,7,3,1
1023,12,17,1365.5,13,3,1
1024,12,8,633.6,16,1,1
1025,4,3,1337.6,21,1,0
1026,7,10,1198.4,14,3,0
1027,14,1,1373.4,11,3,1
1028,15,7,1527.5,4,0,1
1029,5,4,778.7,13,0,0
1030,9,15,2981.9,14,2,0
1031,17,6,3279.3,14,0,1
1032,13,1,1259.7,23,3,1
1033,15,10,3597.3,20,2,1
1034,14,18,547.6,12,0,0
1035,5,14,496.9,9,5,0
1036,18,7,2530.2,4,5,0
1037,6,17,648.5,18,2,1
1038,4,13,3549.3,18,4,1
1039,3,5,395.1,4,2,0
1040,9,1,361.7,16,5,1
1041,9,12,513.7,12,2,0
1042,18,16,576.1,1,2,1
1043,2,4,2719.4,9,3,1
1044,18,12,3156.2,17,1,1
1045,12,8,1560.6,19,1,1
1046,6,3,364.6,20,1,0
1047,7,5,1562.6,6,2,1
1048,5,16,1032.1,16,2,0
1049,9,10,1188.3,9,2,1
1050,9,6,1521.4,16,3,1
1051,5,12,373.7,10,0,0
1052,7,17,3832.0,10,2,1
1053,16,18,1913.6,17,0,0
1054,18,2,1097.1,11,5,1
1055,5,12,3748.9,4,2,1
1056,7,13,650.9,2,3,0
1057,4,9,3886.0,17,4,1
1058,18,14,450.5,19,5,0
1059,9,7,548.0,4,3,1
1060,9,13,584.1,16,3,1
1061,16,5,1142.5,9,5,1
1062,5,4,1596.4,19,3,1
1063,18,17,314.4,4,3,1
1064,11,14,3070.3,3,3,1
1065,11,12,608.9,14,4,0
1066,5,12,1498.8,10,4,1
1067,14,13,1330.8,11,3,1
1068,18,12,513.4,16,1,0
1069,7,1,411.2,5,2,1
1070,17,18,1180.5,6,1,1
1071,10,11,1383.4,10,2,0
1072,4,13,574.3,5,4,1
1073,16,6,596.5,11,2,0
1074,9,5,1258.2,3,1,1
1075,10,1,1401.6,6,1,0
1076,12,11,1563.5,15,2,1
1077,13,17,1473.7,17,3,1
1078,6,14,3633.2,11,5,1
1079,17,14,480.5,7,0,1
1080,3,2,558.0,12,0,0
1081,16,17,1800.1,19,3,0
1082,13,12,329.0,5,0,1
1083,11,7,2830.3,15,1,1
1084,2,4,1665.4,10,1,1
1085,15,3,961.7,11,3,0
1086,3,8,856.0,8,0,0
1087,6,13,605.6,18,5,1
1088,17,18,3513.4,11,1,1
1089,10,1,1636.2,21,3,0
1090,10,14,606.6,11,2,0
1091,11,10,1598.7,12,0,0
1092,8,15,3901.6,6,1,1
1093,1,8,782.0,17,0,0
1094,18,3,590.7,20,4,0
1095,18,6,2693.4,13,1,0
1096,14,2,332.7,1,3,1
1097,11,6,876.7,3,1,1
1098,15,2,1163.3,5,0,1
1099,11,17,1651.7,16,2,1
1100,3,15,466.5,18,1,1
1101,3,9,3239.2,20,3,1
1102,2,7,568.7,15,1,0
1103,18,9,2992.2,12,5,1
1104,9,2,367.1,19,4,1
1105,11,9,514.7,4,0,0
1106,11,18,1425.0,6,1,0
1107,14,1,1254.3,13,1,0
1108,16,18,437.1,18,4,1
1109,11,12,2643.5,4,2,1
1110,8,3,1438.2,6,2,1
1111,13,7,1284.9,10,4,0
1112,5,12,3052.4,23,4,1
1113,13,6,540.5,9,1,0
1114,4,13,3326.8,10,0,1
1115,12,13,1097.3,11,4,1
1116,1,5,1505.6,4,4,1
1117,13,6,1411.3,17,0,0
1118,16,2,562.1,12,0,0
1119,7,12,515.5,11,1,0
1120,5,1,1177.0,19,4,1
1121,14,15,407.3,8,1,0
1122,8,9,1394.9,10,2,1
1123,16,6,404.9,4,0,1
1124,5,8,1138.8,20,1,1
1125,13,7,620.9,5,1,0
1126,9,2,817.1,13,5,0
1127,15,17,606.3,3,3,0
1128,4,1,1488.0,10,0,1
1129,3,9,584.6,4,2,0
1130,2,14,3934.3,19,0,1
1131,9,17,637.8,17,4,0
1132,10,9,1247.2,11,4,0
1133,1,2,795.9,16,4,0
1134,17,9,3107.4,20,1,1
1135,14,12,586.0,9,0,0
1136,9,10,1133.0,15,0,1
1137,13,5,366.3,15,3,0
1138,13,2,1522.3,16,4,0
1139,16,18,557.6,6,0,0
1140,15,14,485.0,15,1,0
1141,2,16,1341.6,7,0,1
1142,15,18,511.8,15,2,0
1143,6,1,546.5,9,3,0
1144,8,15,3305.0,14,1,1
1145,7,1,423.3,5,4,0
1146,16,10,1356.1,9,0,0
1147,16,15,1447.9,16,4,0
1148,8,7,749.6,6,0,0
1149,5,1,847.4,5,2,0
1150,4,14,1943.7,7,3,1
1151,14,18,1165.8,7,2,0
1152,10,7,532.2,16,5,0
1153,9,3,1537.8,20,0,1
1154,13,9,527.5,6,4,1
1155,2,9,1073.1,15,1,0
1156,7,6,401.4,17,3,0
1157,6,18,1678.7,15,0,1
1158,6,13,1335.5,14,0,0
1159,16,1,3440.9,19,0,1
1160,4,7,715.1,16,4,0
1161,14,4,586.3,14,1,0
1162,4,13,1328.4,9,0,0
1163,15,17,421.6,4,4,1
1164,16,8,270.1,8,2,0
1165,13,1,1592.1,6,4,1
1166,3,14,889.2,5,0,1
1167,16,6,473.1,13,0,0
1168,13,14,559.1,18,1,0
1169,11,2,637.9,4,5,0
1170,16,18,1492.2,14,0,0
1171,16,17,1616.8,9,0,1
1172,3,5,642.7,1,5,1
1173,13,3,3234.7,15,0,1
1174,7,1,510.6,22,4,0
1175,10,2,3006.1,9,5,1
1176,16,5,584.0,11,3,1
1177,4,7,3121.1,17,1,1
1178,18,1,1572.1,19,1,0
1179,12,11,791.1,4,3,0
1180,12,14,539.7,20,2,0
1181,10,11,1643.7,7,1,1
1182,17,4,1081.7,5,1,1
1183,13,9,1380.9,11,4,1
1184,10,17,564.8,11,4,0
1185,8,4,1783.3,3,2,0
1186,15,9,488.6,12,2,0
1187,17,18,1170.6,8,0,1
1188,13,12,3303.6,16,1,1
1189,6,13,1425.2,15,0,0
1190,16,13,498.8,7,4,0
1191,2,9,1146.6,14,4,0
1192,11,12,1116.8,23,0,0
1193,2,1,641.0,8,1,1
1194,11,12,698.5,11,0,0
1195,10,2,484.7,0,1,1
1196,9,18,3667.9,10,3,1
1197,18,5,744.7,7,3,1
1198,1,8,1685.5,2,1,0
1199,8,6,3105.5,12,1,1
1200,8,9,452.4,7,3,1
