id,flight_id,age,annual_income,family_size,booking_lead_days,loyalty_tier,travel_risk,frequent_flyer
1,263,18,49062.0,1,2,0,0.152,0
2,718,51,97500.0,3,10,3,0.06,1
3,322,19,35005.0,1,8,1,0.207,0
4,308,30,32172.0,3,3,0,0.25,0
5,331,56,50426.0,2,10,3,0.13,0
6,285,18,18992.0,1,9,2,0.187,1
7,618,37,42461.0,1,11,0,0.098,0
8,558,23,83292.0,1,1,0,0.407,1
9,231,48,90265.0,1,10,0,0.168,0
10,379,23,64516.0,1,11,0,0.084,1
11,25,61,66306.0,1,12,0,0.169,0
12,153,28,347760.0,3,31,2,0.127,1
13,165,61,42409.0,2,30,2,0.156,1
14,711,31,70583.0,1,1,2,0.175,1
15,650,39,12000.0,3,10,0,0.097,1
16,414,53,13290.0,3,44,1,0.173,0
17,607,37,17204.0,2,14,2,0.089,1
18,608,21,110408.0,2,20,1,0.291,0
19,578,37,36225.0,1,19,1,0.063,0
20,466,18,33257.0,2,12,0,0.217,1
21,146,18,111740.0,5,7,0,0.207,0
22,54,39,12000.0,1,16,2,0.081,1
23,343,27,45865.0,1,9,3,0.056,0
24,397,57,38791.0,4,26,0,0.123,1
25,166,21,58329.0,2,24,1,0.109,0
26,16,37,79947.0,2,14,3,0.142,1
27,657,41,20005.0,3,30,2,0.185,1
28,247,35,47007.0,3,15,0,0.16,1
29,605,37,176485.0,1,6,1,0.206,1
30,673,26,28250.0,2,22,4,0.127,1
31,684,43,43194.0,2,17,1,0.209,0
32,522,32,65956.0,3,52,1,0.221,1
33,229,18,27256.0,1,26,0,0.058,0
34,565,39,150015.0,1,18,4,0.093,1
35,625,27,47867.0,1,17,1,0.084,1
36,682,27,25296.0,1,13,1,0.162,1
37,40,19,34600.0,5,5,2,0.077,1
38,95,49,43189.0,1,18,0,0.158,1
39,645,28,73928.0,1,5,0,0.076,1
40,503,47,29394.0,1,32,0,0.323,1
41,587,18,66474.0,1,21,0,0.169,0
42,697,34,33725.0,1,14,0,0.069,0
43,529,19,31996.0,1,10,2,0.23,0
44,24,18,21217.0,1,32,2,0.137,1
45,373,24,67524.0,2,5,4,0.198,1
46,419,28,170991.0,1,8,1,0.069,0
47,355,45,14938.0,2,13,3,0.074,1
48,232,47,12000.0,1,11,0,0.125,0
49,77,52,32262.0,1,3,0,0.209,0
50,338,41,22715.0,1,20,0,0.217,0
51,10,53,12000.0,3,18,0,0.114,0
52,317,55,36220.0,4,37,0,0.159,1
53,60,57,33330.0,3,3,0,0.212,0
54,392,49,60912.0,2,28,0,0.1,0
55,213,53,48885.0,3,2,1,0.219,1
56,459,59,48659.0,1,24,4,0.135,0
57,118,46,47756.0,1,18,2,0.099,1
58,135,67,46076.0,2,15,1,0.304,1
59,617,38,23270.0,2,6,1,0.414,0
60,56,22,163780.0,4,20,2,0.158,1
61,541,46,34307.0,1,9,0,0.137,0
62,583,36,179410.0,3,7,2,0.089,1
63,482,40,24555.0,1,21,2,0.132,0
64,155,39,45546.0,1,24,0,0.238,0
65,475,35,79807.0,2,19,2,0.103,1
66,647,31,12000.0,3,3,0,0.085,0
67,687,25,12000.0,4,15,0,0.196,1
68,374,18,58682.0,4,9,1,0.08,0
69,93,34,58811.0,1,18,0,0.245,0
70,386,44,46966.0,1,13,4,0.323,1
71,91,49,28492.0,3,21,0,0.194,0
72,441,37,70126.0,2,11,3,0.18,0
73,319,41,137012.0,2,25,4,0.06,1
74,623,18,12000.0,4,32,1,0.162,1
75,450,54,81654.0,2,20,2,0.261,0
76,559,47,88014.0,1,5,2,0.321,1
77,107,57,40908.0,1,11,0,0.24,0
78,573,21,166545.0,1,11,1,0.191,1
79,615,37,107066.0,1,7,2,0.125,1
80,386,32,46195.0,1,6,2,0.21,0
81,230,27,54591.0,2,17,4,0.147,1
82,129,33,71299.0,1,12,2,0.096,1
83,109,34,23734.0,5,26,3,0.142,1
84,260,44,48188.0,1,0,1,0.244,1
85,115,44,79576.0,5,20,0,0.257,1
86,268,31,42557.0,3,4,0,0.181,1
87,648,37,52743.0,5,15,0,0.173,0
88,388,18,84380.0,1,11,0,0.308,0
89,416,46,12527.0,2,16,1,0.123,1
90,708,46,65643.0,1,15,1,0.204,0
91,305,52,37469.0,4,4,1,0.064,0
92,169,37,26106.0,1,12,1,0.115,1
93,240,30,181963.0,2,19,1,0.216,1
94,202,31,119809.0,1,18,4,0.057,1
95,392,37,44648.0,4,5,2,0.325,1
96,627,30,36889.0,3,14,1,0.099,1
97,698,39,33978.0,1,20,2,0.218,1
98,710,27,24338.0,2,26,0,0.192,0
99,688,45,15348.0,3,10,2,0.073,1
100,214,43,47775.0,2,8,2,0.141,1
101,375,21,60919.0,2,5,0,0.212,1
102,361,18,134511.0,1,23,4,0.241,1
103,398,18,62044.0,1,14,1,0.205,0
104,618,18,303099.0,1,69,0,0.122,0
105,45,41,21142.0,2,5,0,0.135,0
106,179,35,134049.0,2,5,0,0.285,1
107,677,44,28703.0,1,16,0,0.118,0
108,216,43,45886.0,2,49,0,0.129,1
109,474,33,41382.0,1,15,2,0.073,1
110,528,34,52285.0,1,19,1,0.123,0
111,302,56,95265.0,1,8,0,0.3,1
112,3,30,16499.0,1,16,0,0.176,0
113,358,24,45105.0,1,39,0,0.133,0
114,644,58,16559.0,1,27,2,0.266,1
115,401,31,65713.0,1,23,2,0.203,1
116,416,46,98716.0,2,21,0,0.286,0
117,137,29,96061.0,3,13,1,0.122,0
118,538,58,95361.0,1,27,3,0.187,1
119,183,46,54756.0,6,23,1,0.05,1
120,710,24,38077.0,2,13,1,0.133,0
121,168,42,54499.0,4,8,1,0.149,0
122,390,38,24482.0,6,4,0,0.204,0
123,103,30,64407.0,1,17,2,0.131,1
124,274,25,37546.0,1,7,4,0.136,1
125,41,18,161566.0,1,7,1,0.138,0
126,482,35,35054.0,1,2,2,0.292,1
127,248,35,86449.0,1,16,1,0.122,1
128,578,34,27545.0,1,17,2,0.104,1
129,653,18,14416.0,3,4,2,0.229,0
130,42,33,47775.0,1,7,1,0.263,0
131,206,58,15727.0,1,13,2,0.098,1
132,629,39,31908.0,1,17,2,0.062,0
133,59,58,38223.0,1,19,0,0.33,0
134,292,38,32855.0,2,16,3,0.119,0
135,84,38,58878.0,1,6,1,0.167,0
136,614,27,34234.0,1,8,2,0.351,1
137,94,19,49146.0,1,21,1,0.207,1
138,18,30,12000.0,2,2,1,0.128,1
139,669,23,227434.0,1,7,2,0.224,1
140,168,51,60654.0,2,17,2,0.154,0
141,85,34,39022.0,3,5,2,0.135,1
142,595,18,65317.0,2,4,2,0.192,1
143,40,49,55219.0,1,1,1,0.118,0
144,617,42,108782.0,2,4,2,0.105,1
145,252,22,56939.0,6,19,3,0.203,1
146,399,20,39623.0,1,16,1,0.168,0
147,417,23,23006.0,5,6,0,0.24,0
148,199,25,79211.0,1,20,1,0.414,0
149,200,27,20737.0,1,22,1,0.272,1
150,577,56,50873.0,1,22,0,0.193,0
151,654,37,61200.0,4,6,1,0.151,0
152,682,19,37732.0,1,14,2,0.203,0
153,270,55,213077.0,3,7,3,0.12,0
154,114,42,144758.0,1,8,4,0.079,0
155,123,27,189483.0,1,18,2,0.234,1
156,481,18,138544.0,5,22,3,0.069,1
157,45,24,30308.0,1,10,1,0.164,1
158,7,40,80473.0,1,15,0,0.08,1
159,98,22,12000.0,1,25,0,0.249,0
160,264,28,40466.0,4,18,0,0.261,0
161,650,55,68957.0,2,9,0,0.186,0
162,142,57,235151.0,2,15,0,0.201,0
163,138,22,12000.0,1,2,0,0.14,1
164,290,54,99085.0,2,11,1,0.162,1
165,286,38,16937.0,1,15,1,0.153,0
166,698,18,35677.0,4,36,1,0.225,0
167,96,33,15303.0,3,46,0,0.136,0
168,30,18,12259.0,6,20,0,0.156,1
169,292,37,35654.0,2,8,1,0.222,1
170,143,61,42282.0,3,45,3,0.118,1
171,192,35,17653.0,3,20,0,0.1,1
172,268,35,46660.0,1,10,2,0.183,1
173,271,37,195772.0,2,13,4,0.144,1
174,696,42,27274.0,1,17,0,0.151,0
175,234,40,72417.0,4,12,1,0.27,1
176,78,47,56848.0,1,9,1,0.237,1
177,522,23,99572.0,2,7,1,0.079,1
178,482,41,57372.0,1,20,0,0.232,0
179,377,47,50928.0,1,17,0,0.348,1
180,270,43,34339.0,2,22,2,0.143,1
181,626,38,150648.0,2,3,1,0.054,1
182,693,33,144355.0,1,33,1,0.131,1
183,257,38,36839.0,1,32,2,0.133,1
184,410,32,38468.0,5,24,4,0.083,1
185,643,28,106303.0,2,2,2,0.157,0
186,143,41,70963.0,1,7,4,0.068,0
187,615,63,16874.0,1,17,0,0.098,1
188,417,41,34326.0,1,13,2,0.039,1
189,272,32,79629.0,1,24,2,0.372,0
190,250,62,26277.0,1,11,2,0.337,1
191,147,53,68562.0,3,11,0,0.156,0
192,626,44,49736.0,6,33,0,0.14,0
193,73,59,57303.0,1,3,0,0.085,1
194,430,43,12000.0,3,9,0,0.184,1
195,229,56,83309.0,3,37,0,0.179,1
196,706,27,48717.0,2,22,0,0.174,0
197,447,18,24988.0,3,15,1,0.196,1
198,489,64,107175.0,5,13,0,0.344,1
199,552,51,56982.0,1,17,2,0.157,1
200,494,23,52126.0,1,19,1,0.066,1
201,698,35,72524.0,4,42,2,0.238,0
202,239,18,27444.0,1,34,1,0.383,1
203,492,65,111913.0,6,6,1,0.125,0
204,688,49,22173.0,1,10,0,0.138,1
205,319,28,38230.0,5,15,0,0.435,0
206,274,52,13393.0,2,14,1,0.271,1
207,146,31,28775.0,3,23,2,0.114,0
208,118,42,577913.0,2,13,3,0.211,1
209,230,58,15419.0,2,11,0,0.212,0
210,6,30,89470.0,1,2,1,0.245,0
211,16,19,28811.0,3,51,0,0.114,1
212,7,51,82002.0,1,2,2,0.085,0
213,159,47,27521.0,1,5,1,0.068,0
214,258,27,91671.0,5,10,0,0.292,0
215,641,33,27857.0,2,7,1,0.123,0
216,100,52,15136.0,1,13,0,0.145,0
217,30,55,49608.0,2,14,0,0.266,1
218,507,32,35848.0,4,10,0,0.108,0
219,460,33,111219.0,1,5,4,0.091,1
220,369,24,26264.0,1,52,1,0.128,0
221,626,43,26478.0,1,4,1,0.117,1
222,591,33,43506.0,1,29,4,0.128,1
223,446,50,17198.0,4,3,2,0.407,1
224,141,36,33385.0,1,2,4,0.095,1
225,561,24,29995.0,3,4,1,0.211,1
226,437,42,40047.0,2,11,0,0.322,0
227,349,36,35969.0,2,8,1,0.159,0
228,95,20,121337.0,1,11,4,0.136,1
229,48,25,95165.0,3,11,0,0.091,1
230,25,56,33284.0,1,11,0,0.201,0
231,393,30,18795.0,1,12,2,0.321,0
232,138,44,79638.0,1,11,2,0.216,1
233,350,32,74502.0,1,6,1,0.121,0
234,629,18,92298.0,3,9,1,0.393,0
235,180,48,71914.0,2,27,1,0.179,1
236,384,42,20888.0,1,17,2,0.141,0
237,616,34,78446.0,1,7,1,0.046,1
238,256,26,62758.0,1,20,3,0.121,0
239,165,54,73262.0,1,1,0,0.183,0
240,50,24,38766.0,1,7,1,0.16,1
241,680,18,128170.0,1,6,3,0.087,0
242,194,22,24991.0,1,2,1,0.34,0
243,472,56,159269.0,3,12,0,0.311,1
244,457,33,28777.0,5,17,0,0.132,1
245,22,33,50778.0,2,9,4,0.15,1
246,65,18,12000.0,1,9,1,0.056,1
247,348,18,25366.0,1,25,0,0.117,0
248,34,18,16176.0,4,6,1,0.128,0
249,250,33,46182.0,6,25,1,0.454,1
250,488,56,78074.0,2,1,0,0.145,0
251,705,26,19607.0,3,10,3,0.328,1
252,362,48,15308.0,3,11,1,0.252,0
253,99,86,47977.0,4,2,3,0.149,1
254,456,33,57582.0,4,9,2,0.162,0
255,26,18,35816.0,1,54,2,0.231,1
256,78,39,42868.0,1,19,2,0.118,1
257,113,41,66615.0,4,11,0,0.254,0
258,366,18,37850.0,1,12,1,0.164,0
259,553,44,110140.0,5,7,1,0.289,0
260,218,36,15782.0,1,10,1,0.145,0
261,719,45,38289.0,1,3,3,0.14,1
262,448,27,103954.0,6,32,4,0.188,0
263,79,28,54297.0,3,32,0,0.193,1
264,419,20,32047.0,1,4,3,0.271,0
265,633,42,91037.0,4,13,0,0.384,0
266,451,40,90120.0,2,19,3,0.148,1
267,332,61,47758.0,1,18,0,0.139,0
268,502,30,12000.0,3,16,1,0.113,0
269,550,32,54252.0,1,12,3,0.236,1
270,698,59,40937.0,4,16,3,0.22,1
271,260,18,15290.0,1,21,3,0.152,1
272,79,61,52078.0,1,40,1,0.309,1
273,487,40,149650.0,2,26,1,0.167,1
274,33,40,98203.0,1,10,3,0.178,1
275,560,48,29341.0,3,45,3,0.173,1
276,216,42,31064.0,3,11,1,0.137,1
277,265,24,35029.0,3,17,0,0.247,0
278,113,36,19236.0,1,10,0,0.135,1
279,553,19,28013.0,3,6,4,0.162,1
280,559,18,71814.0,1,14,3,0.117,0
281,440,35,13700.0,4,20,0,0.244,1
282,461,34,36829.0,2,18,1,0.077,0
283,554,18,17487.0,4,48,0,0.211,0
284,56,43,54571.0,1,2,0,0.23,0
285,620,46,52439.0,1,21,2,0.224,1
286,536,46,12737.0,2,13,1,0.085,1
287,384,55,27275.0,1,19,1,0.221,0
288,162,42,12000.0,1,5,1,0.264,0
289,565,45,73268.0,2,7,0,0.179,0
290,346,20,21072.0,1,38,1,0.272,1
291,226,67,73278.0,1,4,1,0.211,0
292,336,30,21609.0,1,7,0,0.154,0
293,616,21,35241.0,3,28,1,0.074,1
294,549,47,70979.0,1,14,3,0.147,1
295,117,20,105572.0,5,9,1,0.13,0
296,456,28,124452.0,1,18,2,0.132,0
297,316,52,118533.0,1,3,3,0.118,1
298,593,18,47465.0,1,28,0,0.142,0
299,322,34,72654.0,1,11,1,0.11,1
300,128,59,12000.0,2,6,0,0.187,0
301,340,21,100355.0,2,4,1,0.114,0
302,427,24,12000.0,2,13,2,0.157,1
303,247,74,94722.0,1,9,2,0.153,0
304,233,67,103446.0,2,19,2,0.132,1
305,256,42,21385.0,4,7,4,0.125,1
306,210,30,28477.0,1,11,1,0.139,1
307,465,53,16399.0,1,16,0,0.069,0
308,424,36,31902.0,1,35,1,0.142,0
309,706,46,31117.0,2,17,3,0.071,1
310,280,18,40543.0,1,7,4,0.084,1
311,457,30,48253.0,1,25,2,0.085,1
312,352,49,82839.0,5,3,4,0.174,1
313,85,18,15728.0,1,21,0,0.083,0
314,108,37,26982.0,2,48,1,0.366,1
315,574,50,48204.0,5,14,3,0.058,0
316,145,46,93290.0,1,16,0,0.237,0
317,93,55,139403.0,1,11,3,0.072,1
318,77,27,12000.0,1,9,0,0.114,1
319,266,36,49049.0,1,17,3,0.149,0
320,409,20,58510.0,3,6,4,0.064,0
321,400,28,25963.0,5,22,0,0.149,1
322,113,33,111544.0,2,51,4,0.26,1
323,606,23,74735.0,5,18,1,0.191,1
324,213,30,30961.0,1,20,0,0.272,0
325,629,28,41308.0,1,56,0,0.158,1
326,463,33,48699.0,1,15,0,0.14,0
327,31,40,48375.0,6,9,3,0.117,0
328,180,62,31856.0,1,10,2,0.122,1
329,507,40,48920.0,2,11,1,0.13,1
330,91,33,37215.0,1,11,3,0.091,1
331,510,61,14326.0,2,15,3,0.184,0
332,12,37,35531.0,1,1,1,0.151,1
333,404,40,31803.0,2,24,1,0.099,0
334,613,52,76188.0,1,9,4,0.092,1
335,39,31,94718.0,1,21,1,0.099,1
336,626,41,28711.0,1,20,3,0.222,1
337,426,42,21310.0,2,13,1,0.162,1
338,538,67,73303.0,2,12,0,0.138,0
339,528,34,26216.0,2,17,2,0.268,1
340,155,45,66747.0,1,22,0,0.287,0
341,278,56,24292.0,3,14,1,0.192,0
342,618,23,34837.0,5,9,1,0.19,0
343,666,56,97522.0,4,8,4,0.183,1
344,534,21,225937.0,5,28,2,0.159,0
345,698,47,29478.0,3,16,2,0.057,1
346,498,40,52069.0,4,21,3,0.1,1
347,373,45,76326.0,1,33,0,0.373,1
348,587,18,62548.0,1,38,1,0.117,1
349,409,27,36357.0,1,36,0,0.095,1
350,296,61,59751.0,3,13,2,0.099,0
351,636,39,36649.0,1,10,0,0.073,1
352,687,28,55528.0,4,16,0,0.508,0
353,705,18,186533.0,1,9,3,0.168,1
354,349,32,28222.0,4,20,1,0.208,0
355,614,54,24975.0,1,26,1,0.151,0
356,442,33,123086.0,2,16,1,0.166,0
357,339,36,69924.0,1,21,2,0.101,1
358,259,43,72108.0,2,31,2,0.18,0
359,154,25,53107.0,5,9,0,0.136,0
360,587,40,80155.0,1,51,2,0.126,0
361,211,41,24326.0,5,15,1,0.058,1
362,561,20,12000.0,4,5,2,0.165,0
363,39,75,41676.0,2,33,0,0.341,1
364,247,44,106790.0,1,14,3,0.062,1
365,278,39,128481.0,2,15,3,0.084,1
366,558,44,12000.0,1,17,2,0.117,0
367,646,42,26111.0,3,13,1,0.077,1
368,123,26,64291.0,2,20,1,0.08,0
369,232,23,20158.0,2,27,0,0.216,0
370,422,36,85900.0,1,13,2,0.084,0
371,711,31,43850.0,2,30,0,0.097,0
372,278,30,56981.0,3,4,1,0.235,1
373,1,34,89820.0,3,14,4,0.1,1
374,417,42,65702.0,1,10,3,0.092,1
375,443,32,36065.0,1,26,1,0.143,0
376,108,32,71711.0,5,11,4,0.245,1
377,525,39,21233.0,2,9,4,0.085,1
378,25,22,53036.0,2,13,0,0.31,0
379,563,33,75406.0,1,36,0,0.098,0
380,450,18,17080.0,3,16,4,0.299,0
381,696,56,88203.0,6,15,0,0.215,0
382,573,67,39370.0,3,1,3,0.082,0
383,387,45,63208.0,3,21,3,0.069,1
384,111,36,70380.0,5,6,2,0.076,1
385,53,39,42283.0,1,15,1,0.268,0
386,185,33,108465.0,3,13,1,0.261,1
387,583,48,66110.0,5,18,0,0.146,0
388,557,55,203878.0,2,5,4,0.17,1
389,243,43,75452.0,1,23,3,0.121,1
390,524,18,60875.0,1,16,0,0.232,1
391,142,37,126305.0,2,22,2,0.147,1
392,482,18,22829.0,1,12,0,0.127,1
393,82,34,22823.0,1,20,1,0.134,1
394,271,33,58616.0,2,12,0,0.059,0
395,348,18,36211.0,1,1,1,0.175,1
396,463,38,155515.0,1,15,0,0.1,0
397,195,41,71354.0,2,9,2,0.094,0
398,107,43,50057.0,2,9,2,0.149,0
399,184,18,21327.0,1,44,1,0.127,1
400,710,59,85961.0,2,6,1,0.188,0
401,656,29,92646.0,1,30,3,0.149,1
402,265,18,22446.0,3,24,0,0.135,0
403,63,25,41569.0,3,15,3,0.174,0
404,116,18,17944.0,1,54,0,0.318,1
405,62,57,18640.0,1,4,0,0.216,1
406,639,38,30716.0,3,15,1,0.255,0
407,301,37,31026.0,6,9,1,0.118,0
408,498,35,12000.0,2,12,0,0.093,1
409,213,59,192008.0,4,10,3,0.181,1
410,501,41,52796.0,1,14,0,0.326,0
411,644,40,59238.0,2,12,0,0.197,0
412,375,33,29805.0,5,32,0,0.2,0
413,162,42,12000.0,1,23,0,0.127,0
414,241,18,41513.0,2,21,3,0.146,1
415,203,31,56343.0,2,51,2,0.136,1
416,640,76,100706.0,2,8,2,0.154,1
417,192,35,117137.0,1,8,0,0.166,0
418,400,18,55030.0,2,5,0,0.112,0
419,621,39,51316.0,1,64,3,0.235,1
420,248,21,27475.0,1,24,3,0.292,1
421,568,38,36754.0,2,3,2,0.144,1
422,121,54,54754.0,1,1,2,0.104,1
423,88,34,67566.0,5,7,3,0.243,1
424,197,25,52024.0,2,21,0,0.111,0
425,227,19,52446.0,3,19,2,0.116,1
426,208,23,180559.0,2,17,3,0.109,1
427,385,26,67002.0,2,12,1,0.135,1
428,554,28,40092.0,1,24,0,0.08,0
429,31,39,38816.0,4,4,0,0.091,0
430,5,49,26680.0,1,17,1,0.169,1
431,201,28,16286.0,3,1,3,0.134,1
432,596,62,35856.0,2,6,3,0.076,0
433,306,28,36502.0,2,17,1,0.042,0
434,166,43,82942.0,1,8,2,0.09,1
435,202,18,32212.0,2,44,1,0.101,1
436,639,32,47444.0,5,4,0,0.215,0
437,551,21,20987.0,1,8,1,0.236,1
438,696,19,26365.0,2,4,0,0.285,0
439,274,50,28537.0,1,39,2,0.287,0
440,617,48,60625.0,6,8,4,0.127,1
441,354,62,78655.0,1,33,3,0.186,1
442,433,31,117425.0,2,24,4,0.123,1
443,641,20,59671.0,2,15,3,0.105,1
444,162,35,45032.0,1,11,2,0.187,1
445,61,49,30041.0,4,19,2,0.172,1
446,383,32,15078.0,1,6,0,0.209,0
447,381,32,27277.0,1,5,2,0.111,1
448,60,25,33701.0,1,10,0,0.086,1
449,185,22,40230.0,1,9,4,0.197,1
450,459,52,12017.0,4,16,3,0.107,1
451,126,29,37424.0,2,60,0,0.165,1
452,230,22,45053.0,3,19,1,0.147,0
453,74,51,177745.0,3,22,1,0.153,0
454,310,33,137920.0,3,35,2,0.158,1
455,151,39,46069.0,1,6,1,0.167,0
456,167,63,97130.0,1,9,1,0.161,0
457,11,34,86971.0,2,18,1,0.146,0
458,597,54,107987.0,2,12,2,0.067,0
459,618,18,34646.0,1,35,2,0.123,1
460,387,24,134601.0,1,3,3,0.23,0
461,717,49,47620.0,2,13,0,0.212,1
462,610,18,114751.0,1,10,2,0.324,0
463,583,35,274512.0,3,24,1,0.355,1
464,589,24,12000.0,1,3,0,0.304,0
465,678,18,45943.0,1,9,0,0.124,1
466,362,46,30483.0,1,40,2,0.195,1
467,55,43,15178.0,2,58,1,0.192,1
468,125,45,25224.0,1,14,3,0.112,0
469,508,30,93388.0,1,22,0,0.174,0
470,510,37,12000.0,2,24,1,0.135,1
471,485,50,332866.0,2,12,3,0.092,1
472,9,30,54889.0,2,17,0,0.172,0
473,66,31,190160.0,4,14,4,0.293,1
474,540,54,31513.0,2,6,2,0.115,1
475,173,42,24354.0,4,37,1,0.116,1
476,457,38,117144.0,3,39,0,0.209,1
477,175,22,28882.0,1,11,0,0.082,0
478,647,40,19039.0,2,4,2,0.188,1
479,584,38,109848.0,2,11,1,0.136,0
480,118,62,17992.0,3,4,2,0.21,1
481,396,38,36831.0,1,19,0,0.377,0
482,291,23,22798.0,1,2,1,0.202,1
483,21,67,17913.0,1,27,2,0.132,1
484,436,21,26771.0,4,6,0,0.248,1
485,196,46,106076.0,3,16,1,0.183,0
486,222,46,47541.0,6,16,1,0.121,0
487,280,45,52585.0,2,9,0,0.113,0
488,161,31,52639.0,3,1,0,0.251,0
489,247,32,12000.0,1,11,0,0.078,0
490,514,46,44356.0,1,11,1,0.105,1
491,28,31,109232.0,4,7,1,0.369,1
492,106,41,197495.0,2,36,0,0.144,0
493,504,45,12000.0,3,19,0,0.215,0
494,56,22,118785.0,3,8,4,0.301,1
495,674,31,43049.0,1,4,0,0.11,0
496,406,20,16792.0,1,23,3,0.098,1
497,515,18,66327.0,1,16,0,0.187,0
498,505,61,12441.0,2,16,1,0.198,1
499,133,37,133181.0,2,13,1,0.23,1
500,492,36,66874.0,2,21,3,0.115,1
501,28,53,48266.0,4,3,3,0.22,0
502,293,52,136102.0,1,6,4,0.096,1
503,525,19,80414.0,1,11,1,0.319,0
504,186,56,123526.0,4,41,1,0.251,0
505,138,44,67990.0,1,38,4,0.125,1
506,120,42,167994.0,2,12,4,0.065,1
507,523,35,58227.0,2,11,3,0.162,0
508,695,48,53171.0,1,40,0,0.232,0
509,94,34,58765.0,4,14,4,0.113,1
510,655,41,73652.0,4,5,0,0.193,1
511,132,56,15361.0,3,9,0,0.086,0
512,712,23,42152.0,1,9,2,0.099,0
513,317,24,34800.0,1,13,0,0.146,1
514,352,18,95559.0,1,11,1,0.047,0
515,717,49,66224.0,2,32,4,0.138,0
516,405,18,86499.0,1,3,1,0.104,0
517,90,42,175231.0,1,32,2,0.169,0
518,437,66,298214.0,6,8,3,0.13,1
519,63,22,28100.0,3,8,1,0.164,0
520,713,53,28138.0,1,3,0,0.472,0
521,272,20,72247.0,2,6,1,0.116,0
522,530,18,30201.0,1,9,0,0.126,0
523,70,19,183035.0,1,17,1,0.092,1
524,593,52,51496.0,1,34,4,0.134,1
525,472,70,48361.0,2,16,0,0.119,0
526,202,37,12000.0,3,20,0,0.178,0
527,251,40,36990.0,1,18,4,0.166,1
528,607,40,39914.0,1,6,0,0.091,0
529,638,18,88818.0,1,16,1,0.151,1
530,75,22,20594.0,6,18,0,0.308,0
531,300,41,117870.0,1,9,0,0.158,1
532,50,21,28647.0,1,9,1,0.144,1
533,704,46,161097.0,1,10,2,0.077,1
534,411,36,18713.0,2,15,1,0.137,1
535,172,31,24332.0,5,11,0,0.134,0
536,381,29,19021.0,3,13,1,0.299,1
537,226,36,388867.0,1,11,4,0.061,1
538,638,26,33059.0,1,54,3,0.055,1
539,154,51,58536.0,2,10,2,0.209,1
540,368,41,12000.0,4,18,2,0.184,1
541,178,20,67380.0,4,8,0,0.078,1
542,15,69,49946.0,1,29,0,0.125,0
543,480,18,32514.0,1,10,4,0.067,1
544,4,60,97932.0,4,4,0,0.141,0
545,533,44,54170.0,1,35,0,0.161,0
546,296,35,37342.0,1,10,2,0.228,1
547,350,28,23347.0,1,6,0,0.106,0
548,705,36,90683.0,3,12,0,0.116,0
549,582,45,140786.0,1,14,0,0.064,1
550,665,43,34440.0,2,16,0,0.046,0
551,444,30,56147.0,1,8,4,0.141,0
552,260,56,25497.0,1,13,1,0.202,0
553,686,47,43159.0,1,7,0,0.299,0
554,158,34,64376.0,2,11,2,0.139,0
555,594,33,60423.0,4,22,0,0.3,0
556,379,40,12000.0,1,7,4,0.14,1
557,670,41,25555.0,1,11,0,0.136,1
558,662,45,22043.0,6,17,1,0.165,0
559,259,48,79530.0,2,8,3,0.31,1
560,638,60,84727.0,4,8,1,0.153,0
561,46,27,52877.0,1,6,3,0.197,1
562,156,18,115353.0,3,9,0,0.103,0
563,104,62,27106.0,2,10,1,0.275,0
564,507,31,527807.0,4,4,3,0.134,1
565,144,46,16015.0,2,8,2,0.171,1
566,604,25,20229.0,4,11,0,0.317,0
567,167,58,75145.0,1,31,1,0.153,0
568,213,39,43626.0,6,33,1,0.187,1
569,54,46,77316.0,3,9,3,0.217,1
570,327,45,132073.0,1,18,2,0.098,1
571,648,57,63612.0,5,12,0,0.275,0
572,663,43,85942.0,1,53,0,0.177,1
573,180,37,22692.0,1,6,0,0.08,0
574,98,44,20509.0,5,8,0,0.339,1
575,652,51,42987.0,1,10,0,0.151,0
576,708,35,40514.0,1,25,0,0.141,1
577,55,54,71125.0,1,39,0,0.213,1
578,470,39,14791.0,1,5,1,0.056,0
579,473,45,110510.0,1,8,0,0.202,0
580,266,49,20808.0,1,3,4,0.08,1
581,561,42,72024.0,5,6,3,0.138,0
582,250,23,51354.0,2,2,3,0.206,0
583,402,25,15255.0,3,13,0,0.241,0
584,612,35,100925.0,2,5,1,0.098,1
585,55,45,17146.0,2,24,0,0.163,1
586,534,40,35093.0,1,10,1,0.204,0
587,499,49,165197.0,1,24,2,0.099,0
588,546,53,122300.0,3,12,3,0.098,1
589,587,34,12000.0,2,8,0,0.285,0
590,261,25,37127.0,1,32,0,0.089,1
591,439,54,240461.0,2,6,2,0.351,1
592,98,54,38988.0,6,26,0,0.171,1
593,548,35,43022.0,1,37,0,0.175,1
594,579,37,21267.0,1,18,1,0.142,0
595,293,44,32590.0,1,9,0,0.119,0
596,675,24,12564.0,1,0,0,0.102,0
597,444,56,44475.0,2,7,0,0.077,0
598,465,23,76836.0,4,22,0,0.226,0
599,116,50,29319.0,5,10,2,0.132,1
600,236,52,31758.0,2,32,2,0.143,1
601,272,36,62112.0,4,21,0,0.11,1
602,615,46,118341.0,1,24,3,0.141,0
603,693,47,47235.0,1,14,0,0.183,1
604,524,28,64398.0,1,27,0,0.118,0
605,218,31,48662.0,1,9,3,0.142,0
606,267,58,68892.0,3,10,1,0.097,0
607,167,18,25750.0,5,13,1,0.325,0
608,448,49,215089.0,3,22,3,0.056,1
609,368,31,186417.0,1,21,0,0.109,0
610,488,39,31632.0,1,8,2,0.258,0
611,601,45,22986.0,2,28,0,0.27,1
612,135,29,26536.0,4,24,1,0.136,0
613,126,27,54552.0,4,12,2,0.137,1
614,644,35,12000.0,1,5,2,0.088,0
615,569,45,43747.0,6,10,0,0.287,1
616,634,55,26474.0,1,48,0,0.194,0
617,386,37,12000.0,1,6,0,0.144,0
618,536,41,53653.0,4,20,3,0.103,1
619,11,53,63539.0,1,7,1,0.187,0
620,501,31,25847.0,1,19,1,0.201,0
621,458,18,12000.0,1,10,0,0.096,1
622,593,18,95236.0,3,9,2,0.135,1
623,344,42,38345.0,1,13,3,0.302,0
624,57,39,101600.0,5,23,1,0.156,1
625,264,28,18891.0,3,15,1,0.162,0
626,544,18,15105.0,3,11,0,0.374,1
627,532,33,19055.0,1,7,2,0.326,0
628,208,57,57253.0,2,16,1,0.134,0
629,292,44,131154.0,3,11,3,0.138,1
630,558,18,32521.0,5,15,0,0.064,0
631,209,24,32204.0,3,5,1,0.292,1
632,444,38,12834.0,2,10,0,0.14,0
633,713,39,66869.0,1,22,0,0.293,0
634,414,18,220953.0,1,22,3,0.371,1
635,161,18,70317.0,3,5,0,0.275,0
636,124,36,99178.0,2,11,4,0.174,0
637,56,18,126355.0,2,14,2,0.114,0
638,384,45,50432.0,1,28,1,0.108,1
639,642,29,30755.0,1,10,0,0.221,0
640,47,25,64860.0,1,30,2,0.129,1
641,242,33,32280.0,4,5,0,0.107,1
642,379,21,12000.0,3,25,2,0.085,1
643,227,53,59846.0,5,20,0,0.211,0
644,632,41,78943.0,3,17,2,0.131,0
645,661,28,57837.0,2,20,2,0.102,1
646,7,32,53863.0,2,3,2,0.06,0
647,302,53,26653.0,3,29,1,0.311,0
648,360,64,54482.0,2,11,2,0.144,1
649,336,18,14471.0,1,11,4,0.164,1
650,402,21,172439.0,1,46,3,0.133,1
651,474,44,118636.0,2,32,1,0.153,1
652,358,31,156375.0,2,8,0,0.411,1
653,426,59,49774.0,1,7,2,0.174,0
654,412,29,12000.0,2,8,0,0.265,0
655,326,32,17046.0,1,19,1,0.18,0
656,482,40,43671.0,2,17,0,0.437,0
657,662,37,30189.0,1,11,3,0.302,0
658,420,48,141331.0,1,8,1,0.133,0
659,228,44,44625.0,2,40,1,0.158,1
660,550,32,36119.0,1,7,1,0.068,1
661,394,41,29897.0,1,9,1,0.166,1
662,466,30,65632.0,1,22,2,0.135,0
663,106,26,73509.0,2,9,1,0.179,1
664,557,32,45325.0,2,31,1,0.168,1
665,590,69,28876.0,1,4,0,0.353,1
666,221,50,39091.0,1,22,0,0.153,1
667,467,58,23382.0,1,4,0,0.131,0
668,21,31,39838.0,1,6,1,0.109,1
669,138,64,32574.0,2,9,0,0.168,0
670,675,46,23042.0,2,9,2,0.178,1
671,552,60,98935.0,5,54,0,0.357,1
672,174,48,36672.0,1,17,3,0.172,1
673,269,39,30350.0,1,14,0,0.109,1
674,639,43,65633.0,1,10,0,0.232,1
675,99,23,48356.0,2,10,1,0.102,0
676,326,50,85055.0,1,9,0,0.281,0
677,672,65,16569.0,6,7,0,0.23,1
678,599,61,48545.0,2,18,0,0.197,1
679,224,63,38973.0,1,15,4,0.144,0
680,360,49,55041.0,6,6,0,0.162,1
681,432,44,239343.0,5,27,2,0.181,1
682,518,18,54536.0,1,20,3,0.19,1
683,581,43,31389.0,4,7,0,0.122,0
684,404,23,35178.0,3,5,0,0.222,0
685,97,39,24480.0,3,18,3,0.138,1
686,652,49,103167.0,1,8,1,0.316,0
687,129,23,58102.0,2,6,3,0.265,1
688,395,39,21364.0,1,16,1,0.318,0
689,678,39,98177.0,2,44,0,0.235,1
690,663,28,47573.0,2,41,2,0.245,0
691,467,18,12029.0,2,8,2,0.22,1
692,580,51,31956.0,1,18,0,0.115,0
693,552,65,102545.0,1,5,2,0.112,1
694,494,45,17720.0,4,9,0,0.111,0
695,438,37,91005.0,2,32,1,0.142,0
696,127,18,120918.0,5,9,1,0.174,0
697,343,49,224079.0,1,6,2,0.186,0
698,30,45,77075.0,1,14,0,0.15,0
699,114,40,174947.0,1,27,0,0.112,0
700,248,33,47701.0,1,3,0,0.096,0
701,112,51,86345.0,1,8,2,0.364,0
702,238,58,28875.0,2,24,0,0.18,1
703,353,18,55204.0,4,12,0,0.248,0
704,654,26,15490.0,3,37,1,0.122,1
705,221,18,92467.0,1,15,1,0.129,1
706,180,49,12000.0,1,3,2,0.1,0
707,622,64,23054.0,1,30,2,0.052,1
708,14,34,58589.0,1,5,1,0.13,0
709,612,25,90862.0,1,2,2,0.155,1
710,716,60,110354.0,3,14,1,0.151,1
711,251,32,61840.0,3,13,1,0.187,0
712,402,60,102484.0,1,28,0,0.128,1
713,625,18,47703.0,2,24,1,0.106,0
714,275,27,77086.0,2,8,2,0.081,1
715,626,18,49919.0,1,11,0,0.193,0
716,181,32,24659.0,1,18,0,0.2,0
717,297,58,36577.0,2,7,3,0.073,1
718,110,63,22217.0,2,28,3,0.085,1
719,217,32,84885.0,1,13,3,0.267,1
720,128,43,12000.0,1,27,3,0.235,0
721,446,36,25759.0,5,25,2,0.107,0
722,601,67,57531.0,2,27,1,0.188,0
723,584,20,30287.0,2,11,1,0.137,0
724,322,50,20996.0,3,6,1,0.084,0
725,189,53,14633.0,1,14,1,0.135,1
726,589,59,84366.0,1,12,1,0.118,1
727,204,18,20864.0,1,13,1,0.092,1
728,543,33,48315.0,5,16,1,0.204,1
729,356,35,99647.0,1,6,1,0.133,0
730,7,18,108255.0,3,27,2,0.123,1
731,431,25,24652.0,4,18,1,0.288,0
732,387,18,17819.0,1,2,1,0.144,0
733,186,41,55530.0,2,5,3,0.071,0
734,4,18,12000.0,1,4,2,0.089,0
735,448,23,56810.0,1,13,3,0.126,1
736,121,18,169597.0,6,16,3,0.249,1
737,231,30,76124.0,1,9,0,0.134,1
738,357,26,98461.0,1,13,1,0.239,0
739,521,18,145879.0,1,32,1,0.29,0
740,5,35,41224.0,6,16,2,0.375,1
741,39,27,12000.0,2,54,0,0.191,0
742,148,25,85444.0,5,3,2,0.133,0
743,211,18,79917.0,1,24,2,0.24,1
744,656,46,80089.0,1,5,2,0.121,1
745,177,43,74355.0,2,7,1,0.114,1
746,45,43,14952.0,1,9,0,0.263,0
747,637,18,73187.0,1,18,1,0.136,1
748,554,28,50487.0,1,36,4,0.095,1
749,559,47,146294.0,2,9,0,0.157,1
750,93,55,61236.0,1,49,0,0.119,1
751,231,22,56184.0,3,15,0,0.262,1
752,571,18,20824.0,1,10,0,0.115,0
753,604,33,35989.0,4,14,0,0.093,0
754,167,50,68307.0,1,27,1,0.106,1
755,613,23,62057.0,1,52,1,0.401,0
756,397,18,468901.0,4,9,4,0.207,1
757,404,56,82986.0,1,23,0,0.149,0
758,456,36,46801.0,1,12,1,0.219,0
759,232,38,42216.0,2,18,1,0.212,0
760,396,49,50386.0,1,3,3,0.061,1
761,21,43,37510.0,1,10,2,0.144,0
762,242,40,56656.0,4,14,1,0.187,0
763,709,67,43217.0,2,1,0,0.146,1
764,70,32,31391.0,1,36,0,0.146,0
765,249,64,56115.0,2,9,0,0.191,0
766,396,38,30195.0,1,44,1,0.139,1
767,183,35,15024.0,1,16,0,0.19,0
768,369,46,78247.0,3,17,0,0.173,1
769,508,28,50843.0,3,12,1,0.172,0
770,182,22,28290.0,3,40,2,0.116,0
771,239,52,88950.0,4,23,0,0.199,1
772,445,54,94299.0,5,14,1,0.153,1
773,214,39,41934.0,1,33,3,0.393,0
774,110,47,23230.0,3,35,1,0.071,0
775,96,35,26296.0,1,12,1,0.171,0
776,23,30,200640.0,3,8,3,0.192,1
777,435,61,331531.0,1,29,2,0.183,1
778,384,19,45130.0,4,21,4,0.159,1
779,377,33,84536.0,5,10,4,0.09,1
780,475,25,70482.0,2,18,0,0.085,0
781,49,83,54525.0,1,21,0,0.126,0
782,652,53,138050.0,2,24,0,0.148,0
783,448,57,47247.0,5,10,0,0.144,0
784,593,62,124822.0,4,12,1,0.223,0
785,178,18,44905.0,1,38,2,0.114,1
786,98,25,30364.0,3,20,1,0.192,1
787,141,38,22613.0,1,40,0,0.193,0
788,195,30,17799.0,1,14,1,0.207,1
789,58,30,34963.0,2,19,3,0.103,1
790,98,44,79201.0,4,9,4,0.168,1
791,555,46,219390.0,1,9,1,0.189,1
792,482,28,109075.0,1,11,4,0.216,1
793,147,25,18288.0,2,22,1,0.107,1
794,665,55,23113.0,1,4,0,0.085,0
795,672,36,98475.0,1,36,0,0.088,0
796,370,29,51797.0,1,20,0,0.19,0
797,607,34,60048.0,1,18,1,0.261,0
798,269,38,60233.0,1,20,1,0.241,1
799,82,44,21972.0,1,33,2,0.186,1
800,217,29,100735.0,3,18,4,0.084,1
801,587,29,23957.0,1,8,3,0.16,1
802,631,23,12979.0,3,19,0,0.342,0
803,91,49,173571.0,1,19,2,0.189,0
804,578,18,155575.0,3,10,3,0.099,1
805,605,29,18955.0,1,11,2,0.177,1
806,105,51,112976.0,1,8,4,0.172,1
807,648,42,81379.0,1,47,3,0.199,1
808,443,57,70117.0,1,37,2,0.049,1
809,616,55,18757.0,1,20,0,0.109,0
810,698,53,16493.0,6,1,0,0.229,1
811,84,42,121780.0,1,9,1,0.213,1
812,714,70,74111.0,1,26,3,0.087,0
813,646,18,70176.0,4,8,1,0.168,0
814,73,18,97184.0,2,13,2,0.118,0
815,255,18,103202.0,2,8,1,0.154,1
816,523,43,47178.0,5,19,2,0.161,0
817,358,24,59569.0,1,5,0,0.299,1
818,308,28,47498.0,3,11,4,0.135,1
819,604,36,73706.0,1,8,0,0.137,1
820,697,18,40410.0,1,15,1,0.081,0
821,91,26,40714.0,1,17,0,0.208,0
822,106,35,340362.0,1,16,0,0.245,0
823,499,38,92321.0,2,4,2,0.163,0
824,374,51,48698.0,1,5,1,0.241,1
825,628,62,18197.0,1,33,0,0.156,0
826,171,18,32456.0,4,33,1,0.162,0
827,183,30,41421.0,2,18,1,0.135,1
828,274,18,51954.0,6,22,0,0.225,0
829,474,20,46161.0,2,9,1,0.321,0
830,27,41,28560.0,1,11,1,0.158,1
831,3,71,120182.0,1,36,2,0.074,1
832,156,37,34796.0,1,7,3,0.133,1
833,215,18,126365.0,2,9,4,0.165,1
834,197,22,178068.0,2,34,3,0.119,1
835,640,47,109477.0,6,20,0,0.192,0
836,482,45,39624.0,1,25,1,0.115,0
837,35,41,42404.0,2,5,0,0.144,0
838,562,39,23365.0,1,14,1,0.145,0
839,267,53,253210.0,1,11,0,0.124,0
840,44,67,38079.0,1,16,1,0.099,1
841,686,23,42740.0,2,27,0,0.198,0
842,339,25,20794.0,1,34,0,0.373,1
843,234,47,225286.0,2,13,1,0.221,1
844,434,22,106749.0,6,11,1,0.189,0
845,655,68,12000.0,3,6,0,0.264,0
846,554,30,12000.0,1,18,0,0.19,0
847,232,31,12000.0,1,10,1,0.143,0
848,668,69,137439.0,3,20,1,0.098,0
849,345,26,107654.0,2,18,4,0.154,1
850,515,40,20187.0,1,7,0,0.098,1
851,575,54,40129.0,1,12,1,0.175,1
852,367,38,94680.0,3,13,3,0.082,1
853,316,42,40149.0,2,18,0,0.389,0
854,351,38,158607.0,1,15,4,0.149,0
855,213,18,76898.0,4,17,2,0.137,1
856,431,32,53389.0,1,21,0,0.098,0
857,275,42,36943.0,2,7,0,0.09,0
858,554,32,89494.0,2,6,0,0.327,0
859,50,49,64040.0,2,12,0,0.191,1
860,115,36,79017.0,1,61,2,0.151,1
861,38,57,115049.0,2,15,3,0.111,1
862,568,56,127960.0,6,16,3,0.158,1
863,285,22,37947.0,1,4,1,0.14,0
864,599,36,66116.0,5,9,4,0.139,1
865,450,23,77904.0,4,7,4,0.102,1
866,115,36,103580.0,2,9,2,0.119,0
867,304,36,53259.0,1,16,0,0.132,0
868,37,18,69769.0,2,21,0,0.198,0
869,668,30,59168.0,1,8,0,0.195,0
870,385,33,174040.0,1,19,1,0.17,0
871,455,45,77504.0,3,9,3,0.211,1
872,307,34,71984.0,1,9,1,0.103,1
873,199,49,174034.0,3,9,3,0.11,1
874,333,27,54936.0,3,15,3,0.21,0
875,153,18,61055.0,1,16,3,0.093,1
876,634,45,28383.0,3,5,1,0.12,0
877,200,55,15872.0,1,10,0,0.199,0
878,512,44,140760.0,4,12,4,0.211,1
879,65,26,52440.0,2,18,0,0.338,0
880,462,18,85908.0,1,17,4,0.165,1
881,469,29,108511.0,2,15,1,0.112,1
882,482,43,34466.0,6,19,3,0.081,1
883,489,43,26145.0,1,14,2,0.057,1
884,210,40,40988.0,6,27,2,0.152,1
885,176,30,91483.0,1,6,2,0.424,0
886,124,18,37378.0,1,7,1,0.101,0
887,450,22,14445.0,5,6,1,0.195,0
888,3,31,96739.0,4,44,0,0.109,1
889,564,45,32175.0,2,30,0,0.065,0
890,584,54,58763.0,1,6,0,0.128,0
891,101,27,25481.0,2,9,0,0.064,0
892,134,43,46286.0,1,14,0,0.077,0
893,448,41,40569.0,1,15,1,0.29,1
894,422,33,24215.0,1,15,0,0.377,0
895,446,18,86446.0,3,9,4,0.116,1
896,466,28,79810.0,2,10,1,0.122,0
897,180,38,25998.0,2,6,2,0.106,1
898,13,35,30193.0,3,28,3,0.095,1
899,661,58,12000.0,1,10,0,0.128,1
900,191,37,22765.0,1,15,0,0.088,1
901,230,32,52151.0,4,14,1,0.202,0
902,630,27,18281.0,5,3,0,0.154,0
903,66,45,22325.0,1,16,1,0.328,1
904,693,32,55070.0,1,10,1,0.12,0
905,291,19,32662.0,5,22,4,0.208,1
906,335,27,32375.0,1,29,0,0.252,1
907,95,41,12000.0,3,3,0,0.065,0
908,450,58,15343.0,2,8,2,0.071,1
909,588,62,92821.0,3,5,1,0.21,0
910,89,38,47995.0,1,11,0,0.229,0
911,151,18,45113.0,1,21,1,0.139,0
912,380,35,22260.0,1,11,1,0.087,0
913,613,36,56270.0,1,12,1,0.223,0
914,89,28,168844.0,2,2,3,0.113,0
915,627,29,12366.0,1,2,1,0.328,0
916,522,44,24747.0,3,16,4,0.085,0
917,517,69,18190.0,3,12,0,0.233,1
918,663,40,29346.0,6,24,1,0.139,1
919,377,24,44000.0,2,12,0,0.303,0
920,667,46,22875.0,5,17,0,0.141,0
921,410,54,23644.0,1,10,1,0.178,0
922,421,22,182508.0,1,4,0,0.213,1
923,180,21,12000.0,3,11,0,0.104,0
924,312,47,40757.0,1,23,2,0.121,1
925,411,18,31147.0,1,13,0,0.148,1
926,599,54,24589.0,2,15,2,0.163,1
927,245,38,53326.0,1,42,0,0.127,1
928,332,30,152459.0,1,17,3,0.121,0
929,419,49,20883.0,1,1,1,0.245,0
930,700,26,42853.0,2,33,0,0.256,0
931,401,18,23637.0,3,2,3,0.12,0
932,493,24,44545.0,2,59,1,0.089,1
933,301,18,16370.0,1,11,1,0.122,1
934,442,18,43201.0,1,22,2,0.132,0
935,15,36,31075.0,3,3,1,0.216,1
936,693,53,27078.0,2,11,1,0.186,0
937,449,18,19360.0,4,18,0,0.206,1
938,72,53,36254.0,2,40,4,0.164,1
939,509,34,60645.0,5,9,4,0.133,1
940,534,46,35597.0,4,6,1,0.119,0
941,515,40,165386.0,1,9,0,0.075,1
942,153,35,91177.0,5,10,2,0.14,0
943,500,56,98713.0,1,22,1,0.112,1
944,572,18,40424.0,1,18,0,0.116,0
945,629,44,58728.0,1,16,0,0.051,0
946,296,32,26310.0,1,30,0,0.103,1
947,283,39,97120.0,1,1,2,0.153,0
948,168,35,84001.0,1,15,2,0.229,1
949,344,41,35310.0,1,3,1,0.263,1
950,45,18,27737.0,1,11,0,0.177,1
951,584,61,16780.0,2,10,1,0.118,1
952,497,40,22985.0,1,4,1,0.136,1
953,409,26,35369.0,3,12,1,0.094,1
954,468,54,18754.0,1,9,0,0.153,1
955,231,43,18977.0,2,1,0,0.329,0
956,567,64,193315.0,1,17,4,0.147,1
957,648,26,15495.0,2,18,1,0.217,1
958,297,45,22177.0,1,7,3,0.103,0
959,152,46,32539.0,4,25,3,0.128,0
960,284,30,174737.0,2,12,3,0.128,1
961,381,53,26019.0,1,8,0,0.081,0
962,109,30,25150.0,3,41,0,0.081,0
963,559,53,35355.0,1,19,1,0.14,0
964,248,47,31255.0,3,12,4,0.103,1
965,612,41,16378.0,1,2,0,0.28,0
966,208,37,48745.0,3,48,2,0.256,0
967,181,22,40732.0,1,29,1,0.077,1
968,707,18,65523.0,3,32,1,0.141,1
969,585,47,21572.0,5,33,2,0.155,0
970,234,25,130200.0,1,5,3,0.188,0
971,65,53,44321.0,2,5,1,0.036,0
972,517,33,73213.0,1,14,1,0.199,1
973,594,37,110485.0,2,22,0,0.343,0
974,457,18,40408.0,2,8,0,0.121,1
975,83,79,160209.0,1,20,1,0.304,1
976,218,43,120734.0,1,42,0,0.301,0
977,259,27,157472.0,1,7,4,0.099,1
978,555,18,45990.0,2,11,2,0.349,1
979,210,18,38071.0,1,3,1,0.244,1
980,457,26,12234.0,3,13,2,0.201,0
981,266,56,212869.0,1,17,2,0.295,1
982,645,23,24642.0,1,9,1,0.127,0
983,97,48,45624.0,2,9,4,0.109,1
984,60,30,76658.0,2,6,1,0.147,1
985,283,18,14257.0,5,16,0,0.272,0
986,139,34,12000.0,4,15,1,0.087,1
987,188,49,324589.0,1,11,3,0.168,1
988,663,41,17673.0,2,15,0,0.211,0
989,282,18,15525.0,1,5,3,0.102,0
990,544,39,28735.0,3,16,0,0.182,1
991,54,45,110695.0,4,5,3,0.104,0
992,528,65,49745.0,1,6,0,0.425,0
993,101,18,35291.0,3,11,1,0.181,0
994,407,32,56782.0,1,16,0,0.128,1
995,589,27,36581.0,5,10,1,0.207,0
996,97,30,25681.0,4,5,4,0.136,1
997,545,44,12000.0,2,17,1,0.28,0
998,570,48,24624.0,1,2,3,0.105,1
999,292,29,243653.0,5,8,3,0.204,0
1000,174,47,36473.0,3,16,0,0.221,1
1001,382,20,134859.0,2,14,1,0.219,1
1002,708,36,35448.0,2,9,2,0.144,1
1003,184,34,22525.0,1,7,0,0.282,1
1004,660,24,70809.0,3,7,2,0.145,0
1005,18,75,38080.0,3,9,0,0.102,1
1006,115,18,101747.0,1,5,2,0.255,1
1007,214,18,12469.0,2,16,0,0.25,0
1008,208,18,170712.0,4,34,0,0.341,0
1009,553,30,34341.0,2,7,0,0.067,1
1010,99,18,53867.0,2,13,3,0.121,1
1011,464,37,50567.0,3,5,1,0.167,1
1012,411,47,70874.0,4,14,0,0.179,1
1013,571,41,80178.0,6,20,3,0.244,1
1014,353,32,57491.0,2,17,0,0.089,1
1015,526,32,19678.0,1,13,0,0.172,1
1016,181,27,60517.0,5,5,1,0.104,0
1017,118,50,65361.0,1,3,2,0.048,1
1018,460,34,121514.0,5,14,1,0.061,1
1019,671,18,25749.0,2,14,2,0.14,1
1020,131,18,116569.0,1,9,0,0.143,1
1021,628,36,30691.0,1,11,1,0.139,1
1022,189,32,81514.0,6,2,4,0.086,1
1023,199,18,60305.0,5,12,1,0.106,0
1024,601,29,150782.0,2,22,2,0.327,0
1025,685,38,41123.0,1,20,0,0.176,1
1026,663,50,164562.0,5,24,0,0.214,1
1027,485,36,31327.0,1,21,3,0.232,1
1028,663,59,23357.0,5,12,1,0.146,0
1029,324,29,22862.0,1,14,2,0.158,0
1030,14,39,57572.0,1,14,3,0.068,1
1031,282,34,84212.0,3,6,4,0.095,1
1032,372,21,52709.0,1,24,1,0.177,0
1033,634,34,56573.0,4,21,2,0.148,1
1034,344,31,12000.0,3,11,1,0.124,1
1035,385,66,38185.0,2,23,2,0.105,0
1036,532,25,22670.0,1,15,0,0.151,0
1037,126,60,124724.0,3,7,1,0.309,1
1038,167,40,29217.0,1,4,4,0.151,1
1039,359,22,15816.0,4,6,1,0.15,0
1040,418,41,42779.0,1,12,1,0.2,0
1041,341,50,23513.0,1,7,0,0.189,0
1042,143,53,20957.0,4,16,0,0.174,0
1043,312,39,431867.0,5,9,0,0.159,0
1044,67,18,110138.0,1,5,2,0.254,0
1045,463,18,33516.0,1,19,3,0.104,1
1046,296,23,42286.0,5,26,0,0.145,0
1047,597,18,14175.0,1,10,0,0.081,0
1048,469,18,73658.0,1,0,3,0.209,1
1049,243,35,187305.0,5,19,4,0.189,1
1050,429,34,23979.0,4,16,1,0.108,0
1051,539,18,72221.0,1,30,2,0.072,1
1052,704,18,21419.0,1,2,2,0.115,1
1053,268,21,38910.0,2,6,1,0.164,0
1054,518,55,111351.0,2,11,2,0.138,1
1055,129,18,44010.0,1,7,0,0.082,0
1056,244,18,107474.0,4,9,2,0.201,1
1057,617,31,30636.0,2,28,1,0.168,1
1058,322,34,48417.0,1,2,0,0.115,0
1059,643,43,60814.0,1,27,3,0.06,1
1060,671,41,54575.0,1,20,1,0.1,0
1061,527,18,127632.0,5,5,4,0.112,1
1062,641,64,67881.0,1,1,0,0.24,1
1063,186,20,222971.0,2,25,1,0.16,1
1064,51,18,44785.0,1,6,0,0.133,0
1065,166,46,26025.0,1,7,3,0.127,1
1066,200,41,38709.0,3,4,3,0.049,0
1067,472,45,46011.0,1,18,3,0.135,1
1068,487,43,103802.0,2,5,4,0.155,1
1069,225,27,14005.0,1,25,0,0.123,0
1070,432,32,21513.0,1,11,0,0.151,1
1071,340,31,95129.0,1,17,0,0.135,0
1072,175,33,41682.0,2,13,0,0.307,0
1073,80,27,114057.0,4,7,2,0.157,1
1074,482,32,123697.0,4,2,2,0.135,0
1075,57,22,59859.0,1,4,0,0.132,1
1076,494,32,29158.0,1,22,3,0.052,1
1077,57,27,29505.0,2,2,0,0.067,1
1078,73,65,14401.0,1,36,4,0.272,1
1079,61,63,68147.0,1,6,2,0.075,0
1080,123,40,58202.0,5,9,4,0.129,1
1081,527,39,67974.0,3,2,1,0.106,0
1082,696,36,40529.0,1,19,1,0.075,1
1083,555,51,61429.0,1,40,1,0.157,1
1084,9,61,22891.0,1,16,2,0.243,1
1085,148,26,24664.0,1,19,0,0.253,1
1086,54,29,76630.0,5,6,1,0.214,1
1087,394,52,56679.0,1,22,0,0.292,0
1088,528,23,48500.0,1,10,0,0.169,1
1089,361,35,162056.0,1,24,1,0.159,1
1090,501,18,13050.0,1,17,0,0.223,1
1091,213,18,46018.0,1,10,1,0.105,0
1092,452,30,68554.0,5,3,1,0.17,0
1093,84,41,25912.0,3,12,0,0.113,0
1094,477,51,13262.0,1,16,3,0.238,1
1095,48,41,60494.0,1,19,1,0.104,0
1096,193,22,209436.0,1,16,2,0.19,1
1097,539,18,28316.0,6,16,1,0.056,0
1098,658,43,119944.0,1,12,1,0.119,0
1099,592,47,89947.0,1,38,4,0.137,1
1100,107,43,145839.0,2,18,3,0.148,1
1101,267,33,63209.0,1,8,4,0.224,1
1102,490,41,58667.0,5,17,1,0.161,0
1103,5,32,163833.0,5,7,4,0.152,1
1104,206,25,12000.0,1,3,0,0.113,0
1105,340,24,42301.0,1,9,0,0.106,0
1106,50,23,13070.0,2,37,0,0.424,0
1107,607,32,33982.0,2,21,1,0.153,1
1108,73,32,28863.0,3,2,0,0.13,0
1109,652,42,14416.0,1,7,2,0.046,0
1110,503,18,297184.0,4,18,1,0.247,0
1111,255,27,74609.0,1,5,3,0.138,1
1112,408,38,26217.0,1,3,1,0.187,1
1113,22,41,171229.0,2,35,0,0.162,0
1114,475,18,90430.0,5,1,1,0.136,1
1115,12,46,32447.0,1,13,1,0.082,1
1116,22,36,87926.0,5,8,3,0.082,0
1117,323,61,55240.0,1,6,1,0.122,0
1118,239,43,153951.0,2,10,1,0.099,1
1119,445,70,38083.0,3,3,2,0.238,0
1120,501,18,50740.0,6,7,3,0.14,0
1121,208,21,24911.0,3,6,0,0.182,0
1122,337,52,58866.0,1,18,3,0.071,1
1123,713,34,40807.0,1,7,2,0.08,1
1124,552,43,43996.0,1,17,0,0.201,0
1125,596,41,45552.0,2,2,0,0.221,1
1126,361,18,22074.0,5,27,1,0.21,1
1127,685,18,17511.0,1,4,0,0.145,1
1128,586,51,85742.0,1,7,4,0.077,0
1129,61,59,23517.0,2,12,0,0.159,0
1130,196,31,41376.0,1,6,0,0.066,0
1131,699,18,68722.0,1,12,2,0.258,1
1132,580,24,27476.0,2,15,0,0.184,0
1133,421,47,44396.0,1,17,0,0.142,0
1134,702,65,64784.0,1,12,4,0.11,1
1135,566,23,47508.0,1,7,1,0.078,0
1136,73,54,75801.0,1,4,1,0.27,0
1137,318,51,17955.0,2,2,0,0.075,0
1138,141,40,15886.0,5,6,3,0.059,0
1139,194,50,19762.0,1,7,0,0.12,0
1140,534,69,38554.0,3,6,0,0.223,1
1141,619,72,38496.0,2,15,3,0.097,0
1142,583,55,120533.0,3,46,1,0.203,0
1143,595,44,219505.0,3,10,0,0.216,1
1144,282,34,33825.0,2,18,1,0.072,1
1145,568,29,38303.0,1,7,1,0.142,0
1146,124,27,60581.0,2,19,2,0.133,0
1147,483,54,20384.0,1,17,1,0.243,0
1148,507,31,28386.0,1,20,1,0.104,0
1149,283,31,139318.0,1,10,0,0.175,0
1150,183,18,40606.0,1,8,1,0.103,1
1151,160,18,25708.0,6,31,1,0.134,1
1152,345,24,56091.0,2,9,2,0.16,1
1153,265,26,66746.0,2,25,0,0.093,0
1154,58,38,81961.0,5,4,2,0.255,0
1155,126,32,28659.0,3,9,1,0.267,0
1156,134,36,31300.0,1,4,2,0.151,1
1157,242,29,62738.0,3,5,2,0.23,1
1158,398,33,17588.0,2,6,1,0.077,0
1159,586,25,46029.0,1,6,2,0.073,0
1160,355,48,41279.0,2,13,3,0.044,1
1161,416,64,96078.0,1,8,1,0.116,0
1162,372,18,47364.0,2,7,2,0.077,0
1163,47,18,47248.0,3,49,0,0.11,0
1164,684,27,80198.0,1,21,0,0.165,1
1165,122,59,238807.0,3,14,3,0.168,1
1166,281,20,50406.0,4,32,0,0.142,1
1167,295,52,74932.0,4,11,0,0.345,0
1168,651,30,23705.0,2,27,2,0.272,0
1169,42,18,68527.0,5,13,1,0.222,1
1170,504,71,29492.0,1,29,0,0.042,1
1171,220,49,18614.0,2,9,1,0.108,0
1172,456,32,70029.0,1,6,3,0.188,1
1173,115,26,24209.0,1,11,0,0.189,1
1174,238,46,119102.0,1,25,1,0.342,0
1175,531,35,56293.0,3,18,0,0.183,1
1176,91,44,17925.0,4,8,1,0.322,0
1177,510,28,46619.0,1,2,0,0.074,1
1178,470,63,23550.0,1,29,1,0.168,0
1179,316,18,39376.0,2,34,0,0.126,0
1180,570,31,51668.0,2,6,2,0.058,1
1181,8,28,253834.0,5,15,3,0.147,1
1182,134,47,86604.0,1,2,4,0.036,0
1183,250,18,34924.0,3,8,0,0.293,0
1184,629,51,19325.0,3,32,0,0.22,0
1185,563,38,36633.0,1,18,0,0.205,1
1186,621,25,47872.0,1,2,3,0.181,0
1187,511,31,45694.0,5,22,2,0.181,1
1188,678,18,18451.0,1,25,1,0.144,1
1189,455,51,14273.0,1,15,0,0.248,0
1190,68,18,23902.0,2,9,3,0.174,1
1191,415,18,123398.0,2,30,0,0.358,0
1192,359,25,79099.0,2,3,0,0.044,0
1193,697,37,67600.0,2,15,1,0.081,1
1194,420,50,63063.0,3,23,3,0.146,1
1195,147,58,90066.0,1,5,1,0.222,0
1196,12,18,87714.0,4,5,1,0.102,0
1197,516,34,41917.0,6,7,1,0.104,0
1198,694,44,133150.0,5,26,2,0.151,0
1199,473,36,49680.0,4,14,4,0.123,1
1200,29,21,12000.0,2,23,0,0.276,0
1201,249,22,26429.0,1,9,0,0.246,0
1202,445,50,75395.0,4,11,0,0.099,0
1203,509,51,28801.0,4,5,0,0.281,0
1204,657,34,57575.0,3,15,1,0.069,0
1205,609,18,54689.0,6,7,0,0.046,1
1206,38,25,67817.0,4,17,0,0.104,0
1207,550,66,40853.0,3,24,0,0.284,1
1208,660,18,291352.0,4,38,2,0.15,1
1209,363,20,20612.0,1,19,0,0.095,1
1210,369,45,81713.0,1,8,0,0.25,0
1211,617,36,61995.0,2,5,4,0.141,1
1212,343,18,103624.0,2,8,2,0.149,0
1213,666,44,29376.0,1,5,0,0.363,0
1214,605,50,12000.0,1,5,2,0.228,1
1215,69,47,32669.0,1,25,0,0.12,0
1216,116,50,50138.0,2,14,2,0.332,1
1217,205,30,80709.0,1,17,1,0.295,1
1218,206,36,85260.0,1,4,1,0.091,0
1219,450,25,54345.0,4,5,0,0.179,1
1220,131,35,12000.0,2,6,1,0.067,0
1221,549,45,91710.0,1,6,2,0.065,1
1222,324,21,12000.0,1,10,1,0.156,1
1223,523,18,43695.0,2,17,1,0.1,1
1224,256,60,42386.0,2,12,0,0.173,0
1225,222,27,67965.0,1,7,0,0.275,0
1226,639,47,56928.0,1,26,3,0.115,0
1227,652,25,13293.0,2,28,0,0.169,0
1228,19,43,25470.0,2,5,3,0.052,1
1229,149,64,47112.0,1,49,0,0.246,1
1230,163,34,89468.0,1,25,0,0.27,1
1231,243,18,12000.0,3,5,0,0.181,0
1232,691,26,106246.0,1,16,1,0.257,0
1233,192,51,16301.0,3,19,3,0.216,1
1234,551,29,33923.0,2,14,1,0.109,0
1235,658,33,80281.0,2,17,3,0.065,1
1236,383,43,201601.0,3,3,4,0.097,1
1237,438,55,145859.0,1,7,1,0.064,0
1238,683,46,12000.0,2,19,1,0.107,1
1239,97,55,34869.0,5,4,0,0.14,0
1240,22,30,53274.0,3,19,2,0.114,1
1241,368,30,13934.0,1,17,3,0.141,1
1242,613,32,50542.0,1,4,1,0.279,0
1243,503,18,24023.0,2,32,1,0.107,1
1244,176,55,53953.0,2,10,0,0.348,0
1245,622,53,40200.0,2,39,0,0.366,0
1246,89,19,31044.0,2,9,0,0.175,0
1247,514,40,98149.0,1,31,2,0.116,0
1248,179,58,67537.0,2,19,1,0.124,1
1249,535,45,46891.0,3,8,0,0.218,0
1250,683,25,34149.0,1,16,1,0.169,1
1251,394,42,167891.0,1,27,2,0.224,0
1252,572,28,166742.0,5,28,4,0.172,1
1253,699,21,95990.0,1,10,0,0.193,0
1254,338,61,34463.0,1,11,1,0.185,0
1255,543,57,51504.0,4,18,0,0.099,0
1256,441,18,60516.0,3,4,1,0.077,1
1257,562,41,53746.0,1,8,2,0.183,0
1258,612,52,17485.0,4,3,0,0.333,0
1259,617,33,35805.0,1,9,0,0.113,0
1260,581,24,66049.0,5,19,0,0.144,1
1261,682,19,38240.0,5,32,0,0.172,0
1262,111,18,32088.0,3,9,2,0.155,0
1263,33,18,76852.0,1,18,1,0.17,1
1264,118,46,93657.0,5,23,3,0.13,0
1265,67,18,55385.0,1,10,2,0.119,0
1266,669,63,109293.0,1,34,0,0.174,0
1267,111,35,21177.0,5,7,2,0.111,1
1268,607,60,42728.0,5,16,1,0.149,0
1269,425,18,49128.0,3,28,1,0.094,0
1270,685,57,97150.0,1,1,3,0.168,0
1271,217,21,34499.0,1,12,0,0.065,1
1272,238,18,12000.0,6,22,0,0.329,0
1273,360,39,44701.0,2,58,2,0.082,1
1274,701,36,91177.0,3,22,0,0.134,0
1275,10,18,48986.0,1,7,1,0.086,0
1276,703,18,33823.0,2,33,0,0.125,1
1277,475,43,23424.0,1,10,0,0.143,0
1278,638,58,85817.0,3,22,0,0.137,1
1279,503,30,24535.0,1,9,0,0.268,0
1280,621,18,20655.0,2,12,1,0.163,0
1281,310,51,46257.0,3,18,0,0.196,0
1282,686,51,55304.0,1,32,2,0.152,1
1283,88,59,33074.0,2,1,1,0.197,0
1284,552,31,16558.0,1,9,0,0.295,0
1285,566,71,37481.0,3,22,3,0.141,1
1286,459,53,55559.0,2,9,1,0.114,0
1287,541,34,227321.0,1,19,2,0.209,1
1288,63,18,48243.0,3,20,2,0.248,1
1289,187,37,72059.0,1,69,3,0.111,1
1290,385,34,16500.0,4,6,1,0.126,1
1291,629,65,25859.0,2,19,0,0.421,0
1292,471,33,59243.0,1,19,0,0.07,0
1293,308,25,46821.0,1,4,2,0.08,0
1294,132,38,60589.0,4,12,0,0.234,0
1295,399,40,13908.0,2,32,3,0.067,1
1296,623,50,12000.0,1,8,0,0.221,0
1297,278,26,32911.0,1,9,0,0.385,0
1298,619,18,44285.0,3,69,1,0.218,0
1299,638,30,54275.0,4,35,4,0.237,1
1300,68,27,82355.0,1,3,3,0.284,1
1301,552,52,59597.0,1,2,1,0.083,0
1302,98,18,14931.0,1,8,2,0.096,0
1303,650,52,42284.0,2,16,0,0.161,0
1304,675,31,34939.0,6,12,3,0.125,0
1305,303,45,92153.0,2,8,2,0.124,0
1306,331,19,31215.0,1,11,1,0.103,1
1307,97,31,100144.0,1,7,4,0.08,1
1308,387,36,68934.0,1,42,2,0.143,1
1309,652,18,30487.0,1,10,4,0.144,1
1310,110,33,37431.0,1,13,0,0.071,1
1311,221,29,50539.0,1,30,3,0.17,0
1312,702,28,132304.0,1,81,2,0.104,1
1313,364,37,28928.0,2,1,3,0.119,0
1314,260,54,163576.0,3,13,2,0.241,1
1315,46,35,46403.0,1,21,0,0.192,1
1316,205,37,33730.0,1,22,0,0.165,0
1317,200,47,86528.0,1,10,3,0.2,1
1318,514,57,23898.0,1,3,3,0.076,1
1319,72,25,218789.0,5,4,2,0.112,0
1320,453,34,78317.0,5,14,4,0.14,1
1321,14,19,25613.0,2,4,3,0.096,1
1322,61,30,80039.0,5,15,1,0.214,1
1323,54,60,12640.0,2,5,1,0.186,1
1324,635,36,46189.0,4,18,0,0.236,0
1325,385,50,22656.0,3,3,0,0.221,0
1326,645,29,74060.0,1,35,0,0.176,0
1327,701,55,98927.0,1,4,4,0.116,1
1328,295,38,188889.0,5,6,0,0.127,0
1329,302,18,37879.0,4,20,1,0.35,0
1330,463,33,102978.0,1,26,2,0.132,1
1331,498,37,28320.0,1,39,0,0.098,0
1332,159,51,31408.0,1,27,1,0.333,1
1333,220,30,21097.0,1,12,0,0.152,0
1334,216,38,34069.0,1,29,1,0.163,1
1335,272,18,39973.0,2,36,4,0.235,1
1336,570,29,19410.0,2,8,0,0.184,0
1337,45,27,91863.0,1,6,2,0.149,1
1338,499,18,71175.0,3,12,3,0.126,1
1339,607,18,58753.0,1,20,4,0.182,1
1340,543,52,53486.0,2,23,0,0.181,1
1341,147,22,75813.0,2,21,0,0.184,1
1342,183,35,74026.0,4,23,1,0.24,0
1343,268,38,117329.0,1,38,1,0.114,0
1344,464,45,35385.0,1,4,0,0.316,0
1345,190,43,150281.0,1,11,0,0.167,0
1346,343,34,235897.0,1,5,2,0.159,1
1347,715,32,61257.0,1,43,2,0.086,0
1348,451,27,40634.0,4,7,0,0.199,1
1349,521,30,98907.0,4,23,0,0.271,0
1350,149,57,19570.0,1,13,0,0.141,0
1351,519,49,17562.0,4,25,0,0.178,0
1352,202,18,29799.0,2,37,1,0.278,0
1353,303,39,34391.0,1,13,1,0.063,1
1354,150,51,43512.0,5,5,2,0.117,1
1355,570,40,127452.0,4,9,4,0.164,1
1356,365,41,76239.0,1,9,3,0.231,1
1357,291,25,61289.0,1,6,3,0.193,1
1358,138,50,22451.0,2,9,1,0.282,1
1359,49,44,40057.0,2,6,1,0.085,1
1360,317,39,147170.0,1,11,0,0.241,1
1361,226,49,64985.0,3,19,0,0.319,0
1362,251,37,70916.0,1,8,1,0.174,0
1363,199,51,50905.0,1,11,1,0.158,1
1364,376,44,124742.0,1,12,1,0.172,0
1365,520,46,108445.0,3,16,1,0.111,1
1366,565,50,45165.0,2,9,0,0.185,0
1367,613,37,67116.0,1,14,1,0.167,0
1368,240,32,155770.0,1,33,4,0.062,1
1369,633,28,58293.0,3,19,2,0.218,0
1370,7,18,137022.0,2,6,3,0.221,1
1371,568,18,19259.0,3,20,1,0.211,1
1372,452,31,19410.0,3,24,3,0.07,0
1373,352,18,21380.0,5,9,2,0.093,0
1374,432,22,14720.0,6,4,1,0.24,1
1375,365,18,369553.0,4,5,2,0.306,1
1376,472,18,14275.0,4,11,0,0.213,1
1377,87,38,52686.0,2,3,0,0.087,1
1378,521,38,41202.0,2,8,1,0.202,1
1379,299,24,20967.0,3,8,0,0.084,0
1380,81,18,56553.0,2,4,2,0.154,0
1381,136,18,33677.0,1,12,1,0.066,0
1382,4,61,17010.0,3,4,3,0.207,1
1383,509,35,53228.0,4,32,0,0.148,1
1384,321,20,38690.0,2,2,3,0.114,1
1385,569,39,45602.0,1,11,0,0.144,0
1386,160,53,91052.0,4,20,3,0.089,1
1387,186,37,27871.0,1,9,0,0.138,0
1388,224,28,29185.0,1,31,1,0.12,0
1389,131,21,16566.0,1,20,2,0.322,0
1390,50,48,26162.0,2,3,3,0.062,1
1391,372,34,40120.0,1,6,0,0.42,0
1392,462,27,111663.0,1,55,2,0.081,1
1393,403,39,15804.0,1,17,0,0.097,0
1394,227,49,21395.0,1,11,0,0.15,0
1395,486,43,155694.0,1,18,3,0.176,1
1396,50,50,12000.0,3,33,3,0.209,1
1397,614,19,137335.0,3,19,0,0.174,1
1398,447,43,97569.0,4,2,2,0.067,0
1399,605,38,26204.0,5,10,4,0.158,0
1400,619,18,44591.0,4,5,1,0.088,1
1401,440,18,75019.0,2,48,4,0.19,1
1402,144,26,24963.0,6,13,0,0.236,1
1403,309,18,60153.0,1,14,0,0.182,1
1404,558,44,63179.0,1,6,0,0.209,0
1405,277,47,41741.0,1,34,2,0.195,1
1406,97,47,41696.0,1,33,0,0.224,1
1407,156,18,13108.0,2,9,3,0.201,1
1408,419,34,64186.0,1,25,0,0.106,1
1409,47,18,88604.0,1,22,1,0.255,0
1410,644,31,30244.0,1,12,1,0.177,0
1411,99,40,13209.0,1,11,4,0.221,0
1412,217,43,23107.0,3,6,1,0.109,0
1413,284,31,41925.0,5,35,4,0.126,1
1414,490,47,25389.0,1,13,0,0.202,1
1415,671,39,32530.0,1,15,3,0.095,1
1416,384,44,28312.0,1,9,0,0.164,0
1417,517,41,75603.0,2,23,0,0.072,1
1418,100,18,61872.0,4,29,2,0.111,0
1419,569,23,21358.0,1,23,2,0.141,0
1420,38,59,19691.0,1,2,2,0.35,0
1421,114,50,64755.0,1,4,3,0.151,1
1422,217,52,214513.0,1,11,1,0.123,0
1423,103,37,64918.0,5,6,0,0.325,0
1424,580,31,44560.0,4,44,1,0.111,1
1425,179,19,17808.0,1,19,1,0.272,1
1426,369,48,43218.0,3,18,1,0.152,0
1427,474,24,50878.0,1,20,2,0.082,0
1428,189,30,74809.0,2,17,3,0.09,1
1429,509,32,84262.0,2,9,3,0.092,1
1430,669,41,58071.0,1,13,3,0.127,1
1431,316,20,49532.0,4,9,1,0.232,0
1432,364,61,20775.0,1,31,0,0.419,0
1433,282,59,24969.0,1,29,1,0.102,0
1434,622,34,77900.0,1,13,1,0.238,1
1435,718,62,66202.0,1,20,0,0.318,0
1436,549,21,172061.0,3,23,1,0.09,0
1437,245,28,37881.0,1,14,0,0.216,1
1438,159,18,23228.0,1,20,1,0.159,1
1439,538,24,44291.0,1,12,2,0.197,1
1440,524,43,118605.0,1,23,2,0.109,0
1441,92,37,33661.0,2,25,1,0.119,1
1442,500,18,12000.0,5,15,2,0.192,0
1443,47,37,160852.0,3,25,1,0.132,0
1444,672,46,87864.0,1,7,0,0.089,0
1445,183,30,52936.0,3,1,0,0.177,1
1446,98,49,41270.0,5,43,4,0.17,1
1447,254,43,24424.0,2,14,2,0.065,1
1448,77,20,61642.0,1,10,2,0.456,1
1449,379,18,63497.0,2,27,4,0.169,1
1450,343,51,29012.0,2,12,1,0.514,0
1451,263,36,76205.0,2,22,1,0.127,0
1452,237,43,76305.0,1,28,3,0.064,0
1453,208,18,104205.0,2,5,1,0.129,1
1454,61,30,29554.0,5,5,0,0.16,0
1455,512,44,143218.0,3,9,0,0.219,1
1456,175,37,64582.0,4,17,2,0.216,1
1457,301,73,14049.0,4,8,1,0.077,0
1458,55,22,28824.0,1,14,0,0.427,0
1459,645,29,530581.0,1,7,4,0.197,1
1460,499,23,36971.0,1,14,0,0.175,0
1461,212,18,119408.0,4,2,4,0.085,1
1462,102,34,73895.0,1,19,0,0.126,1
1463,168,21,26342.0,2,20,2,0.339,0
1464,680,19,82496.0,2,17,0,0.145,1
1465,122,18,19518.0,1,17,0,0.152,0
1466,588,30,68285.0,2,10,4,0.134,1
1467,429,18,35854.0,4,6,0,0.167,0
1468,681,38,70905.0,3,4,4,0.126,1
1469,344,34,29499.0,1,4,4,0.08,1
1470,395,31,134931.0,1,16,1,0.172,0
1471,183,38,27259.0,1,17,0,0.173,0
1472,489,34,35439.0,3,7,2,0.153,1
1473,72,48,25476.0,1,11,0,0.277,0
1474,513,31,57659.0,1,7,2,0.18,0
1475,565,31,163188.0,1,16,2,0.112,1
1476,447,47,92527.0,5,10,1,0.168,1
1477,57,36,28018.0,1,24,1,0.155,1
1478,38,66,12000.0,2,10,0,0.084,1
1479,627,35,32715.0,1,17,0,0.114,1
1480,428,30,98977.0,1,15,1,0.072,0
1481,156,63,32543.0,1,12,4,0.091,1
1482,290,18,53597.0,1,20,1,0.098,1
1483,452,26,78623.0,2,14,1,0.107,1
1484,279,30,150787.0,1,10,1,0.099,0
1485,262,32,57421.0,1,7,4,0.192,1
1486,485,28,30788.0,1,8,2,0.098,0
1487,100,38,55452.0,4,26,0,0.116,0
1488,160,36,19116.0,4,8,0,0.194,1
1489,543,65,12000.0,5,24,1,0.121,0
1490,536,50,12000.0,5,3,1,0.345,1
1491,435,24,114599.0,1,16,1,0.066,1
1492,120,43,22808.0,4,1,0,0.144,0
1493,118,18,30466.0,1,10,1,0.227,0
1494,500,44,90576.0,1,9,0,0.235,0
1495,210,35,41221.0,4,10,2,0.092,1
1496,186,24,15050.0,1,8,0,0.09,1
1497,597,26,164114.0,1,15,3,0.111,0
1498,373,18,71388.0,1,14,3,0.237,1
1499,605,43,25702.0,1,13,2,0.123,1
1500,25,44,86472.0,5,23,2,0.156,1
1501,155,18,12000.0,1,8,0,0.164,0
1502,136,46,93259.0,1,14,1,0.257,1
1503,554,47,71403.0,1,11,0,0.102,1
1504,12,20,77603.0,4,19,1,0.108,0
1505,192,41,65784.0,3,23,1,0.077,1
1506,655,59,32579.0,1,38,0,0.178,0
1507,31,56,93424.0,3,11,1,0.2,1
1508,353,21,18655.0,2,27,1,0.066,0
1509,288,62,74463.0,1,8,1,0.067,1
1510,320,37,141893.0,1,15,1,0.147,1
1511,153,40,24872.0,1,20,0,0.138,1
1512,430,61,60812.0,3,14,2,0.108,0
1513,231,46,78205.0,1,7,1,0.112,0
1514,720,51,50548.0,2,8,0,0.266,0
1515,686,31,52961.0,2,23,1,0.263,1
1516,505,35,35921.0,5,31,2,0.275,1
1517,567,27,71535.0,1,25,0,0.076,1
1518,410,41,34060.0,1,9,1,0.232,1
1519,600,21,25560.0,1,31,0,0.129,1
1520,662,45,13441.0,3,9,0,0.198,0
1521,432,43,84917.0,1,6,3,0.095,0
1522,452,33,26044.0,4,14,1,0.176,1
1523,683,39,48228.0,2,13,0,0.146,0
1524,442,29,95974.0,1,7,0,0.158,0
1525,564,33,18175.0,1,21,0,0.275,0
1526,38,23,12000.0,1,11,1,0.228,1
1527,694,47,61596.0,1,5,2,0.185,0
1528,101,18,64279.0,1,13,4,0.049,0
1529,324,42,64054.0,6,19,0,0.418,1
1530,604,59,44889.0,1,10,0,0.161,0
1531,29,26,17145.0,2,16,3,0.085,1
1532,75,53,73620.0,6,23,1,0.337,0
1533,223,18,37357.0,1,27,2,0.117,1
1534,521,18,71587.0,1,7,2,0.109,1
1535,578,41,36286.0,1,39,0,0.289,0
1536,414,43,35159.0,3,8,4,0.117,1
1537,337,32,90910.0,1,12,4,0.06,1
1538,26,66,119488.0,3,8,4,0.108,1
1539,6,19,24322.0,3,21,0,0.176,0
1540,275,38,32317.0,3,21,1,0.133,1
1541,447,25,71493.0,1,16,1,0.243,0
1542,214,41,48736.0,1,8,0,0.151,0
1543,99,26,59521.0,2,22,0,0.112,1
1544,637,55,40772.0,4,42,1,0.161,1
1545,190,18,35289.0,1,13,0,0.071,1
1546,533,28,26276.0,2,6,1,0.239,0
1547,20,37,158150.0,1,10,2,0.19,1
1548,52,67,120703.0,1,8,2,0.148,1
1549,330,18,452472.0,1,6,3,0.126,1
1550,394,18,42538.0,3,30,0,0.333,1
1551,130,32,37488.0,1,35,1,0.126,1
1552,687,29,41800.0,3,10,0,0.079,0
1553,120,36,86277.0,1,19,0,0.141,1
1554,228,30,27436.0,1,13,3,0.051,1
1555,446,36,106737.0,1,6,4,0.095,0
1556,228,28,40166.0,1,14,0,0.13,0
1557,376,46,39293.0,3,57,1,0.14,0
1558,92,41,73522.0,1,24,0,0.193,0
1559,303,47,51353.0,1,5,0,0.254,1
1560,8,60,197530.0,1,21,3,0.073,1
1561,586,26,26358.0,4,14,1,0.095,1
1562,550,42,26245.0,1,16,1,0.239,1
1563,486,42,67452.0,2,25,0,0.11,1
1564,5,63,14239.0,2,6,2,0.242,1
1565,460,31,105502.0,3,5,0,0.144,0
1566,70,36,123034.0,1,16,4,0.158,1
1567,286,18,57799.0,4,13,0,0.16,1
1568,660,67,69382.0,4,12,0,0.116,1
1569,482,36,46655.0,2,20,1,0.259,1
1570,508,38,14221.0,1,17,2,0.174,1
1571,644,26,122282.0,2,12,0,0.199,1
1572,78,18,156667.0,2,9,2,0.092,0
1573,504,38,65186.0,4,2,0,0.179,1
1574,361,31,20449.0,2,14,3,0.12,0
1575,156,36,54690.0,2,12,2,0.495,1
1576,472,18,45421.0,1,30,0,0.273,1
1577,421,32,12775.0,5,14,0,0.142,1
1578,253,33,83922.0,5,20,3,0.152,1
1579,292,23,26043.0,5,13,0,0.089,1
1580,476,39,30739.0,4,14,0,0.146,1
1581,589,47,90944.0,3,7,2,0.116,0
1582,344,34,23311.0,4,14,0,0.111,0
1583,679,54,57460.0,2,9,2,0.14,1
1584,535,44,46091.0,2,14,4,0.192,1
1585,38,37,35290.0,2,29,2,0.212,1
1586,451,18,48943.0,2,12,3,0.186,1
1587,57,18,27605.0,1,19,3,0.089,0
1588,453,30,18422.0,1,4,1,0.104,1
1589,539,28,62602.0,1,2,0,0.228,0
1590,510,48,77052.0,4,28,2,0.093,1
1591,61,61,84024.0,1,15,1,0.177,0
1592,331,37,50433.0,1,16,2,0.186,1
1593,167,43,75475.0,1,29,4,0.124,1
1594,268,18,44635.0,2,9,0,0.062,0
1595,21,35,37308.0,1,8,0,0.216,0
1596,257,18,20963.0,5,22,1,0.176,1
1597,570,36,22101.0,2,12,0,0.193,0
1598,29,50,39753.0,2,21,3,0.098,1
1599,669,42,49731.0,1,18,0,0.159,0
1600,274,26,30134.0,1,31,0,0.157,1
1601,440,23,19398.0,1,9,4,0.121,0
1602,387,33,12000.0,1,19,0,0.247,0
1603,501,48,45872.0,1,13,1,0.057,1
1604,626,18,46888.0,3,14,2,0.207,1
1605,505,44,57364.0,1,11,0,0.216,1
1606,528,42,22973.0,2,19,4,0.062,1
1607,241,32,91368.0,3,12,4,0.158,0
1608,183,41,16690.0,2,11,1,0.095,0
1609,104,51,41450.0,2,3,0,0.078,0
1610,274,41,20108.0,1,17,2,0.095,0
1611,129,32,131048.0,3,31,4,0.122,1
1612,17,24,41855.0,3,8,0,0.115,0
1613,702,28,12000.0,1,25,0,0.18,1
1614,407,37,38037.0,1,10,3,0.09,1
1615,326,55,89466.0,5,13,1,0.089,0
1616,301,49,21036.0,1,30,1,0.141,0
1617,30,45,55459.0,1,27,0,0.101,1
1618,719,18,16342.0,1,8,1,0.155,0
1619,76,44,50701.0,6,0,0,0.413,1
1620,432,18,84158.0,1,12,0,0.121,0
1621,234,32,33056.0,2,13,0,0.122,0
1622,352,18,67448.0,4,63,2,0.159,1
1623,118,49,278074.0,1,24,1,0.123,0
1624,335,55,214716.0,6,5,4,0.265,1
1625,183,36,95588.0,1,11,0,0.159,1
1626,488,38,12000.0,1,20,0,0.205,1
1627,61,33,62559.0,2,8,2,0.144,1
1628,716,47,151624.0,3,21,1,0.181,0
1629,589,27,57366.0,1,15,4,0.109,1
1630,143,20,16524.0,1,7,2,0.158,1
1631,594,48,66301.0,2,13,3,0.256,1
1632,354,58,22259.0,2,13,0,0.138,0
1633,248,67,59792.0,2,7,0,0.147,0
1634,299,35,66756.0,1,11,1,0.169,0
1635,181,26,78327.0,2,19,3,0.133,1
1636,173,51,118137.0,3,22,2,0.133,1
1637,102,29,29966.0,1,13,1,0.279,0
1638,284,34,89216.0,3,14,4,0.086,1
1639,651,30,94587.0,1,30,2,0.138,0
1640,18,39,89873.0,2,27,3,0.26,0
1641,56,50,86806.0,2,27,3,0.145,1
1642,425,28,82434.0,4,21,1,0.433,1
1643,330,34,20764.0,2,18,0,0.231,0
1644,171,33,29020.0,1,6,0,0.13,0
1645,698,39,38909.0,3,40,3,0.18,1
1646,472,29,36671.0,1,6,0,0.146,0
1647,447,44,23831.0,2,4,1,0.064,0
1648,233,37,73801.0,3,3,0,0.195,1
1649,342,18,28985.0,1,28,0,0.064,0
1650,357,24,36434.0,2,2,1,0.084,1
1651,61,28,23497.0,3,3,0,0.158,0
1652,271,57,42116.0,1,36,0,0.199,1
1653,609,43,143418.0,3,29,2,0.358,1
1654,32,20,149710.0,1,16,3,0.08,1
1655,54,22,101879.0,1,10,0,0.152,1
1656,705,23,60477.0,1,17,0,0.233,0
1657,671,20,77772.0,5,7,0,0.278,1
1658,468,34,117752.0,1,15,1,0.228,0
1659,139,19,37821.0,4,15,1,0.45,1
1660,630,31,21417.0,2,17,1,0.122,0
1661,362,60,24536.0,1,11,2,0.144,0
1662,36,52,22252.0,4,8,1,0.284,0
1663,331,31,107308.0,3,17,4,0.044,0
1664,506,37,75950.0,1,41,2,0.131,1
1665,547,21,90301.0,2,17,1,0.212,0
1666,419,59,14749.0,3,1,1,0.33,0
1667,613,28,140908.0,2,15,2,0.207,1
1668,620,65,87481.0,1,15,1,0.099,0
1669,597,18,73567.0,2,34,2,0.174,1
1670,239,59,147040.0,2,3,3,0.105,0
1671,650,33,65558.0,3,9,3,0.224,0
1672,572,47,30155.0,1,27,2,0.279,1
1673,468,41,68557.0,3,15,3,0.145,0
1674,251,46,49815.0,2,6,0,0.371,0
1675,630,39,40711.0,2,15,2,0.199,0
1676,492,38,172748.0,3,9,2,0.229,0
1677,493,37,44102.0,1,12,3,0.084,0
1678,399,56,66663.0,6,24,3,0.2,1
1679,681,62,87385.0,2,3,0,0.098,0
1680,680,44,46132.0,3,15,4,0.168,1
1681,517,33,19926.0,1,33,1,0.124,0
1682,532,19,173260.0,4,11,1,0.18,1
1683,99,56,35271.0,3,21,0,0.118,0
1684,334,55,45830.0,3,12,2,0.22,1
1685,269,30,198792.0,1,8,3,0.222,1
1686,282,18,48892.0,1,31,2,0.136,1
1687,382,59,120737.0,3,13,0,0.242,0
1688,598,35,53354.0,3,10,2,0.126,1
1689,548,42,23113.0,5,27,0,0.243,1
1690,379,55,103353.0,2,6,0,0.128,0
1691,65,31,49684.0,4,16,1,0.254,0
1692,439,34,112748.0,1,13,2,0.253,1
1693,651,19,192630.0,1,25,1,0.184,1
1694,635,44,16294.0,5,38,0,0.121,0
1695,303,30,143113.0,1,10,4,0.087,1
1696,193,36,21521.0,1,44,0,0.114,0
1697,122,81,37363.0,1,4,0,0.286,0
1698,278,49,262690.0,2,16,4,0.281,1
1699,445,18,40716.0,1,21,2,0.19,1
1700,19,34,66742.0,4,9,1,0.182,1
1701,322,52,194791.0,4,7,4,0.14,1
1702,515,40,111464.0,1,2,2,0.098,1
1703,399,48,125850.0,2,9,3,0.243,1
1704,597,63,58715.0,1,7,0,0.156,1
1705,617,18,37910.0,1,22,1,0.152,1
1706,105,54,36318.0,1,18,4,0.152,1
1707,546,71,33589.0,1,39,2,0.157,1
1708,185,18,92357.0,1,9,2,0.137,0
1709,361,34,26934.0,2,26,1,0.247,1
1710,48,39,32555.0,6,6,3,0.189,1
1711,652,41,26573.0,2,23,0,0.204,0
1712,209,44,17435.0,1,6,1,0.194,1
1713,713,41,20814.0,6,12,1,0.099,0
1714,286,70,32209.0,5,7,0,0.292,0
1715,195,35,63404.0,2,15,0,0.217,1
1716,484,35,63844.0,1,39,2,0.159,0
1717,553,18,29157.0,3,5,1,0.157,0
1718,524,27,77895.0,2,71,0,0.297,1
1719,99,23,36474.0,3,7,1,0.111,0
1720,356,51,163958.0,3,7,1,0.075,0
1721,79,18,73750.0,1,8,3,0.06,0
1722,703,29,42345.0,5,6,3,0.062,1
1723,614,30,182316.0,6,4,2,0.255,1
1724,52,19,71114.0,4,6,2,0.136,1
1725,24,52,38854.0,1,36,3,0.109,1
1726,224,18,14104.0,2,20,0,0.301,0
1727,336,26,47145.0,1,18,4,0.186,1
1728,616,50,94969.0,1,28,3,0.36,1
1729,478,35,97601.0,1,9,2,0.145,1
1730,468,59,111095.0,1,33,2,0.139,1
1731,468,54,18749.0,5,17,3,0.149,1
1732,279,50,27535.0,5,11,1,0.205,0
1733,387,25,33648.0,1,4,1,0.051,0
1734,573,67,37766.0,1,13,0,0.396,1
1735,111,35,164256.0,2,36,0,0.094,0
1736,332,32,12000.0,1,2,1,0.151,0
1737,366,52,80822.0,1,30,2,0.137,1
1738,695,39,33120.0,1,1,0,0.144,0
1739,241,44,65392.0,2,6,3,0.077,1
1740,681,48,19823.0,2,8,2,0.179,0
1741,187,19,19199.0,1,15,1,0.138,0
1742,40,46,43114.0,2,5,3,0.152,1
1743,3,42,47412.0,1,4,0,0.222,1
1744,174,51,120873.0,1,11,2,0.136,0
1745,270,30,69806.0,2,13,1,0.098,0
1746,367,33,84020.0,1,8,0,0.086,1
1747,484,50,23656.0,4,6,2,0.237,0
1748,210,46,89722.0,2,25,0,0.173,1
1749,367,36,71333.0,1,5,1,0.221,0
1750,537,34,34953.0,1,3,2,0.188,1
1751,27,58,40614.0,1,14,3,0.128,1
1752,51,38,106922.0,2,17,2,0.172,1
1753,603,29,217544.0,2,9,4,0.08,1
1754,563,25,56276.0,1,17,2,0.142,0
1755,491,18,39573.0,3,4,1,0.27,0
1756,278,51,62418.0,2,11,1,0.116,0
1757,146,38,48212.0,1,8,0,0.249,0
1758,310,37,102622.0,2,10,1,0.126,1
1759,573,26,90128.0,1,16,0,0.147,0
1760,30,52,23651.0,1,6,1,0.27,1
1761,529,45,24558.0,4,5,2,0.411,1
1762,52,41,23687.0,3,5,0,0.081,1
1763,558,62,15449.0,2,9,0,0.138,0
1764,501,21,48677.0,2,12,0,0.196,0
1765,262,39,98180.0,4,22,0,0.178,0
1766,135,36,38011.0,1,8,1,0.142,1
1767,626,34,27789.0,1,19,1,0.195,0
1768,346,30,43996.0,1,5,1,0.123,1
1769,393,42,61183.0,3,3,2,0.293,1
1770,28,38,123905.0,4,4,2,0.128,0
1771,103,18,69474.0,3,27,0,0.16,1
1772,178,23,56386.0,1,16,0,0.305,1
1773,132,49,12000.0,2,9,2,0.102,1
1774,272,26,56033.0,2,19,1,0.146,1
1775,440,22,27953.0,2,6,3,0.282,1
1776,397,43,41485.0,4,2,2,0.104,1
1777,129,21,22552.0,1,15,2,0.107,1
1778,550,56,42324.0,2,12,0,0.227,0
1779,219,57,32945.0,1,3,0,0.393,0
1780,66,46,67974.0,3,28,4,0.076,1
1781,591,62,47052.0,3,2,3,0.2,0
1782,682,44,19208.0,1,18,1,0.099,0
1783,10,34,142825.0,3,15,2,0.195,1
1784,488,26,70103.0,2,14,0,0.122,0
1785,350,53,31346.0,1,1,1,0.177,0
1786,692,26,78859.0,3,7,3,0.108,1
1787,25,63,249208.0,3,9,4,0.2,0
1788,192,55,48940.0,3,19,0,0.235,0
1789,663,34,55021.0,2,20,0,0.291,0
1790,198,36,22813.0,1,16,2,0.176,1
1791,82,56,19320.0,5,14,0,0.259,1
1792,701,32,12000.0,3,27,0,0.108,1
1793,588,39,44036.0,3,5,0,0.208,1
1794,484,55,27256.0,1,5,1,0.129,0
1795,471,46,39834.0,1,20,1,0.117,0
1796,240,48,44146.0,1,22,2,0.156,0
1797,524,42,71511.0,2,37,0,0.243,1
1798,508,46,66426.0,1,4,0,0.243,0
1799,206,30,19327.0,1,5,3,0.184,1
1800,224,33,26345.0,2,16,1,0.155,1
