id,passenger_id,flight_id,fare_class,purchase_channel,seat_zone,ticket_price,ancillaries_spend
1,718,110,1,2,0,319.77,14.56
2,1693,651,1,0,0,145.68,30.86
3,1494,500,0,2,0,120.93,60.23
4,548,705,1,0,0,484.24,0.0
5,1629,589,1,3,0,77.66,121.11
6,1520,662,0,2,0,247.86,53.68
7,33,229,1,0,0,421.14,24.33
8,1024,601,2,0,1,281.97,54.77
9,1424,580,1,3,0,1127.76,36.21
10,1314,260,1,2,1,1352.68,21.22
11,641,242,0,2,0,165.39,12.85
12,70,386,0,1,0,262.68,25.26
13,653,426,2,0,1,268.95,16.81
14,814,73,0,3,0,283.83,35.43
15,617,386,1,1,2,515.59,15.16
16,689,678,0,3,0,306.74,22.56
17,1274,701,1,1,1,1412.61,27.5
18,1222,324,2,1,0,229.0,94.98
19,17,607,0,1,1,659.14,47.13
20,1241,368,2,0,0,254.63,16.52
21,1630,143,1,0,0,811.07,40.77
22,1342,183,0,0,0,255.76,34.94
23,1688,598,1,3,1,419.87,31.37
24,1160,355,3,1,2,459.61,34.43
25,1191,415,0,4,1,358.69,29.91
26,1176,91,1,1,1,1535.39,10.68
27,1589,539,1,2,2,479.1,14.26
28,405,62,2,1,2,1270.87,21.04
29,1750,537,3,0,0,379.39,95.87
30,1416,384,0,3,0,166.45,0.0
31,976,218,0,2,0,572.16,31.5
32,967,181,0,1,0,92.81,61.66
33,583,402,0,0,1,135.02,9.65
34,1505,192,1,0,2,213.89,28.66
35,670,675,1,2,0,167.38,37.64
36,1489,543,1,0,0,866.82,70.08
37,1040,418,0,3,0,861.94,35.13
38,590,261,1,2,0,98.25,25.32
39,63,482,0,1,2,176.41,8.12
40,562,156,1,4,0,222.15,127.18
41,706,180,0,3,2,87.26,35.33
42,1223,523,0,3,1,132.18,18.62
43,1257,562,0,1,0,107.59,35.96
44,1516,505,1,2,1,473.2,62.22
45,1736,332,0,1,1,138.51,41.59
46,85,115,0,0,1,573.55,31.27
47,144,617,1,3,1,912.12,48.81
48,1327,701,1,2,0,1161.7,31.09
49,1704,597,3,2,1,2072.58,40.08
50,1586,451,2,0,0,898.67,28.97
51,1010,99,3,1,0,366.31,47.51
52,242,194,1,2,1,143.28,2.97
53,285,620,0,2,1,93.92,22.55
54,1155,126,0,4,1,160.78,40.48
55,958,297,1,1,2,185.51,8.08
56,854,351,1,1,1,912.15,17.16
57,308,424,0,4,1,300.13,32.6
58,449,185,0,1,0,129.91,30.47
59,1790,198,0,2,0,219.19,47.5
60,1009,553,0,0,1,945.08,5.73
61,1551,130,0,2,2,127.86,68.27
62,1174,238,0,1,2,159.26,8.69
63,1600,274,1,0,0,371.31,23.44
64,714,275,0,0,0,85.09,21.02
65,684,404,1,0,0,861.69,6.99
66,1139,194,2,0,0,248.42,77.32
67,785,178,0,0,1,502.01,69.55
68,1011,464,1,2,1,353.19,78.58
69,430,5,0,3,0,550.67,0.0
70,224,141,0,3,1,145.16,17.13
71,242,194,1,2,0,182.96,4.65
72,1341,147,2,1,0,182.25,72.19
73,1294,132,1,3,0,452.89,14.74
74,660,550,1,2,0,177.42,22.85
75,1226,639,0,3,0,847.51,10.33
76,370,422,0,2,0,359.63,6.04
77,1448,77,1,0,1,387.96,2.86
78,795,672,0,2,0,222.52,55.25
79,1218,206,0,0,1,305.95,20.5
80,947,283,0,0,1,261.57,6.63
81,1274,701,0,2,1,982.23,15.59
82,313,85,0,3,1,310.02,7.91
83,1602,387,2,2,1,717.94,8.59
84,763,709,0,2,2,402.11,33.99
85,1307,97,2,1,0,237.92,121.95
86,1256,441,2,0,0,268.53,69.65
87,355,614,0,1,2,564.55,21.72
88,1071,340,1,0,1,395.89,44.04
89,333,404,1,0,0,809.2,60.24
90,360,587,3,0,1,405.78,45.17
91,568,213,0,0,0,519.11,72.4
92,35,625,3,2,0,1226.85,27.26
93,1584,535,0,1,1,121.23,20.17
94,531,300,0,0,1,90.16,84.5
95,1201,249,1,4,1,250.84,23.59
96,1716,484,1,0,2,221.49,32.0
97,591,439,1,0,0,209.75,70.94
98,1421,114,2,4,1,1464.46,44.06
99,23,343,0,2,1,998.06,35.5
100,512,712,1,0,0,221.44,37.45
101,300,128,2,0,0,1062.03,47.31
102,1070,432,1,1,1,1270.48,52.01
103,1186,621,2,4,2,708.46,42.89
104,1485,262,1,3,0,721.94,19.42
105,1176,91,0,0,1,1045.42,43.72
106,344,534,0,1,2,408.21,64.69
107,412,375,1,1,0,172.32,108.03
108,1441,92,0,0,0,478.59,74.66
109,66,647,2,3,0,1162.22,27.0
110,878,512,3,0,0,1222.83,62.16
111,1252,572,0,0,0,100.89,8.93
112,1537,337,0,4,0,99.64,18.07
113,950,45,1,3,0,155.57,92.96
114,1229,149,0,0,2,306.59,18.43
115,474,540,0,1,0,72.31,22.24
116,844,434,1,3,0,1513.4,0.0
117,608,448,1,3,1,175.9,15.37
118,1602,387,0,1,2,396.0,18.79
119,536,381,2,2,1,283.37,24.82
120,1114,475,1,4,1,452.15,53.73
121,864,599,1,2,2,1604.31,11.97
122,340,155,2,0,0,523.56,19.32
123,874,333,0,1,0,137.47,43.03
124,1720,356,0,3,1,590.33,40.23
125,1146,124,1,1,0,380.97,31.11
126,413,162,3,1,0,2721.94,51.28
127,189,272,1,0,0,132.46,4.04
128,415,203,0,0,1,276.6,25.91
129,1546,533,0,1,0,614.43,23.75
130,322,113,2,1,0,459.67,90.44
131,978,555,1,3,1,466.02,22.38
132,140,168,0,2,1,798.77,26.14
133,1473,72,0,3,0,156.21,14.01
134,655,326,1,1,2,221.62,13.55
135,134,292,2,0,2,2141.83,70.45
136,1393,403,1,0,1,146.81,44.33
137,322,113,1,0,0,361.75,54.63
138,800,217,0,1,0,104.32,54.66
139,91,305,0,1,0,144.37,54.59
140,228,95,0,2,2,78.93,57.69
141,94,202,0,4,0,898.09,27.96
142,64,155,0,0,0,245.23,138.26
143,1441,92,3,1,1,1767.32,77.65
144,1510,320,0,1,0,304.88,23.91
145,635,161,0,0,0,91.05,9.76
146,903,66,1,1,1,889.77,65.9
147,506,120,1,0,0,595.19,33.98
148,103,398,0,3,0,536.42,5.4
149,1325,385,0,1,0,240.1,15.61
150,112,3,3,2,1,1808.27,21.96
151,1242,613,1,4,1,402.51,0.0
152,189,272,1,1,0,138.66,91.9
153,1390,50,2,1,1,225.09,78.45
154,1360,317,2,3,0,1149.23,21.13
155,596,675,0,1,0,116.81,5.58
156,627,532,1,4,1,509.19,27.15
157,859,50,0,0,0,97.79,65.87
158,1318,514,0,0,0,225.89,20.63
159,1314,260,2,2,0,1838.31,46.28
160,116,416,2,1,0,216.71,53.84
161,1328,295,1,0,0,439.26,0.15
162,928,332,1,3,0,210.96,53.2
163,163,138,0,1,2,1124.75,9.88
164,457,11,0,0,0,358.4,14.57
165,1587,57,1,0,1,370.55,74.25
166,661,394,2,3,0,145.96,16.37
167,1702,515,2,4,0,686.48,54.01
168,1417,517,1,0,1,983.17,39.73
169,881,469,1,3,0,505.74,48.41
170,441,354,2,2,1,523.73,37.06
171,1208,660,1,3,1,466.17,65.92
172,1269,425,0,4,0,97.46,13.86
173,800,217,0,1,1,137.46,7.64
174,409,213,0,3,0,589.44,22.24
175,1225,222,1,0,0,1362.39,37.32
176,13,165,2,2,2,269.6,30.5
177,18,608,0,2,1,63.31,19.62
178,1658,468,1,0,2,964.77,71.47
179,1646,472,2,2,1,222.21,108.53
180,696,127,0,0,0,542.38,18.65
181,207,146,3,2,0,2299.53,30.46
182,1065,166,3,1,2,1746.34,10.89
183,1603,501,1,0,0,398.05,18.66
184,1183,250,0,1,0,515.13,11.69
185,1162,372,1,0,1,183.11,69.87
186,1589,539,1,4,0,405.4,25.47
187,1201,249,3,1,0,415.92,87.49
188,627,532,2,0,0,617.4,75.51
189,1341,147,1,0,1,192.31,78.93
190,1668,620,0,0,1,102.5,25.08
191,891,101,0,1,0,106.51,6.09
192,384,111,3,4,0,1789.54,47.38
193,1601,440,1,0,0,603.5,8.04
194,344,534,0,1,1,397.43,31.64
195,1606,528,2,3,1,312.2,71.65
196,693,552,0,0,2,136.46,4.92
197,839,267,0,2,1,126.95,90.45
198,1116,22,2,1,0,1934.98,35.57
199,727,204,0,3,2,424.0,25.57
200,950,45,0,3,0,117.51,0.0
201,1262,111,1,0,2,902.73,9.24
202,1569,482,1,1,0,171.54,27.33
203,1692,439,1,0,1,173.23,78.61
204,1523,683,2,2,0,190.49,73.29
205,11,25,1,1,2,1689.83,48.81
206,1533,223,1,4,0,137.33,54.9
207,1672,572,0,0,0,71.69,75.03
208,79,615,2,2,2,2085.76,54.22
209,978,555,2,4,0,678.75,27.14
210,110,528,0,0,0,192.95,12.09
211,1104,206,1,3,0,431.01,2.08
212,777,435,1,0,1,1481.27,64.18
213,117,137,0,3,0,117.69,15.98
214,1232,691,0,2,0,164.59,20.13
215,774,110,0,0,1,271.43,25.51
216,1146,124,0,0,0,231.7,31.32
217,1165,122,0,0,0,119.59,14.89
218,1642,425,0,0,2,162.27,50.66
219,1216,116,1,2,2,1411.98,26.39
220,694,494,1,0,0,158.37,11.26
221,484,436,2,3,2,824.95,10.57
222,1765,262,3,0,1,1831.31,27.0
223,1475,565,3,0,0,1818.84,63.49
224,565,144,0,3,0,93.54,32.86
225,416,640,2,0,0,1654.93,57.23
226,1209,363,0,3,0,524.52,49.53
227,1245,622,1,3,0,186.99,37.95
228,395,348,1,1,1,225.67,26.06
229,1439,538,1,0,0,161.07,45.63
230,19,578,0,4,0,1100.6,0.0
231,151,654,0,0,0,90.26,61.43
232,1046,296,1,1,0,201.82,73.37
233,1478,38,0,0,2,147.96,9.22
234,1597,570,3,0,2,3139.52,33.39
235,1370,7,3,0,0,2488.23,23.48
236,779,377,1,0,0,131.47,18.64
237,1783,10,2,2,2,237.56,38.15
238,1187,511,0,1,1,604.95,44.08
239,875,153,1,3,0,787.5,94.38
240,1759,573,1,0,1,491.76,26.09
241,1533,223,2,1,0,233.67,99.69
242,403,63,0,0,2,151.41,19.52
243,1233,192,1,0,0,221.79,37.25
244,914,89,0,1,0,936.63,19.42
245,854,351,0,0,0,510.24,19.59
246,943,500,0,1,0,96.57,29.32
247,9,231,3,0,0,355.95,17.88
248,494,56,0,4,0,492.94,13.62
249,257,113,1,0,0,377.3,14.6
250,158,7,1,4,0,1404.68,13.7
251,90,708,2,4,0,246.98,20.23
252,39,645,1,0,2,210.98,67.85
253,192,626,3,1,2,1992.91,71.21
254,954,468,2,4,2,1510.81,87.13
255,156,481,0,0,1,111.87,38.96
256,931,401,3,3,2,415.15,28.1
257,1318,514,1,0,0,353.77,12.6
258,765,249,0,4,0,151.4,113.26
259,378,25,1,3,0,1462.85,68.01
260,1690,379,1,1,0,356.25,15.84
261,454,310,0,2,0,179.02,32.67
262,1607,241,2,1,0,224.89,13.82
263,1716,484,0,4,0,107.62,17.15
264,188,417,1,1,0,331.15,16.11
265,1067,472,2,0,0,155.35,83.44
266,761,21,0,0,0,891.28,47.94
267,455,151,1,2,1,173.83,12.16
268,34,565,0,3,2,791.08,6.03
269,1767,626,3,2,2,1991.24,45.98
270,1204,657,2,0,0,1708.64,35.89
271,1117,323,0,1,1,511.87,26.48
272,10,379,1,1,0,344.45,83.92
273,1229,149,2,1,0,538.14,16.1
274,404,116,0,0,1,873.61,45.09
275,946,296,1,0,0,187.64,73.71
276,1335,272,0,3,1,67.08,31.68
277,1262,111,0,0,1,580.84,4.84
278,730,7,3,0,0,2491.76,26.77
279,1122,337,0,3,0,144.09,94.69
280,1117,323,0,1,0,504.29,30.4
281,1560,8,1,3,2,189.03,53.05
282,1339,607,1,2,2,994.87,42.88
283,837,35,2,3,2,356.27,129.14
284,921,410,0,1,0,137.73,0.0
285,624,57,0,0,1,218.13,37.07
286,1178,470,1,4,0,885.82,13.21
287,1491,435,1,2,0,1301.38,62.44
288,736,121,1,2,0,1297.16,68.43
289,1094,477,1,0,0,395.17,49.99
290,1111,255,1,1,1,470.88,32.83
291,1530,604,1,0,0,465.01,5.62
292,1709,361,1,0,1,292.83,33.79
293,674,639,2,0,1,1987.17,43.79
294,1129,61,2,1,0,234.83,6.12
295,894,422,0,0,0,318.47,16.26
296,1115,12,0,1,1,178.58,83.08
297,41,587,0,2,1,115.43,10.74
298,1334,216,0,0,0,203.22,33.76
299,230,25,0,1,2,1276.01,51.82
300,617,386,2,0,1,663.92,26.16
301,1305,303,3,1,1,675.08,54.52
302,757,404,0,0,1,579.59,6.9
303,567,167,0,1,1,868.55,68.11
304,712,402,2,3,0,280.15,1.14
305,77,107,0,1,0,105.95,107.57
306,38,95,0,4,2,124.62,87.9
307,759,232,2,0,0,212.85,35.44
308,35,625,1,3,0,672.41,16.27
309,1771,103,0,1,0,216.58,43.85
310,1483,452,0,3,2,331.04,39.29
311,762,242,1,3,1,270.55,2.5
312,705,221,0,3,0,1072.91,45.48
313,1491,435,2,2,1,2112.01,42.98
314,1574,361,0,0,1,140.15,18.95
315,1229,149,0,0,1,281.13,60.72
316,151,654,0,0,1,147.46,0.63
317,388,557,0,4,1,648.49,4.9
318,147,417,0,3,0,320.31,51.33
319,867,304,0,0,2,761.98,49.81
320,1515,686,0,1,2,147.23,49.05
321,1541,447,1,3,2,113.69,25.66
322,1368,240,0,0,0,446.46,51.14
323,199,552,0,2,0,106.75,15.45
324,1208,660,0,1,0,290.08,36.69
325,1681,517,0,0,0,649.38,34.92
326,624,57,1,0,1,419.9,83.16
327,402,265,2,0,0,1596.25,31.12
328,1030,14,0,0,0,237.54,29.25
329,318,77,1,0,0,384.83,1.27
330,1430,669,0,3,0,396.99,26.49
331,1759,573,0,0,0,335.33,58.66
332,709,612,3,0,1,984.27,76.67
333,1097,539,2,0,0,494.61,80.67
334,1509,288,0,0,1,134.49,39.48
335,699,114,1,3,0,936.38,13.41
336,1608,183,2,1,0,508.72,104.9
337,734,4,0,4,0,181.67,7.65
338,1780,66,0,3,1,638.74,32.09
339,1268,607,0,0,0,656.24,29.46
340,354,349,3,2,1,351.65,52.76
341,129,653,1,3,0,192.6,7.94
342,1633,248,2,1,1,306.93,16.13
343,1578,253,2,0,0,778.85,84.79
344,61,541,1,2,1,375.38,27.74
345,1344,464,0,1,1,204.14,14.72
346,1540,275,0,0,1,136.71,45.55
347,626,544,0,4,0,393.66,40.31
348,828,274,0,3,2,349.38,64.41
349,1372,452,0,1,1,298.85,13.81
350,1031,282,2,1,1,1147.23,29.48
351,1290,385,0,2,1,330.25,33.89
352,387,583,3,4,0,1839.01,13.29
353,932,493,3,0,0,652.44,49.88
354,1208,660,3,0,2,1075.49,69.96
355,1090,501,0,4,1,297.52,21.21
356,1455,512,2,3,0,1029.46,7.22
357,985,283,0,0,0,317.19,14.64
358,794,665,0,3,1,340.52,25.9
359,402,265,2,1,0,1622.91,28.5
360,1209,363,0,3,0,543.31,23.44
361,1111,255,1,0,0,421.9,36.41
362,792,482,3,0,1,301.46,27.53
363,152,682,0,3,0,330.44,35.79
364,578,470,0,3,0,597.82,6.23
365,41,587,0,3,1,136.91,2.94
366,1422,217,1,0,0,212.66,34.19
367,309,706,3,1,0,389.56,79.54
368,232,138,0,4,1,1005.41,74.24
369,1703,399,1,0,0,1256.48,11.89
370,1022,189,0,4,0,537.35,22.55
371,471,485,0,2,1,1006.35,26.35
372,1285,566,2,4,0,271.24,33.29
373,965,612,1,3,0,509.25,124.58
374,1746,367,2,0,0,489.43,33.88
375,1151,160,0,1,1,957.6,24.08
376,1788,192,0,2,0,135.01,7.93
377,922,421,1,2,0,179.81,47.18
378,1612,17,1,0,0,435.09,49.8
379,1260,581,0,1,2,313.77,44.24
380,1127,685,0,2,0,132.35,42.04
381,688,395,0,3,1,114.1,73.85
382,1786,692,1,1,1,868.13,13.89
383,1696,193,1,1,0,151.64,5.17
384,951,584,2,0,1,1861.66,90.05
385,1204,657,1,3,2,1529.59,26.36
386,758,456,0,1,1,294.79,10.75
387,937,449,2,2,0,597.0,25.72
388,456,167,0,0,2,1066.45,62.22
389,742,148,0,4,1,133.35,8.27
390,1448,77,1,3,2,474.25,45.32
391,490,514,2,0,0,532.31,10.74
392,210,6,1,2,1,1450.26,62.52
393,1794,484,0,2,2,161.96,87.35
394,192,626,1,0,1,836.77,59.56
395,252,362,0,0,0,117.95,26.18
396,1542,214,1,3,1,435.06,27.18
397,716,181,1,0,1,192.62,92.76
398,1702,515,2,3,0,658.72,102.97
399,158,7,0,4,0,994.23,12.97
400,1672,572,1,1,1,172.42,17.46
401,1507,31,0,3,1,150.88,102.49
402,835,640,0,0,2,1025.16,52.03
403,966,208,0,0,0,519.34,44.1
404,1467,429,0,0,0,384.62,155.29
405,411,644,0,3,0,321.97,1.9
406,855,213,3,0,0,1443.81,109.7
407,9,231,2,0,0,267.62,52.0
408,1321,14,2,1,0,539.67,28.14
409,318,77,1,4,0,442.26,38.85
410,1434,622,1,3,0,170.57,85.25
411,1503,554,1,2,1,456.14,23.38
412,912,380,1,3,2,1059.96,4.71
413,1237,438,0,2,1,996.41,134.96
414,224,141,1,0,0,173.49,33.72
415,1381,136,0,0,0,265.38,6.56
416,1628,716,1,0,0,810.94,4.44
417,187,615,1,2,0,1200.36,17.26
418,430,5,0,0,1,547.6,21.44
419,994,407,2,3,0,1575.98,72.0
420,830,27,0,3,2,245.98,37.3
421,1409,47,1,0,1,208.57,31.32
422,499,133,1,1,0,474.66,18.89
423,1430,669,1,4,2,790.07,5.89
424,870,385,1,0,0,411.22,32.94
425,122,390,0,1,1,320.48,50.72
426,450,459,1,0,0,170.43,63.34
427,1257,562,0,2,0,64.89,46.1
428,1719,99,0,2,1,152.04,0.0
429,625,264,1,2,0,183.1,87.36
430,314,108,0,1,2,331.73,21.68
431,347,373,2,1,1,608.9,80.88
432,386,185,2,1,0,321.5,75.5
433,586,534,2,0,0,560.25,60.59
434,434,166,1,3,0,776.76,51.32
435,949,344,3,1,2,3719.09,65.12
436,233,350,0,0,0,282.95,12.16
437,348,587,0,0,0,90.17,83.63
438,1645,698,1,0,0,1204.04,24.07
439,1628,716,2,3,2,1582.26,49.54
440,417,192,2,3,0,270.76,44.89
441,1409,47,2,2,0,265.24,29.48
442,538,638,2,0,0,1864.08,67.56
443,1762,52,2,0,0,503.69,33.87
444,955,231,0,0,0,137.48,35.14
445,745,177,1,4,1,487.91,88.74
446,1478,38,2,3,0,296.16,21.17
447,477,175,1,3,0,1445.81,7.39
448,737,231,1,0,0,192.01,99.65
449,1347,715,0,0,0,101.51,19.62
450,403,63,0,3,1,99.2,6.23
451,1792,701,1,2,0,1214.64,4.74
452,1506,655,0,0,0,846.45,14.74
453,405,62,0,1,1,507.9,10.81
454,202,239,1,2,0,184.94,68.24
455,1351,519,2,3,0,574.19,7.91
456,580,266,1,0,0,110.65,26.51
457,546,296,0,1,0,114.04,42.54
458,1669,597,0,3,0,624.72,105.79
459,1236,383,0,2,0,363.67,4.19
460,829,474,2,0,0,581.61,14.4
461,617,386,2,2,1,650.9,11.24
462,946,296,2,4,0,311.99,17.96
463,1113,22,2,0,1,2286.89,11.99
464,1703,399,0,1,0,859.91,115.28
465,332,12,2,2,1,264.32,63.04
466,11,25,2,2,0,2018.24,70.78
467,401,656,0,0,1,259.31,19.17
468,426,208,1,1,0,815.91,41.75
469,102,361,3,2,0,435.48,25.72
470,1058,322,1,1,2,540.49,27.11
471,211,16,1,2,0,393.21,17.51
472,784,593,1,2,0,143.14,0.13
473,662,466,1,3,0,346.81,30.58
474,134,292,0,3,0,850.66,12.84
475,1298,619,1,0,1,153.97,51.49
476,1331,498,0,2,1,134.66,2.39
477,1205,609,3,3,0,938.11,215.41
478,1472,489,1,2,0,177.57,1.59
479,1075,57,1,3,0,425.38,22.77
480,1185,563,3,2,1,402.31,20.79
481,1369,633,0,0,0,280.32,35.39
482,1418,100,0,3,1,199.87,0.0
483,986,139,3,1,2,420.31,25.37
484,831,3,2,2,0,1085.07,21.63
485,543,480,1,2,1,155.09,25.04
486,1297,278,1,0,0,833.81,40.27
487,1560,8,1,4,0,194.41,10.88
488,685,97,0,0,0,140.99,24.65
489,821,91,2,0,2,2480.16,34.73
490,200,494,0,4,0,147.7,28.6
491,546,296,0,0,1,133.43,28.86
492,1765,262,2,1,2,1435.83,15.4
493,1453,208,0,0,0,592.92,30.19
494,35,625,1,0,0,618.0,46.34
495,735,448,0,1,0,61.2,38.17
496,494,56,0,3,0,483.9,18.11
497,942,153,3,0,0,1568.97,24.23
498,1627,61,0,4,2,79.0,30.28
499,184,410,2,3,0,241.45,28.24
500,511,132,0,1,1,299.87,8.66
501,1658,468,0,0,2,627.79,38.84
502,153,270,1,1,1,208.61,53.51
503,900,191,0,4,0,1191.55,52.27
504,270,698,1,4,0,1414.26,62.21
505,191,147,2,0,0,211.14,5.27
506,92,169,2,2,1,227.43,176.05
507,1626,488,1,1,0,300.53,21.85
508,20,466,0,2,0,199.38,25.24
509,82,129,1,2,1,158.53,51.95
510,1707,546,0,2,0,108.85,30.49
511,280,559,2,4,0,609.83,98.25
512,952,497,0,0,2,726.88,46.75
513,621,458,3,0,0,812.21,6.17
514,1591,61,2,1,0,226.66,23.2
515,1765,262,2,1,0,1140.26,9.08
516,783,448,0,3,0,119.59,43.01
517,607,167,2,4,2,2364.44,6.89
518,1547,20,2,1,0,2081.67,36.0
519,623,344,0,2,1,1044.61,43.99
520,1621,234,1,3,0,1329.26,72.68
521,697,343,0,2,2,1219.6,27.28
522,505,138,0,2,2,964.93,61.37
523,376,108,0,0,0,213.51,21.27
524,1141,619,0,0,1,142.89,81.04
525,1051,539,0,0,0,179.85,57.3
526,987,188,0,0,0,124.56,65.32
527,1301,552,2,1,1,274.61,50.51
528,1640,18,1,3,0,204.85,3.54
529,95,392,1,2,1,141.12,78.89
530,1504,12,0,4,0,51.31,79.9
531,821,91,0,3,0,1028.62,27.48
532,1093,84,2,3,0,247.12,82.26
533,1556,228,2,0,1,249.73,43.1
534,792,482,2,1,0,156.09,19.06
535,937,449,3,4,1,1079.96,25.44
536,527,251,0,3,1,960.6,36.77
537,1426,369,2,1,2,260.24,17.97
538,1440,524,1,1,2,906.03,10.94
539,960,284,1,0,0,238.61,73.89
540,538,638,1,1,0,1285.67,12.34
541,383,387,1,1,0,405.06,37.75
542,230,25,1,0,0,1396.86,15.98
543,291,226,2,3,1,2071.77,77.79
544,70,386,1,1,2,386.34,6.5
545,755,613,0,0,1,246.73,20.19
546,1573,504,0,1,0,911.86,79.94
547,780,475,1,0,1,405.37,9.24
548,498,505,1,0,1,498.35,54.59
549,342,618,1,2,0,874.64,13.02
550,1602,387,0,1,0,330.63,43.13
551,1002,708,3,2,1,347.34,36.43
552,1753,603,0,2,0,262.82,64.36
553,641,242,1,0,0,149.98,25.17
554,375,443,1,1,1,376.34,41.54
555,1550,394,2,3,0,269.74,51.01
556,793,147,3,0,0,275.0,14.05
557,1639,651,0,0,0,127.71,55.13
558,1418,100,2,1,0,272.22,13.19
559,1453,208,1,4,0,992.49,11.74
560,1375,365,1,2,0,488.78,55.99
561,872,307,2,3,0,234.87,36.41
562,1772,178,0,2,0,522.97,17.3
563,1216,116,2,4,0,1910.63,92.25
564,1350,149,0,0,0,239.88,42.39
565,284,56,2,2,1,1040.99,47.28
566,1277,475,3,3,0,817.91,60.04
567,1150,183,1,1,1,383.18,31.85
568,996,97,0,3,0,115.43,34.9
569,1337,45,0,1,1,125.84,41.72
570,1198,694,0,3,0,77.73,70.85
571,427,385,2,0,0,564.24,40.71
572,1691,65,0,0,2,628.96,21.89
573,544,4,2,0,1,244.6,21.39
574,47,355,0,1,0,152.82,16.08
575,986,139,0,1,1,126.82,50.08
576,739,521,1,0,1,458.43,43.28
577,1205,609,0,3,1,281.75,36.8
578,793,147,3,3,2,408.38,101.67
579,44,24,0,3,2,389.01,132.95
580,1202,445,1,0,1,923.14,1.74
581,920,667,1,1,0,156.2,2.43
582,689,678,0,1,0,209.39,19.21
583,113,358,3,1,0,2656.09,21.79
584,151,654,0,0,2,101.8,57.33
585,784,593,0,1,0,54.42,23.31
586,17,607,0,3,1,704.46,101.68
587,1487,100,0,0,2,106.45,15.38
588,1271,217,3,0,1,403.2,57.0
589,589,587,0,3,1,135.56,30.69
590,712,402,3,1,0,380.81,49.89
591,936,693,0,0,0,236.58,49.21
592,1560,8,2,3,2,290.25,42.61
593,1728,616,2,0,2,321.16,26.86
594,1318,514,0,1,1,245.93,33.16
595,953,409,0,2,0,214.68,2.93
596,803,91,0,0,0,972.35,43.75
597,1475,565,1,1,1,956.76,23.38
598,417,192,2,3,1,332.21,6.35
599,1457,301,0,3,0,296.47,22.43
600,329,507,1,2,2,249.54,73.48
601,1375,365,0,0,0,327.13,15.01
602,1362,251,0,0,0,900.56,13.77
603,1135,566,0,3,1,169.51,59.51
604,746,45,0,0,1,153.83,8.43
605,184,410,2,0,2,174.27,27.56
606,234,629,0,0,2,149.96,29.56
607,1054,518,0,1,1,131.76,24.68
608,909,588,0,4,0,623.71,138.71
609,1630,143,0,0,0,533.05,27.99
610,1735,111,0,4,0,620.0,113.44
611,298,593,1,2,1,113.71,43.86
612,498,505,1,1,1,551.63,35.86
613,164,290,3,2,0,690.53,46.48
614,1686,282,1,4,1,858.3,37.94
615,4,308,0,1,1,288.95,35.21
616,381,696,1,1,1,169.3,38.7
617,250,488,0,1,0,203.37,90.68
618,1694,635,0,3,0,567.15,31.18
619,1396,50,0,0,0,100.13,13.37
620,95,392,3,1,0,322.8,54.68
621,786,98,0,0,1,513.76,29.81
622,1615,326,0,2,0,171.48,108.8
623,1578,253,1,1,0,555.74,11.51
624,853,316,2,3,0,232.26,85.1
625,1559,303,0,3,1,267.57,42.22
626,561,46,2,1,2,1454.6,37.59
627,1372,452,0,1,1,254.2,20.53
628,496,406,1,2,2,870.1,35.4
629,1160,355,1,2,0,191.13,37.61
630,828,274,1,3,0,406.01,42.09
631,691,467,3,0,2,3310.78,126.81
632,1740,681,0,1,1,124.27,50.29
633,286,536,0,2,0,243.59,96.08
634,1433,282,0,2,0,508.7,30.32
635,926,599,0,1,1,1022.74,66.89
636,1203,509,2,1,2,322.28,38.97
637,236,384,0,3,0,125.32,42.83
638,1110,503,1,2,1,225.05,17.57
639,1550,394,1,0,0,145.5,12.01
640,1046,296,0,3,0,152.64,46.06
641,1529,324,2,1,1,250.31,48.96
642,1265,67,0,3,1,154.45,96.53
643,60,56,1,1,1,797.47,19.58
644,1278,638,0,1,0,1019.23,6.06
645,311,457,0,3,2,271.62,8.23
646,613,126,0,3,0,101.07,14.05
647,498,505,2,1,2,823.23,37.52
648,374,417,1,1,2,394.53,102.04
649,328,180,0,2,2,120.54,36.86
650,1282,686,1,0,1,136.46,20.24
651,1265,67,0,3,1,94.7,56.07
652,58,135,2,1,2,2435.65,19.84
653,186,143,3,2,1,1745.18,15.55
654,1001,382,2,4,0,938.46,66.31
655,972,517,1,2,0,885.31,7.1
656,1793,588,0,0,1,632.5,36.31
657,1511,153,0,0,0,533.03,12.1
658,1327,701,0,2,0,789.5,12.03
659,385,53,0,3,1,1077.16,2.41
660,1514,720,2,1,0,204.69,23.52
661,1119,445,0,3,0,638.93,40.2
662,1188,678,1,4,1,479.98,18.8
663,1799,206,0,0,0,218.76,23.28
664,1611,129,3,3,1,221.21,47.35
665,1412,217,1,3,0,213.14,58.51
666,1053,268,0,0,0,95.81,7.66
667,768,369,0,1,1,118.59,36.01
668,918,663,0,2,1,254.02,2.16
669,1772,178,1,1,1,812.01,9.71
670,937,449,0,0,1,310.99,32.29
671,1214,605,0,1,2,964.63,12.48
672,667,467,2,0,0,2090.05,19.98
673,1572,78,1,0,0,1404.16,54.23
674,1098,658,0,3,2,332.93,0.0
675,844,434,1,1,1,1573.52,16.45
676,432,596,0,3,0,459.85,63.08
677,1571,644,2,0,0,695.24,68.66
678,785,178,2,0,0,1028.95,40.49
679,713,625,0,3,1,525.83,7.77
680,1373,352,0,2,0,72.18,48.7
681,486,222,0,1,2,1137.6,10.61
682,697,343,0,4,0,1141.4,58.3
683,816,523,0,1,1,117.94,29.51
684,1345,190,0,4,1,366.36,47.67
685,316,145,0,3,2,375.46,24.14
686,36,682,2,3,0,560.42,81.86
687,1687,382,0,0,1,476.51,62.18
688,942,153,2,2,1,1240.0,25.28
689,1420,38,1,1,0,192.42,46.55
690,1649,342,0,3,0,152.28,11.84
691,317,93,0,3,1,545.44,68.96
692,1031,282,0,4,0,494.03,64.68
693,1318,514,3,1,1,847.79,63.67
694,1770,28,1,3,1,1346.07,10.61
695,205,319,2,0,1,2211.03,20.93
696,77,107,1,0,0,144.61,32.14
697,31,684,0,1,0,151.75,17.29
698,818,308,2,4,0,537.85,28.04
699,1440,524,1,0,0,779.22,4.8
700,874,333,3,0,1,407.76,11.86
701,1341,147,1,0,1,137.72,75.59
702,116,416,0,4,0,89.02,36.53
703,1013,571,1,0,0,1074.25,39.51
704,899,661,0,3,2,723.41,18.83
705,1110,503,3,0,0,394.78,18.18
706,1365,520,2,4,0,2277.39,28.09
707,489,247,0,3,0,88.99,124.32
708,1529,324,0,2,0,108.58,9.04
709,644,632,0,1,0,55.3,37.66
710,959,152,3,0,0,173.17,14.35
711,954,468,1,0,1,830.9,15.16
712,163,138,1,0,1,1468.91,10.08
713,13,165,3,0,0,286.02,28.13
714,1438,159,3,3,1,1717.8,42.02
715,1006,115,0,2,0,547.92,52.06
716,860,115,0,1,2,566.86,28.31
717,227,349,0,0,0,120.77,108.95
718,1677,493,3,0,0,592.52,71.92
719,1780,66,2,3,0,1168.36,71.28
720,123,103,2,1,1,532.58,54.04
721,283,554,2,0,1,614.48,53.29
722,1355,570,0,3,0,784.21,9.15
723,631,209,2,2,0,197.7,15.56
724,367,646,2,3,0,651.45,39.23
725,817,358,1,2,0,1296.32,144.02
726,1503,554,3,1,2,993.89,16.87
727,1016,181,0,2,0,108.54,106.55
728,1794,484,0,4,0,120.5,24.45
729,965,612,0,1,2,368.91,43.54
730,674,639,2,0,0,1843.21,41.54
731,1037,126,0,1,0,69.91,7.8
732,1533,223,0,3,1,144.49,65.1
733,310,280,3,0,0,1377.61,1.63
734,758,456,0,2,2,362.89,15.55
735,462,610,0,1,1,170.19,41.26
736,715,626,0,3,0,614.05,81.82
737,1054,518,2,4,2,328.39,19.95
738,391,142,2,0,1,2070.76,80.13
739,119,183,0,1,1,272.97,37.52
740,502,293,0,0,1,111.81,24.35
741,1390,50,0,4,1,157.66,27.73
742,1698,278,0,2,0,556.19,19.23
743,216,100,0,3,0,147.74,8.12
744,1101,267,2,1,2,265.58,24.46
745,139,669,1,1,0,663.22,52.4
746,1765,262,2,0,2,1458.61,68.26
747,1632,354,0,4,2,328.5,24.25
748,1723,614,2,2,0,1126.1,56.72
749,1192,359,1,3,0,467.71,16.48
750,1205,609,0,1,0,277.1,101.83
751,1262,111,1,3,1,944.26,38.47
752,442,433,0,0,0,918.52,50.98
753,1504,12,1,4,1,235.22,76.23
754,1294,132,3,2,0,840.93,95.93
755,1795,471,3,0,0,778.94,49.73
756,112,3,3,1,1,1828.25,19.3
757,712,402,0,0,0,98.48,24.08
758,235,180,0,1,1,96.8,28.96
759,580,266,0,0,0,89.56,79.41
760,459,618,1,0,0,783.89,32.02
761,294,549,2,2,0,211.05,34.96
762,667,467,0,0,2,1187.25,22.59
763,1344,464,1,1,0,301.78,66.83
764,32,522,0,1,0,315.41,32.61
765,1485,262,3,1,0,1441.47,21.43
766,838,562,0,0,0,83.73,26.22
767,1398,447,1,0,1,116.84,0.0
768,1744,174,3,0,2,342.45,128.31
769,1386,160,0,3,0,824.58,105.57
770,1333,220,2,4,0,980.81,49.6
771,1163,47,1,0,0,207.91,24.31
772,445,61,0,3,1,195.33,29.82
773,1578,253,0,1,2,453.6,56.54
774,568,213,2,0,0,1004.79,33.95
775,877,200,1,2,0,904.44,13.64
776,732,387,2,0,0,720.83,109.69
777,1741,187,2,0,2,234.02,55.11
778,1713,713,1,1,1,519.09,84.33
779,542,15,1,2,0,1154.52,61.53
780,253,99,0,0,2,134.61,31.99
781,1397,614,0,2,1,573.22,64.99
782,1572,78,0,0,0,972.34,52.42
783,1650,357,1,1,1,813.9,20.02
784,433,306,2,4,0,731.02,94.64
785,1032,372,1,0,0,114.35,70.01
786,1774,272,0,3,0,102.25,21.19
787,211,16,1,0,0,333.71,25.26
788,421,568,1,0,1,430.79,25.27
789,27,657,0,0,0,800.95,95.38
790,482,291,0,0,0,644.85,35.41
791,542,15,1,4,1,1452.27,66.16
792,570,327,0,1,1,350.19,36.02
793,81,230,0,1,2,110.69,7.91
794,417,192,0,4,0,184.12,30.23
795,1465,122,1,4,0,251.34,15.91
796,1590,510,2,0,1,288.76,19.57
797,343,666,1,0,2,987.93,44.06
798,212,7,1,0,1,1295.34,88.27
799,110,528,0,2,0,177.96,44.14
800,1254,338,0,2,1,208.04,52.01
801,1026,663,1,0,0,398.76,11.59
802,498,505,0,3,0,387.53,40.02
803,1277,475,0,0,0,275.84,52.48
804,478,647,0,0,1,580.01,54.81
805,1047,597,1,0,0,883.19,30.24
806,1051,539,0,0,0,250.06,35.4
807,1266,669,3,1,0,1326.63,83.42
808,1507,31,2,2,0,181.9,48.39
809,810,698,2,0,1,2290.63,13.37
810,1346,343,0,2,1,1117.08,19.51
811,106,179,0,1,1,1059.95,48.85
812,808,443,0,1,1,249.9,58.39
813,702,238,1,1,2,201.69,28.92
814,1001,382,2,1,0,863.3,150.3
815,555,594,1,0,0,155.87,16.04
816,828,274,1,0,2,505.55,38.64
817,139,669,0,0,1,461.3,22.63
818,993,101,0,0,0,117.87,65.25
819,1651,61,3,0,2,391.0,48.98
820,680,360,0,0,0,290.95,42.08
821,907,95,2,0,1,254.27,43.06
822,1063,186,1,0,0,146.36,69.31
823,911,151,0,1,2,140.23,2.94
824,1208,660,0,2,0,317.14,38.29
825,1679,681,1,0,2,262.68,11.41
826,1795,471,1,0,1,432.35,70.58
827,1681,517,1,2,1,966.4,8.84
828,398,107,1,2,1,140.26,54.55
829,367,646,3,3,1,1038.27,84.05
830,1575,156,2,0,0,229.32,39.97
831,766,396,2,2,1,251.24,90.9
832,97,698,1,2,1,1366.65,46.0
833,596,675,1,3,0,179.02,45.17
834,663,106,1,0,1,462.16,17.57
835,598,465,0,0,0,131.87,24.67
836,424,197,1,0,0,96.9,30.03
837,1389,131,0,2,0,828.48,77.58
838,1570,508,0,0,1,157.06,27.55
839,341,278,1,2,1,910.56,46.68
840,917,517,3,3,1,2180.23,48.01
841,409,213,0,3,0,515.66,81.47
842,440,617,1,2,1,815.53,91.33
843,1152,345,0,0,1,310.77,31.53
844,905,291,0,1,0,503.32,0.58
845,364,247,3,1,1,316.62,27.9
846,1655,54,0,0,0,406.52,91.26
847,821,91,1,3,2,1815.24,11.53
848,908,450,2,3,2,1617.71,58.52
849,1547,20,0,2,1,1106.14,10.78
850,21,146,0,3,0,892.8,55.9
851,727,204,1,4,0,558.29,22.63
852,1323,54,0,0,2,411.01,40.92
853,971,65,0,0,1,636.93,57.06
854,1565,460,2,0,1,196.24,20.58
855,560,638,0,4,0,1124.23,38.56
856,425,227,2,3,1,215.01,48.76
857,1354,150,0,3,0,154.05,41.75
858,1305,303,1,0,0,287.47,18.4
859,189,272,0,0,1,58.55,73.09
860,724,322,0,2,2,340.9,50.17
861,618,536,1,3,0,383.51,54.7
862,387,583,0,0,0,500.35,14.08
863,917,517,0,3,2,781.71,39.79
864,42,697,1,0,0,194.31,28.07
865,1106,50,2,0,0,209.09,53.63
866,925,411,0,0,1,127.74,38.54
867,1433,282,0,3,0,507.31,43.34
868,1630,143,2,2,0,1113.67,82.38
869,610,488,0,3,0,254.13,53.91
870,450,459,0,0,1,135.77,15.99
871,1404,558,0,1,0,150.53,0.0
872,447,381,0,1,1,96.55,15.38
873,745,177,1,4,1,496.37,35.33
874,1701,322,0,0,0,268.59,9.29
875,506,120,1,0,0,625.81,86.88
876,239,165,1,1,1,165.67,58.03
877,171,192,3,1,0,356.84,69.18
878,685,97,2,1,0,217.38,31.79
879,405,62,0,2,0,448.05,49.61
880,440,617,0,1,0,512.85,41.61
881,855,213,3,1,2,1766.58,73.21
882,1790,198,1,1,2,442.94,71.33
883,432,596,1,3,0,624.83,10.73
884,1754,563,0,0,2,169.62,68.28
885,552,260,2,2,1,1921.48,19.07
886,1050,429,2,0,0,934.8,13.25
887,990,544,0,1,1,312.15,23.82
888,1582,344,2,2,2,2596.64,18.66
889,976,218,0,1,2,687.23,49.26
890,692,580,3,1,0,2395.97,10.57
891,883,489,0,1,0,139.31,10.0
892,1605,505,1,3,0,506.97,33.07
893,1169,42,2,1,0,658.58,69.51
894,670,675,2,4,0,214.0,67.18
895,1157,242,1,3,0,240.3,13.89
896,678,599,2,3,1,2425.8,51.61
897,378,25,0,0,2,1226.18,24.63
898,1087,394,3,3,1,343.67,58.54
899,584,612,3,0,0,975.73,63.88
900,747,637,0,3,2,173.98,99.5
901,1310,110,2,1,0,598.23,29.15
902,1448,77,0,4,2,358.51,14.58
903,1367,613,2,0,0,480.19,31.8
904,1247,514,2,3,0,540.62,26.08
905,1466,588,0,1,2,627.7,21.26
906,873,199,1,0,2,1054.12,23.89
907,943,500,2,2,0,231.45,57.79
908,617,386,0,0,0,270.86,48.57
909,270,698,0,0,0,916.76,26.45
910,392,482,0,0,0,87.05,0.0
911,1090,501,0,0,0,255.62,18.12
912,441,354,1,1,0,292.02,8.63
913,1115,12,2,1,2,315.2,58.75
914,639,642,0,1,1,544.45,6.46
915,968,707,2,2,0,223.63,66.5
916,946,296,0,0,0,191.67,25.35
917,473,66,1,2,0,851.77,51.58
918,1641,56,2,4,0,1041.5,66.77
919,914,89,0,0,2,1126.17,73.87
920,38,95,1,2,0,196.66,45.76
921,1716,484,1,0,2,188.21,55.53
922,1086,54,0,0,1,384.48,11.41
923,159,98,3,3,0,1579.32,45.38
924,460,387,0,0,0,322.86,66.48
925,1220,131,0,1,0,869.97,2.99
926,714,275,1,2,0,138.75,66.93
927,1445,183,0,2,1,288.32,83.62
928,1504,12,0,1,1,111.39,44.2
929,1326,645,0,4,0,128.12,35.49
930,82,129,0,2,1,101.44,20.91
931,50,338,2,0,0,254.05,23.48
932,1407,156,3,1,0,366.68,66.66
933,377,525,0,0,0,222.31,39.95
934,894,422,0,0,0,334.45,0.0
935,1020,131,1,1,0,1293.17,71.19
936,1571,644,0,3,0,328.92,73.06
937,456,167,1,2,0,1192.01,25.7
938,758,456,0,2,0,248.06,0.61
939,583,402,2,2,0,231.2,22.2
940,1677,493,0,2,0,228.0,18.32
941,1412,217,0,3,0,121.15,50.02
942,1148,507,0,0,0,132.72,67.71
943,430,5,0,0,1,503.45,31.21
944,1645,698,3,4,0,2828.72,46.24
945,1362,251,0,2,0,864.59,80.31
946,736,121,1,0,1,1396.95,25.22
947,823,499,2,4,0,1054.21,29.3
948,1595,21,0,3,0,1002.81,5.56
949,430,5,1,2,0,757.88,43.44
950,269,550,1,3,1,237.19,11.01
951,1622,352,0,1,1,87.85,29.41
952,520,713,1,0,0,481.36,54.61
953,111,302,0,1,0,164.67,52.03
954,1618,719,0,0,0,539.82,42.58
955,632,444,2,2,2,330.38,71.59
956,1057,617,1,3,0,802.67,16.63
957,180,270,0,0,2,129.4,28.16
958,1750,537,0,2,0,93.53,134.39
959,430,5,1,1,0,679.51,51.24
960,1413,284,1,0,2,205.39,8.0
961,1014,353,3,0,2,2770.2,22.82
962,920,667,0,0,0,108.48,35.65
963,1049,243,0,3,1,117.83,27.9
964,646,7,0,0,2,1055.54,41.73
965,1131,699,0,1,1,774.33,47.47
966,1633,248,0,3,1,140.67,66.85
967,1562,550,0,0,2,156.25,23.98
968,1518,410,0,1,1,102.1,77.88
969,510,655,0,4,0,1101.9,102.91
970,338,538,1,0,0,181.68,73.62
971,11,25,0,1,0,960.78,62.74
972,33,229,1,0,0,411.88,21.35
973,818,308,1,2,0,302.27,4.71
974,817,358,0,0,0,924.45,19.36
975,888,3,1,4,2,1082.12,26.27
976,1243,503,0,3,1,180.89,24.29
977,846,554,3,3,1,981.45,66.43
978,1486,485,2,1,0,1651.35,57.3
979,1421,114,1,0,1,874.05,25.8
980,231,393,0,1,0,64.97,47.1
981,1579,292,1,0,0,1316.66,61.53
982,198,489,0,3,0,163.77,59.41
983,1408,419,3,1,0,843.02,11.59
984,543,480,0,4,0,51.84,7.94
985,1313,364,2,2,2,617.86,42.92
986,493,504,1,0,0,1191.38,16.47
987,177,522,0,2,0,319.56,30.69
988,1241,368,0,0,1,158.19,81.48
989,547,350,1,1,0,447.66,16.76
990,693,552,1,0,2,175.22,48.45
991,995,589,3,0,0,357.67,33.95
992,957,648,2,1,0,1230.85,48.51
993,111,302,0,0,0,213.65,72.22
994,306,210,0,2,1,343.96,8.93
995,579,473,0,2,2,127.03,52.86
996,720,128,1,4,1,841.73,68.75
997,662,466,2,2,1,501.99,18.62
998,1392,462,3,0,0,294.64,60.5
999,798,269,0,3,1,640.05,15.89
1000,419,621,0,3,2,303.2,23.25
1001,684,404,1,3,1,921.58,8.82
1002,1506,655,1,2,0,1263.62,57.95
1003,1160,355,1,4,0,211.24,66.76
1004,408,498,0,0,0,108.16,15.33
1005,1056,244,0,0,0,108.91,70.52
1006,600,236,0,3,0,107.48,76.29
1007,1410,644,1,0,0,464.92,83.13
1008,287,384,0,2,0,125.07,1.42
1009,1624,335,1,3,1,878.9,54.03
1010,1592,331,1,0,0,106.37,24.58
1011,606,267,3,2,0,339.23,61.32
1012,809,616,3,0,1,390.81,60.36
1013,1283,88,3,0,1,289.23,81.48
1014,1310,110,1,0,0,403.44,20.71
1015,1048,469,0,0,1,330.87,36.22
1016,1532,75,1,1,2,500.7,38.55
1017,1140,534,0,1,0,276.75,30.14
1018,1771,103,1,0,0,362.23,38.13
1019,596,675,1,0,1,153.38,0.0
1020,1797,524,0,0,0,461.25,43.74
1021,902,630,0,0,0,565.48,45.27
1022,826,171,2,3,2,1352.57,17.73
1023,48,232,2,1,0,259.2,85.77
1024,1071,340,2,0,0,530.8,34.12
1025,547,350,0,0,1,388.35,11.03
1026,227,349,0,2,0,55.92,33.06
1027,1595,21,0,2,0,930.83,10.7
1028,1594,268,0,0,0,104.82,24.12
1029,1484,279,2,1,1,717.65,30.08
1030,1646,472,1,2,2,192.35,13.53
1031,865,450,1,1,1,858.48,50.03
1032,315,574,0,2,2,273.13,5.87
1033,558,662,1,3,0,441.49,20.64
1034,1284,552,0,2,2,131.73,26.78
1035,701,112,0,3,0,839.45,18.37
1036,660,550,2,0,0,278.08,43.34
1037,152,682,1,1,0,354.34,0.0
1038,795,672,1,2,2,397.88,66.02
1039,1107,607,1,0,0,897.65,26.59
1040,833,215,1,1,1,474.94,34.48
1041,1304,675,0,4,2,89.1,15.73
1042,1770,28,0,2,1,901.45,15.67
1043,183,257,0,0,0,59.55,15.67
1044,1031,282,1,2,0,658.18,71.15
1045,1425,179,0,2,1,970.49,32.43
1046,395,348,2,0,1,312.75,97.85
1047,468,125,0,3,0,246.23,53.06
1048,61,541,0,1,0,257.98,33.56
1049,662,466,2,3,0,531.93,30.96
1050,1634,299,1,2,1,412.66,17.97
1051,245,22,2,0,0,1845.11,26.57
1052,972,517,1,0,1,949.48,120.96
1053,1799,206,3,0,0,802.27,31.19
1054,1756,278,3,2,0,1705.91,14.34
1055,1405,277,3,2,0,734.63,17.59
1056,438,696,1,3,0,185.35,26.96
1057,1456,175,2,0,0,1888.56,66.55
1058,454,310,0,4,0,254.09,21.15
1059,1569,482,3,0,2,380.15,33.96
1060,208,118,2,0,2,728.87,91.19
1061,1084,9,2,2,0,169.15,40.08
1062,665,590,0,0,1,91.38,58.19
1063,533,704,1,1,2,963.52,25.24
1064,7,618,1,1,0,829.6,18.06
1065,1770,28,2,3,0,1813.8,22.39
1066,234,629,0,1,0,106.01,16.75
1067,5,331,0,2,0,130.75,40.28
1068,517,90,2,0,0,278.81,36.29
1069,661,394,2,4,0,233.62,34.71
1070,130,42,2,1,1,706.74,22.89
1071,1238,683,0,2,2,69.12,34.93
1072,915,627,0,3,0,248.94,78.15
1073,459,618,0,0,0,540.36,7.15
1074,378,25,0,1,0,974.53,133.63
1075,1212,343,2,1,0,2003.21,48.46
1076,1409,47,2,0,0,250.38,96.08
1077,289,565,0,0,0,602.05,24.26
1078,445,61,2,3,2,224.89,68.16
1079,1183,250,1,3,0,865.48,13.78
1080,739,521,1,3,0,428.88,10.45
1081,1540,275,0,2,0,124.16,86.96
1082,1517,567,3,3,0,796.59,52.54
1083,1508,353,0,4,0,805.93,54.68
1084,557,670,0,1,0,101.13,6.27
1085,561,46,1,4,1,980.84,56.88
1086,1664,506,0,1,1,126.81,48.98
1087,487,280,2,0,1,1179.31,21.6
1088,339,528,0,1,0,112.24,12.78
1089,1415,671,2,2,0,240.17,64.41
1090,1628,716,2,2,0,1228.63,94.2
1091,1038,167,1,2,0,1112.04,40.46
1092,1037,126,1,1,2,159.39,58.29
1093,1189,455,0,1,2,355.47,19.59
1094,1044,67,0,3,1,146.23,12.18
1095,869,668,0,1,0,510.45,0.0
1096,534,411,0,1,0,61.07,76.62
1097,1768,346,0,0,1,176.33,65.7
1098,134,292,0,0,0,783.66,33.71
1099,1500,25,0,4,2,1225.05,40.01
1100,1053,268,1,3,0,148.52,14.64
1101,1616,301,2,0,0,561.55,25.55
1102,750,93,0,1,0,464.31,26.25
1103,1350,149,1,2,1,331.87,17.0
1104,196,706,1,0,0,173.98,5.02
1105,1005,18,2,3,0,253.96,45.03
1106,1068,487,3,1,2,378.66,21.37
1107,1168,651,0,1,0,99.37,16.32
1108,754,167,3,0,0,2436.12,36.93
1109,1626,488,0,1,1,206.17,21.28
1110,66,647,0,0,0,510.25,79.59
1111,72,441,1,0,1,178.24,64.44
1112,473,66,0,3,1,667.12,17.56
1113,1101,267,0,3,2,141.56,16.03
1114,633,713,0,1,1,338.73,53.49
1115,756,397,0,3,0,167.4,88.94
1116,1799,206,2,3,1,643.41,83.64
1117,546,296,0,0,1,121.63,9.95
1118,909,588,0,0,0,560.11,58.15
1119,842,339,0,1,0,120.01,74.08
1120,406,639,0,0,0,898.65,76.78
1121,63,482,2,4,1,217.38,53.6
1122,611,601,1,3,0,236.14,52.46
1123,350,296,3,4,0,428.79,73.74
1124,201,698,1,1,0,1258.48,48.12
1125,1534,521,1,3,0,407.17,26.42
1126,570,327,0,1,0,309.87,59.32
1127,1480,428,1,2,0,412.17,76.71
1128,1272,238,0,3,1,137.38,13.51
1129,1681,517,2,0,2,1510.26,41.93
1130,843,234,1,0,2,1636.82,57.32
1131,932,493,1,0,1,339.96,11.55
1132,61,541,0,2,0,233.92,59.94
1133,258,366,0,2,1,1001.93,39.31
1134,1506,655,3,3,0,2762.86,170.16
1135,1782,682,1,0,0,316.53,0.0
1136,1680,680,1,4,1,212.73,56.76
1137,503,525,3,1,0,903.06,38.34
1138,377,525,2,2,0,554.31,140.03
1139,1777,129,0,3,1,133.12,26.64
1140,1032,372,0,2,1,111.24,37.74
1141,1716,484,1,2,0,175.44,33.41
1142,1095,48,1,0,0,157.38,20.68
1143,1764,501,2,2,0,475.17,14.37
1144,508,695,2,0,0,258.0,38.78
1145,752,571,1,1,1,1310.7,19.24
1146,1535,578,1,0,0,1383.93,0.0
1147,965,612,0,2,0,328.62,92.2
1148,251,705,1,3,1,510.54,112.13
1149,691,467,0,1,2,1088.85,35.46
1150,1480,428,0,4,0,296.39,51.07
1151,831,3,1,1,0,779.19,43.24
1152,475,173,0,2,0,143.32,21.37
1153,308,424,0,1,2,399.56,5.25
1154,1597,570,1,0,0,1197.86,61.94
1155,1440,524,0,4,0,593.01,28.02
1156,908,450,0,3,2,772.23,13.83
1157,1741,187,0,0,1,67.78,54.08
1158,231,393,3,0,1,240.72,13.16
1159,1492,120,1,2,1,743.04,53.29
1160,524,593,0,4,1,76.78,15.25
1161,1096,193,3,0,2,371.87,58.51
1162,972,517,2,0,0,1265.46,37.16
1163,332,12,0,0,0,45.67,31.56
1164,1659,139,1,0,0,186.56,26.45
1165,190,250,0,3,2,684.49,94.87
1166,792,482,1,3,1,181.53,22.21
1167,1312,702,0,0,2,994.92,62.9
1168,934,442,1,0,0,649.84,54.22
1169,870,385,2,0,1,629.79,51.57
1170,666,221,0,4,2,1384.3,8.69
1171,1433,282,0,4,1,687.06,55.54
1172,842,339,2,3,0,227.79,45.88
1173,1360,317,1,1,1,795.14,7.54
1174,10,379,0,0,1,301.62,8.1
1175,1596,257,0,2,2,169.79,68.91
1176,1630,143,2,2,0,1120.42,77.75
1177,950,45,2,0,0,264.11,16.72
1178,1731,468,0,0,1,528.4,49.96
1179,1285,566,0,1,0,129.26,133.66
1180,1649,342,1,1,1,180.15,22.0
1181,1384,321,3,1,0,2761.02,110.67
1182,318,77,3,4,1,965.22,43.2
1183,1698,278,2,0,2,1418.67,29.94
1184,1219,450,0,0,1,705.53,38.21
1185,1789,663,0,1,1,299.73,46.27
1186,627,532,2,2,1,621.24,23.11
1187,1567,286,0,1,1,571.48,0.0
1188,1441,92,2,3,0,1135.49,50.39
1189,1130,196,0,4,0,166.4,49.42
1190,1217,205,0,0,1,843.59,17.96
1191,119,183,0,0,1,302.08,20.51
1192,503,525,0,0,2,402.96,47.7
1193,658,420,2,0,0,989.68,59.41
1194,1287,541,1,1,1,435.3,18.55
1195,844,434,0,1,2,1265.43,21.5
1196,491,28,2,2,0,1704.64,61.54
1197,1462,102,3,2,2,392.0,69.28
1198,1635,181,0,0,2,204.32,3.04
1199,1716,484,0,2,0,150.15,1.97
1200,1149,283,0,3,1,368.4,4.41
1201,1680,680,1,1,1,153.54,50.94
1202,944,572,0,1,0,98.77,83.09
1203,296,456,0,2,0,257.33,60.28
1204,130,42,0,0,0,297.43,22.51
1205,741,39,1,1,1,124.9,44.18
1206,540,368,1,3,1,183.68,43.13
1207,522,530,0,2,0,104.89,1.57
1208,487,280,0,0,0,485.92,35.07
1209,1053,268,1,1,0,97.97,49.83
1210,78,573,1,3,0,483.41,28.57
1211,229,48,0,2,0,60.21,37.85
1212,525,472,0,1,0,58.34,5.31
1213,1017,118,1,2,0,366.26,67.11
1214,85,115,0,1,0,521.86,51.16
1215,1169,42,1,0,2,506.2,44.96
1216,308,424,0,0,1,339.36,42.96
1217,189,272,1,0,1,173.75,22.47
1218,995,589,2,0,1,189.95,68.16
1219,522,530,0,1,1,154.13,4.22
1220,1033,634,0,1,1,921.12,36.55
1221,837,35,0,0,0,96.42,0.0
1222,1639,651,2,2,1,228.31,49.14
1223,1315,46,2,3,2,1602.04,33.67
1224,1630,143,2,1,0,1164.2,17.55
1225,1744,174,0,2,0,93.81,1.63
1226,273,487,0,0,1,165.68,26.59
1227,1405,277,0,3,1,283.69,15.05
1228,1240,22,2,2,1,2160.57,39.15
1229,36,682,0,4,0,301.29,23.06
1230,304,233,0,3,0,117.56,18.69
1231,1040,418,0,1,0,819.46,31.39
1232,1123,713,3,1,0,929.11,95.05
1233,78,573,0,3,0,285.06,69.51
1234,1023,199,0,1,0,566.77,16.26
1235,1281,310,0,3,0,188.8,48.97
1236,707,622,2,2,1,260.69,21.44
1237,1601,440,0,0,0,411.04,119.84
1238,800,217,2,0,2,321.91,55.14
1239,121,168,0,4,2,1070.24,45.62
1240,227,349,0,0,0,120.81,27.7
1241,855,213,1,3,1,785.31,63.96
1242,92,169,1,2,0,100.87,29.49
1243,960,284,0,0,2,129.92,45.69
1244,91,305,2,1,2,305.0,22.92
1245,1375,365,0,1,0,385.63,53.75
1246,21,146,1,0,0,1194.88,80.14
1247,1514,720,0,1,0,120.93,24.98
1248,539,154,1,0,1,112.18,8.67
1249,1480,428,0,1,2,343.93,35.57
1250,1500,25,3,4,1,3263.43,18.75
1251,353,705,2,0,0,663.09,16.44
1252,352,687,1,0,1,409.77,30.57
1253,809,616,2,4,0,259.93,9.92
1254,1565,460,2,0,0,214.37,38.56
1255,513,317,0,0,0,440.93,54.9
1256,223,446,0,3,0,336.13,32.56
1257,805,605,2,2,0,1573.29,72.4
1258,1654,32,0,0,1,131.55,22.22
1259,92,169,0,3,1,95.64,5.26
1260,1083,555,1,3,0,443.64,44.89
1261,1643,330,2,0,0,1149.88,107.99
1262,1253,699,0,0,0,795.09,48.44
1263,1252,572,1,4,0,135.38,44.32
1264,1650,357,1,2,0,771.26,71.0
1265,444,162,0,1,0,902.01,46.5
1266,1110,503,1,2,1,233.61,43.64
1267,1377,87,0,0,1,137.66,113.15
1268,1416,384,3,1,1,466.92,13.14
1269,402,265,1,3,2,1436.35,24.42
1270,786,98,0,0,2,608.97,16.77
1271,356,442,2,0,2,1266.63,15.83
1272,28,247,1,3,0,172.01,59.38
1273,1263,33,2,1,0,255.44,52.46
1274,188,417,1,1,1,379.93,70.9
1275,1795,471,0,3,0,302.08,7.31
1276,1765,262,0,3,0,557.65,12.25
1277,847,232,0,3,1,153.71,58.41
1278,1636,173,0,0,0,207.51,29.78
1279,444,162,1,1,1,1357.16,65.03
1280,152,682,2,1,0,531.61,15.95
1281,1717,553,0,2,1,927.68,45.84
1282,66,647,1,3,1,837.57,54.81
1283,1716,484,0,1,0,55.94,11.62
1284,522,530,0,0,0,115.95,31.57
1285,394,271,2,3,0,292.91,42.58
1286,1733,387,0,2,1,323.44,7.96
1287,553,686,0,2,2,182.55,42.31
1288,1248,179,0,3,0,974.43,41.61
1289,267,332,0,0,0,131.93,76.62
1290,1423,103,0,0,0,271.8,49.45
1291,623,344,0,1,0,958.14,10.98
1292,628,208,2,0,0,1196.44,123.84
1293,115,401,1,0,1,127.72,55.98
1294,1327,701,0,0,0,790.97,17.45
1295,1467,429,1,1,0,700.8,60.97
1296,799,82,1,3,1,124.01,12.16
1297,1077,57,1,3,1,473.2,38.15
1298,617,386,1,0,0,455.95,49.58
1299,1759,573,3,1,2,1139.18,8.13
1300,550,665,0,3,1,361.6,39.65
1301,353,705,0,2,1,302.86,34.65
1302,1421,114,0,3,1,666.2,76.73
1303,1386,160,1,3,0,1270.07,12.58
1304,14,711,0,4,0,230.22,71.12
1305,299,322,0,1,0,270.49,63.32
1306,759,232,1,0,0,119.07,32.49
1307,1692,439,1,1,0,137.18,17.34
1308,1690,379,1,0,2,416.79,11.6
1309,28,247,3,1,2,344.9,25.22
1310,223,446,0,0,0,270.86,22.11
1311,635,161,1,3,0,150.81,34.69
1312,1621,234,0,1,1,990.6,48.97
1313,205,319,0,0,1,992.6,32.65
1314,616,634,1,0,0,1253.55,42.35
1315,659,228,1,0,1,141.46,32.18
1316,886,124,1,0,0,392.95,51.89
1317,1092,452,1,0,0,324.39,0.0
1318,1384,321,1,1,0,1333.85,36.31
1319,531,300,1,0,0,153.72,28.63
1320,1347,715,2,4,0,281.39,87.33
1321,566,604,0,1,0,302.0,72.83
1322,1291,629,0,3,1,126.64,20.54
1323,483,21,0,1,0,876.57,33.25
1324,993,101,2,1,1,226.38,23.96
1325,292,336,2,0,0,546.37,0.0
1326,358,259,0,1,2,276.76,49.17
1327,689,678,2,3,0,623.72,39.69
1328,1481,156,2,0,0,238.8,32.41
1329,553,686,0,2,1,159.83,18.68
1330,1348,451,0,0,0,493.26,7.39
1331,262,448,0,2,0,105.81,17.43
1332,135,84,0,3,0,143.77,48.9
1333,853,316,1,0,0,86.96,84.71
1334,645,661,2,2,1,1138.11,22.68
1335,1121,208,1,0,0,836.94,23.69
1336,428,554,1,1,1,490.92,13.48
1337,113,358,1,2,0,1234.36,33.48
1338,107,677,2,0,0,169.41,47.78
1339,1096,193,0,3,1,93.06,45.24
1340,6,285,0,0,1,284.8,19.11
1341,1658,468,1,1,0,705.75,17.97
1342,88,388,0,3,2,149.54,58.42
1343,848,668,3,3,1,1902.84,15.82
1344,179,377,0,3,0,120.08,21.46
1345,1487,100,1,0,0,145.82,62.9
1346,949,344,0,0,0,986.87,21.5
1347,1586,451,0,2,0,443.53,20.18
1348,1651,61,2,3,0,207.34,36.95
1349,1048,469,0,0,0,315.38,7.25
1350,774,110,1,2,0,373.01,16.35
1351,1452,237,3,0,0,317.57,126.66
1352,58,135,0,0,0,940.37,86.96
1353,782,652,0,1,0,242.97,53.76
1354,283,554,0,0,2,377.95,14.71
1355,820,697,0,2,1,102.41,90.94
1356,382,573,0,0,0,238.53,94.17
1357,1427,474,0,4,0,309.63,48.41
1358,791,555,0,1,0,326.41,15.61
1359,405,62,0,0,0,520.32,78.56
1360,717,297,2,0,1,277.63,42.45
1361,203,492,1,0,0,429.26,16.46
1362,720,128,3,0,0,1358.66,25.23
1363,417,192,0,1,1,169.93,7.76
1364,385,53,0,4,0,1027.03,49.75
1365,84,260,0,2,0,923.31,23.44
1366,1699,445,0,2,0,507.21,11.18
1367,428,554,1,3,0,476.08,32.77
1368,1476,447,0,2,0,83.88,13.43
1369,1198,694,0,1,2,156.78,61.52
1370,514,352,1,1,0,181.27,16.32
1371,1700,19,0,4,1,373.18,0.0
1372,278,113,0,0,0,243.71,62.09
1373,1455,512,0,0,0,436.66,4.02
1374,193,73,0,2,1,280.77,18.34
1375,1230,163,1,3,1,246.15,56.1
1376,122,390,0,0,0,266.75,42.83
1377,1724,52,2,2,1,501.73,24.35
1378,1322,61,1,1,1,173.59,42.94
1379,1104,206,2,3,0,576.63,68.5
1380,1455,512,2,3,1,1134.21,41.1
1381,1465,122,0,4,0,130.22,31.67
1382,139,669,1,4,1,835.81,36.67
1383,459,618,0,3,2,655.81,54.43
1384,1017,118,1,0,0,298.51,13.3
1385,750,93,0,1,0,428.72,21.02
1386,1170,504,0,1,0,811.58,67.75
1387,1157,242,0,0,1,92.99,26.64
1388,665,590,0,4,2,150.35,48.92
1389,1256,441,1,3,1,167.83,13.51
1390,368,123,0,3,0,346.54,19.12
1391,754,167,0,1,0,762.54,9.78
1392,1406,97,0,0,1,149.17,12.02
1393,175,234,1,2,0,1225.58,51.85
1394,71,91,0,1,0,919.43,29.9
1395,1673,468,0,4,0,497.37,103.93
1396,1563,486,0,0,1,93.15,96.14
1397,1780,66,2,2,0,1117.44,87.21
1398,617,386,3,4,0,915.75,59.67
1399,1161,416,0,0,1,124.79,65.25
1400,449,185,1,0,0,185.52,15.38
1401,1540,275,3,0,2,433.53,43.3
1402,484,436,0,3,1,316.13,87.54
1403,737,231,1,0,0,202.26,39.04
1404,659,228,0,0,0,35.0,35.84
1405,72,441,2,0,0,251.32,36.04
1406,606,267,0,0,2,133.84,14.62
1407,78,573,3,0,0,973.47,90.94
1408,1726,224,0,1,1,344.88,4.08
1409,1042,143,1,1,1,875.1,64.61
1410,821,91,1,0,1,1553.62,21.46
1411,715,626,1,0,0,798.97,43.01
1412,243,472,3,1,0,347.57,98.54
1413,613,126,0,0,2,41.42,24.14
1414,115,401,2,1,1,282.66,58.35
1415,995,589,0,4,0,118.33,35.81
1416,553,686,2,0,1,316.39,24.86
1417,628,208,1,0,0,800.94,54.06
1418,1006,115,1,2,0,726.16,16.19
1419,243,472,0,0,2,97.12,11.72
1420,1201,249,0,0,1,186.71,33.9
1421,932,493,0,1,0,252.19,25.8
1422,853,316,0,0,0,75.74,58.35
1423,964,248,1,0,0,180.8,24.93
1424,295,117,2,3,1,650.35,24.27
1425,1569,482,0,1,0,97.63,29.8
1426,486,222,0,2,0,872.65,68.36
1427,231,393,1,4,1,173.05,38.16
1428,148,199,0,0,1,576.69,39.5
1429,1313,364,2,1,2,628.4,0.0
1430,1045,463,1,0,0,376.07,58.05
1431,1166,281,1,1,2,1377.6,22.11
1432,647,302,2,2,0,450.73,48.95
1433,1563,486,2,1,0,213.58,35.51
1434,1117,323,3,1,2,1848.05,7.82
1435,15,650,1,0,0,439.85,12.7
1436,1782,682,2,3,0,589.01,34.76
1437,715,626,1,2,0,756.56,87.68
1438,1017,118,0,2,2,234.84,10.26
1439,731,431,2,3,1,243.63,24.59
1440,925,411,2,4,2,291.88,22.72
1441,688,395,3,0,0,331.05,82.75
1442,1713,713,0,1,0,329.88,6.51
1443,1380,81,2,1,0,316.34,52.56
1444,637,56,0,4,0,489.9,8.48
1445,1718,524,2,1,0,1065.18,85.02
1446,715,626,0,3,0,583.41,52.08
1447,327,31,2,0,1,232.28,9.29
1448,1035,385,1,1,0,384.8,99.33
1449,1509,288,3,1,1,406.4,52.61
1450,1365,520,0,1,2,1139.87,33.42
1451,86,268,0,0,1,80.83,27.2
1452,1559,303,1,0,0,328.97,10.69
1453,452,230,0,2,0,85.56,8.06
1454,343,666,2,1,0,1134.24,22.43
1455,1411,99,0,2,2,62.14,21.11
1456,945,629,0,0,1,97.7,0.65
1457,1311,221,0,3,0,1006.97,17.66
1458,35,625,1,4,0,701.82,22.01
1459,1347,715,3,0,0,317.51,83.57
1460,127,248,0,1,0,94.37,0.0
1461,236,384,0,2,0,136.26,33.51
1462,422,121,1,0,2,1547.98,47.85
1463,1328,295,1,2,0,488.1,26.18
1464,8,558,1,0,0,230.0,30.11
1465,706,180,0,1,1,145.74,30.06
1466,192,626,0,2,2,663.02,41.29
1467,944,572,1,3,0,192.83,4.99
1468,1074,482,3,1,0,224.06,83.85
1469,742,148,1,0,0,143.88,43.02
1470,1462,102,3,2,0,319.4,42.38
1471,318,77,2,2,0,558.93,30.6
1472,1051,539,2,2,0,434.75,19.69
1473,487,280,1,3,0,792.59,48.35
1474,1744,174,0,1,1,97.98,146.17
1475,1498,373,0,1,0,244.39,97.13
1476,475,173,3,2,0,411.7,25.32
1477,1036,532,0,3,0,369.86,27.4
1478,922,421,0,2,1,194.77,31.21
1479,123,103,0,2,1,266.57,89.5
1480,370,422,2,0,0,633.78,51.23
1481,1734,573,1,0,0,435.67,130.79
1482,288,162,0,3,1,1043.72,21.44
1483,666,221,1,0,0,1447.2,63.28
1484,1011,464,2,0,2,617.88,66.07
1485,464,589,1,0,0,175.87,14.52
1486,1206,38,2,1,0,312.22,73.6
1487,1709,361,0,4,0,152.38,23.89
1488,1506,655,0,3,1,1040.07,8.18
1489,1403,309,1,3,1,191.29,23.77
1490,1538,26,0,0,0,956.13,16.11
1491,581,561,1,3,2,395.7,34.14
1492,1096,193,0,4,0,94.05,48.83
1493,279,553,0,1,0,715.48,48.5
1494,156,481,0,4,0,48.02,8.78
1495,623,344,0,2,2,1206.0,202.35
1496,1066,200,2,3,0,1346.46,13.86
1497,6,285,0,3,0,317.09,42.44
1498,527,251,0,0,1,880.44,35.63
1499,1361,226,2,2,2,2194.26,20.71
1500,359,154,3,1,0,217.5,8.57
1501,383,387,0,3,1,370.91,38.3
1502,1013,571,2,2,0,1570.89,47.86
1503,1012,411,2,3,0,248.32,139.72
1504,747,637,0,0,0,94.61,58.79
1505,1458,55,1,2,1,153.58,15.0
1506,1348,451,1,4,1,845.69,116.43
1507,1171,220,1,2,2,708.0,4.83
1508,817,358,3,2,1,3032.77,69.43
1509,551,444,2,2,0,245.11,32.02
1510,1403,309,0,1,0,108.38,11.98
1511,808,443,0,0,0,223.21,64.74
1512,1124,552,0,1,0,116.58,19.71
1513,300,128,2,4,0,1180.35,66.26
1514,1404,558,0,2,1,149.72,32.03
1515,985,283,0,0,0,302.74,14.62
1516,1515,686,1,4,0,182.87,31.51
1517,148,199,0,1,0,548.18,9.81
1518,1387,186,1,0,0,172.52,33.3
1519,58,135,3,2,1,3155.34,20.75
1520,249,250,1,0,1,813.04,0.0
1521,683,581,0,1,0,279.95,40.17
1522,1441,92,0,0,1,517.25,15.2
1523,121,168,1,0,1,1252.87,6.1
1524,466,362,2,0,0,180.32,18.1
1525,162,142,2,0,0,2078.72,17.97
1526,568,213,1,0,2,851.81,120.56
1527,332,12,0,4,0,110.63,82.21
1528,1028,663,2,0,2,663.33,32.18
1529,1228,19,1,4,0,481.38,71.18
1530,1746,367,0,0,0,243.36,9.27
1531,1472,489,2,0,0,240.33,24.52
1532,1479,627,0,0,1,219.46,10.96
1533,1143,595,3,2,1,1904.55,94.03
1534,382,573,0,3,0,311.34,41.37
1535,448,60,1,3,0,719.01,47.21
1536,762,242,1,2,0,189.09,73.89
1537,929,419,1,0,0,388.54,7.08
1538,512,712,0,1,1,127.84,14.81
1539,792,482,0,2,1,73.89,35.15
1540,1511,153,0,3,0,590.92,75.42
1541,692,580,0,2,2,992.87,42.72
1542,832,156,0,2,0,83.63,63.07
1543,973,594,0,2,0,86.35,115.45
1544,113,358,0,0,1,904.16,0.34
1545,1401,440,0,0,1,453.1,28.99
1546,1103,5,0,0,1,501.82,28.78
1547,1649,342,0,1,1,175.03,27.29
1548,488,161,0,4,2,200.32,17.26
1549,1463,168,0,0,0,712.06,19.21
1550,347,373,0,2,2,360.62,19.51
1551,844,434,1,3,0,1455.47,6.36
1552,295,117,0,3,1,362.66,77.38
1553,1357,291,2,1,2,1491.11,45.25
1554,826,171,2,2,0,1045.39,47.59
1555,764,70,1,0,0,145.05,7.55
1556,385,53,0,3,2,1236.48,26.63
1557,403,63,1,0,1,127.04,6.54
1558,1388,224,0,1,0,272.86,8.06
1559,1554,228,1,0,1,193.61,38.06
1560,529,638,1,0,0,1434.54,31.07
1561,1126,361,0,2,0,127.18,99.17
1562,402,265,0,1,0,768.43,45.3
1563,1361,226,0,0,1,925.25,79.51
1564,673,269,0,0,1,538.39,12.58
1565,766,396,0,0,2,80.57,18.83
1566,21,146,1,2,1,1316.98,73.95
1567,820,697,2,2,2,224.48,16.93
1568,996,97,0,2,0,151.35,21.48
1569,415,203,0,0,0,266.61,18.24
1570,1344,464,1,0,2,406.97,5.17
1571,1528,101,0,2,0,87.23,37.85
1572,941,515,0,2,0,341.3,18.72
1573,601,272,1,0,0,153.06,20.75
1574,1642,425,0,0,1,66.79,27.87
1575,306,210,1,0,1,575.49,12.95
1576,1341,147,0,0,1,107.76,27.46
1577,412,375,0,0,0,67.99,3.68
1578,1707,546,1,1,0,157.2,38.33
1579,863,285,1,2,0,423.28,41.16
1580,495,674,3,3,2,2349.49,22.2
1581,709,612,1,2,1,448.92,34.47
1582,269,550,1,3,1,232.57,12.51
1583,1287,541,0,0,0,225.89,0.0
1584,692,580,1,0,0,1181.93,0.69
1585,1489,543,0,2,0,575.88,3.78
1586,1097,539,3,1,0,730.39,53.12
1587,418,400,1,1,0,149.28,13.79
1588,690,663,1,1,0,393.45,6.48
1589,1617,30,0,3,0,975.32,57.86
1590,359,154,0,4,0,119.05,41.93
1591,1647,447,3,3,0,243.29,20.23
1592,437,551,0,3,0,106.38,47.18
1593,1772,178,0,0,0,492.55,63.59
1594,786,98,1,3,0,750.1,64.57
1595,1713,713,2,0,0,695.0,37.04
1596,30,673,0,3,0,420.13,22.64
1597,15,650,2,2,1,636.14,17.88
1598,774,110,1,0,1,390.91,9.45
1599,946,296,1,3,1,269.76,56.73
1600,613,126,0,0,1,89.31,11.3
1601,499,133,0,0,0,372.12,0.0
1602,863,285,1,1,1,458.24,0.0
1603,1617,30,0,1,2,1141.39,26.93
1604,1738,695,0,0,1,112.73,3.46
1605,1668,620,0,4,0,92.71,34.0
1606,245,22,0,4,1,1094.08,99.93
1607,1274,701,0,0,0,849.19,42.92
1608,1143,595,0,0,0,561.51,2.02
1609,1575,156,2,4,1,287.01,50.27
1610,324,213,3,1,0,1506.87,66.01
1611,1295,399,2,0,1,1873.48,40.78
1612,731,431,3,0,1,381.0,29.13
1613,297,316,0,0,2,127.88,21.01
1614,286,536,0,2,2,335.32,27.81
1615,816,523,1,3,1,167.04,23.18
1616,71,91,2,1,1,2131.5,52.96
1617,1461,212,2,2,0,1975.49,36.16
1618,747,637,2,2,0,192.64,58.23
1619,749,559,0,0,1,303.54,41.92
1620,1687,382,0,2,0,466.95,54.46
1621,1798,508,1,1,0,193.28,31.43
1622,1779,219,0,0,1,157.58,35.92
1623,1200,29,0,0,0,231.12,1.38
1624,873,199,0,4,0,642.55,17.66
1625,528,607,1,1,1,1032.26,26.32
1626,1626,488,0,0,0,212.24,34.43
1627,1366,565,1,0,2,1102.69,19.23
1628,252,362,0,0,0,97.51,44.53
1629,1217,205,3,1,1,2600.45,47.28
1630,123,103,0,0,0,208.96,80.48
1631,591,439,1,0,0,177.54,14.14
1632,1013,571,0,2,1,800.49,41.13
1633,822,106,0,0,0,368.95,107.5
1634,1104,206,0,0,1,303.84,11.05
1635,1551,130,3,2,0,334.33,16.77
1636,1655,54,1,2,1,609.9,8.06
1637,715,626,3,3,2,2199.25,26.43
1638,853,316,1,0,0,151.27,8.36
1639,1381,136,0,1,0,233.1,8.66
1640,121,168,2,1,2,2059.87,40.96
1641,361,211,2,2,0,209.6,22.41
1642,1694,635,0,3,0,668.22,71.65
1643,1215,69,1,0,1,1406.27,67.61
1644,1628,716,1,0,1,923.46,45.02
1645,1701,322,3,2,1,904.17,126.7
1646,1559,303,0,4,2,314.09,6.98
1647,1237,438,3,0,0,2688.41,48.07
1648,29,605,0,3,0,926.59,10.73
1649,1064,51,0,1,2,393.53,14.0
1650,28,247,3,0,0,294.8,15.11
1651,1789,663,1,2,0,395.43,138.89
1652,49,77,0,2,1,290.67,14.39
1653,132,629,1,0,1,145.75,47.16
1654,348,587,1,0,0,153.03,35.3
1655,62,583,2,0,0,1169.24,46.83
1656,915,627,0,0,0,268.48,67.2
1657,1403,309,1,2,0,164.36,1.13
1658,65,475,1,4,0,387.46,19.64
1659,1095,48,0,0,0,126.97,49.82
1660,1396,50,0,2,1,98.78,21.01
1661,651,474,0,0,0,272.01,23.84
1662,1242,613,0,1,0,254.42,38.74
1663,134,292,2,3,0,1821.55,56.87
1664,1643,330,0,0,0,541.06,34.53
1665,1515,686,2,1,0,253.2,28.94
1666,1717,553,1,0,0,1271.86,64.26
1667,1153,265,3,0,1,2510.57,70.37
1668,1317,200,1,4,1,1055.73,9.14
1669,646,7,1,0,0,1199.29,7.66
1670,444,162,1,3,0,1350.95,41.05
1671,1072,175,3,2,0,2925.79,5.93
1672,1158,398,1,0,0,798.62,18.99
1673,776,23,0,0,2,716.1,16.48
1674,888,3,1,4,0,861.57,21.05
1675,123,103,2,0,0,427.87,64.74
1676,1068,487,0,0,0,89.25,28.97
1677,136,614,1,3,0,734.43,25.02
1678,1456,175,1,1,1,1413.85,35.4
1679,564,507,2,0,2,369.35,42.81
1680,1436,549,1,0,2,220.91,75.19
1681,1781,591,2,2,0,995.57,78.55
1682,1787,25,1,1,1,1519.11,81.13
1683,852,367,0,2,0,217.9,6.25
1684,89,416,1,1,0,175.11,21.52
1685,267,332,1,0,1,207.83,3.43
1686,547,350,3,3,0,969.11,61.42
1687,1587,57,3,2,2,901.39,24.05
1688,1648,233,0,0,1,162.1,7.76
1689,1643,330,3,3,0,1787.6,33.59
1690,1533,223,1,3,0,131.73,21.21
1691,1558,92,2,3,1,1329.73,36.96
1692,1349,521,1,2,0,396.31,6.9
1693,210,6,0,3,0,975.34,0.0
1694,219,460,0,1,2,60.99,78.34
1695,750,93,1,4,0,736.16,77.05
1696,1503,554,1,2,0,354.81,7.55
1697,1776,397,3,2,0,285.22,171.51
1698,337,426,2,1,1,244.73,39.78
1699,1386,160,1,2,0,1161.49,50.05
1700,1352,202,0,4,0,944.18,24.52
1701,1677,493,2,4,0,458.63,119.59
1702,1108,73,0,0,1,266.86,73.24
1703,1106,50,2,2,0,240.5,64.83
1704,36,682,1,2,0,360.21,88.42
1705,1003,184,1,1,1,839.14,25.16
1706,1570,508,0,3,1,145.14,79.73
1707,1401,440,0,3,0,389.86,28.29
1708,256,78,0,2,1,979.57,54.45
1709,1795,471,0,4,0,256.82,3.01
1710,786,98,1,0,0,746.2,64.7
1711,1294,132,1,0,0,469.72,28.05
1712,251,705,1,0,2,497.28,114.63
1713,1020,131,0,1,1,991.75,42.6
1714,51,10,1,1,0,71.59,51.26
1715,1039,359,1,4,0,518.89,32.91
1716,1070,432,2,4,0,1963.12,34.88
1717,701,112,1,1,2,1431.21,4.52
1718,1254,338,1,2,0,178.42,13.49
1719,1248,179,2,2,0,1893.73,65.21
1720,127,248,0,2,0,164.67,32.67
1721,148,199,0,2,0,559.97,22.04
1722,953,409,1,3,1,492.15,6.46
1723,51,10,1,4,0,144.89,4.53
1724,608,448,0,0,2,96.92,1.15
1725,859,50,0,0,1,49.01,0.47
1726,57,118,1,1,0,353.97,32.81
1727,59,617,3,1,0,1637.09,80.58
1728,330,91,1,2,0,1299.39,22.27
1729,1498,373,1,2,0,405.0,20.73
1730,234,629,2,0,0,195.06,36.83
1731,323,606,0,3,0,714.76,13.94
1732,1673,468,1,4,1,908.09,92.32
1733,277,265,1,0,0,1108.39,121.22
1734,1710,48,1,2,1,149.27,37.54
1735,377,525,0,2,1,301.8,27.86
1736,1002,708,2,3,0,190.4,8.11
1737,292,336,1,0,0,371.65,27.48
1738,204,688,0,1,1,158.78,26.96
1739,1197,516,0,3,0,896.29,41.97
1740,743,211,1,3,1,123.83,26.21
1741,994,407,0,0,0,631.84,10.2
1742,1370,7,2,0,0,1783.49,37.31
1743,280,559,0,3,1,348.17,16.75
1744,218,507,0,0,0,175.14,17.18
1745,743,211,0,0,0,95.81,84.03
1746,131,206,1,1,0,438.51,99.76
1747,1038,167,1,1,2,1352.63,22.71
1748,49,77,1,0,1,399.7,37.27
1749,956,567,2,1,0,486.62,76.99
1750,1632,354,1,4,1,465.09,40.69
1751,1469,344,3,0,2,3407.62,47.28
1752,1098,658,1,4,2,482.59,23.55
1753,547,350,1,0,1,444.21,46.88
1754,559,259,0,1,1,285.12,75.68
1755,417,192,0,1,0,145.36,62.55
1756,474,540,1,4,1,199.26,39.3
1757,681,432,0,0,1,911.29,108.66
1758,1560,8,1,0,1,150.1,15.08
1759,1100,107,1,2,0,121.89,29.32
1760,1093,84,0,2,0,48.53,0.0
1761,1499,605,3,2,0,2280.87,19.03
1762,1406,97,1,0,0,210.01,27.37
1763,979,210,0,0,2,441.22,40.79
1764,1387,186,0,1,0,95.32,83.26
1765,543,480,1,4,1,184.27,45.82
1766,700,248,1,2,0,101.96,68.11
1767,718,110,2,1,2,629.99,49.46
1768,290,346,2,1,0,236.77,14.53
1769,249,250,0,3,0,596.86,60.19
1770,1209,363,0,2,0,523.08,29.37
1771,581,561,1,1,0,389.34,26.33
1772,1149,283,1,4,2,675.16,49.02
1773,1744,174,2,1,0,244.16,110.08
1774,1066,200,2,1,2,1505.75,14.83
1775,381,696,1,1,2,189.41,22.34
1776,18,608,1,4,0,206.46,45.33
1777,439,274,1,0,0,347.67,14.59
1778,190,250,1,0,0,713.65,39.35
1779,834,197,0,4,0,79.0,26.53
1780,334,613,0,0,0,217.98,23.65
1781,379,563,0,3,1,144.78,11.58
1782,1335,272,0,0,0,146.83,48.04
1783,681,432,1,0,1,1318.96,43.83
1784,1309,652,1,3,0,324.74,47.94
1785,976,218,0,1,0,495.1,28.31
1786,1719,99,2,1,2,305.23,25.85
1787,926,599,0,3,0,1047.32,18.33
1788,1164,684,0,1,2,136.95,23.44
1789,1749,367,1,4,1,396.55,84.31
1790,1765,262,0,3,0,573.47,39.26
1791,1763,558,0,1,1,171.67,10.31
1792,158,7,2,1,0,1806.9,67.43
1793,292,336,2,1,2,645.5,42.02
1794,1074,482,2,1,1,247.54,36.24
1795,1710,48,1,2,0,80.15,53.39
1796,323,606,1,1,0,975.23,72.44
1797,1799,206,0,1,1,293.88,32.28
1798,495,674,3,3,1,2140.81,25.42
1799,1570,508,0,0,0,164.43,10.89
1800,594,579,0,1,0,112.41,7.91
1801,1481,156,1,1,1,153.46,36.7
1802,758,456,0,3,0,283.9,0.0
1803,95,392,1,4,0,194.41,56.84
1804,336,626,0,2,2,685.18,14.82
1805,337,426,2,0,2,333.28,24.07
1806,954,468,0,0,1,580.13,26.49
1807,17,607,2,0,0,1315.31,78.37
1808,1548,52,0,3,1,284.82,72.42
1809,620,501,0,0,0,224.58,16.2
1810,1207,550,3,2,0,439.12,35.73
1811,1232,691,1,1,0,310.0,64.03
1812,1238,683,1,3,2,170.76,29.56
1813,558,662,1,2,1,412.13,30.92
1814,783,448,2,3,0,238.88,30.95
1815,783,448,0,2,0,60.11,33.62
1816,1195,147,0,0,1,194.98,26.65
1817,1365,520,1,1,0,1378.03,59.16
1818,511,132,0,0,0,315.91,14.61
1819,909,588,0,0,0,601.52,2.06
1820,342,618,0,3,1,692.46,16.16
1821,535,172,2,0,1,285.96,28.18
1822,1691,65,2,0,0,1050.83,57.68
1823,968,707,1,0,0,170.82,34.23
1824,1308,387,1,0,1,434.49,39.17
1825,1478,38,0,1,0,150.49,25.43
1826,685,97,0,1,0,156.45,58.11
1827,189,272,1,4,0,150.47,51.96
1828,426,208,0,0,0,575.15,65.16
1829,921,410,0,3,0,75.01,56.1
1830,1152,345,1,2,0,413.42,72.26
1831,693,552,2,2,1,264.15,46.73
1832,73,319,0,0,0,891.39,19.37
1833,974,457,0,2,0,191.02,29.42
1834,681,432,1,2,2,1480.84,65.07
1835,1446,98,0,0,2,492.95,47.18
1836,1254,338,0,1,0,92.17,17.17
1837,1013,571,2,0,1,1760.93,68.07
1838,57,118,0,0,2,239.6,24.18
1839,347,373,1,0,0,468.52,34.13
1840,1062,641,1,0,0,146.12,52.15
1841,1171,220,1,0,2,744.87,35.3
1842,1148,507,0,0,0,71.84,52.18
1843,1729,478,2,4,1,251.42,47.02
1844,205,319,0,1,1,1002.3,8.72
1845,717,297,2,0,0,279.49,13.53
1846,1240,22,0,3,0,972.1,13.44
1847,1034,344,0,3,0,1034.5,26.51
1848,972,517,0,3,0,599.07,15.94
1849,164,290,0,3,0,256.03,3.57
1850,1329,302,2,0,1,547.34,39.22
1851,785,178,1,0,0,744.72,24.78
1852,1763,558,0,0,0,188.39,8.12
1853,1707,546,2,0,0,253.8,40.31
1854,1314,260,0,0,1,895.08,16.73
1855,73,319,3,4,0,2921.07,45.11
1856,144,617,1,3,0,873.42,45.83
1857,539,154,2,2,1,213.84,22.58
1858,343,666,2,2,1,1218.64,39.45
1859,1239,97,0,1,0,103.16,47.78
1860,480,118,0,1,0,291.78,32.41
1861,679,224,3,1,0,831.77,23.37
1862,9,231,3,0,1,378.73,100.7
1863,1087,394,1,0,1,157.9,72.24
1864,1362,251,1,1,0,1309.31,24.93
1865,563,104,0,4,0,255.5,36.39
1866,893,448,2,3,1,196.0,51.41
1867,337,426,0,2,2,118.38,48.26
1868,1701,322,1,0,0,370.49,17.79
1869,89,416,0,2,1,89.82,23.11
1870,576,708,3,3,0,310.13,57.73
1871,1769,393,3,3,1,318.51,12.67
1872,448,60,0,1,0,524.5,2.09
1873,1339,607,1,3,0,890.17,19.41
1874,1502,136,0,2,0,246.13,42.97
1875,863,285,3,0,1,949.01,26.79
1876,876,634,0,2,2,1065.25,0.42
1877,372,278,0,1,1,640.14,149.17
1878,1725,24,0,2,1,296.0,54.22
1879,1280,621,2,2,1,625.87,71.64
1880,1035,385,1,0,1,392.53,58.39
1881,409,213,0,1,0,477.76,7.72
1882,595,293,0,1,1,91.18,53.74
1883,1538,26,0,0,1,1002.74,57.47
1884,1642,425,2,4,0,243.78,70.28
1885,1610,274,0,1,1,260.7,22.52
1886,431,201,2,0,2,2323.35,22.98
1887,1681,517,1,0,1,944.36,43.28
1888,531,300,0,1,0,128.97,71.9
1889,1222,324,1,3,0,177.54,76.21
1890,1202,445,0,2,0,610.07,10.39
1891,1474,513,0,2,2,260.6,55.73
1892,379,563,0,3,1,148.26,23.35
1893,163,138,1,1,1,1496.79,11.7
1894,528,607,0,2,1,755.82,90.18
1895,555,594,2,3,0,233.81,36.0
1896,1705,617,0,1,0,510.6,49.18
1897,779,377,1,1,2,147.6,65.4
1898,1043,312,1,0,0,608.26,78.25
1899,1173,115,1,4,2,1055.24,74.46
1900,1054,518,0,0,0,68.3,54.75
1901,1361,226,1,4,0,1334.34,9.88
1902,1283,88,0,0,0,96.25,24.52
1903,1737,366,0,0,0,873.56,15.9
1904,1610,274,0,4,1,267.62,68.06
1905,26,16,0,2,2,322.55,37.66
1906,1320,453,0,0,1,620.61,5.7
1907,294,549,2,0,0,240.82,71.2
1908,1226,639,0,0,0,780.11,0.0
1909,147,417,0,4,0,273.76,0.0
1910,1329,302,0,0,0,207.87,18.57
1911,100,214,0,1,0,249.75,28.54
1912,896,466,1,3,0,333.79,22.6
1913,1488,160,1,1,0,1289.39,56.59
1914,1414,490,0,2,0,789.98,89.95
1915,69,93,1,2,1,814.57,43.81
1916,360,587,0,3,1,166.3,28.58
1917,1179,316,0,0,2,112.18,30.73
1918,1019,671,3,3,0,346.88,37.33
1919,431,201,2,3,0,1969.2,36.24
1920,1035,385,1,0,1,416.3,13.79
1921,1545,190,0,1,2,327.82,83.59
1922,934,442,0,3,1,527.41,4.42
1923,582,250,0,3,1,648.67,9.49
1924,517,90,2,4,0,330.39,16.9
1925,481,396,2,3,2,344.75,23.52
1926,497,515,1,0,1,457.38,11.52
1927,1424,580,0,0,0,739.75,18.81
1928,1536,414,0,1,0,252.81,32.41
1929,1254,338,0,3,0,210.2,9.32
1930,511,132,2,1,0,554.64,38.7
1931,852,367,1,2,2,379.01,31.86
1932,1153,265,0,2,1,837.52,107.73
1933,315,574,0,2,1,212.45,38.35
1934,1463,168,1,0,0,1135.04,1.23
1935,380,450,1,1,0,736.79,25.0
1936,1800,224,0,0,1,317.44,6.85
1937,232,138,2,2,0,1832.35,49.43
1938,1628,716,0,0,0,571.08,25.37
1939,545,533,2,0,1,1384.41,100.59
1940,163,138,2,1,2,2434.41,67.53
1941,630,558,1,3,0,188.43,167.34
1942,1363,199,3,0,0,1743.66,19.82
1943,1425,179,3,0,1,2915.81,35.71
1944,322,113,0,0,1,223.65,21.11
1945,1645,698,0,3,0,886.88,22.6
1946,947,283,0,2,0,276.14,10.09
1947,214,258,0,4,0,165.09,8.3
1948,828,274,0,3,1,269.46,84.14
1949,241,680,1,0,2,181.4,11.6
1950,83,109,0,4,0,1105.07,32.66
1951,200,494,0,1,1,94.26,79.3
1952,427,385,0,2,1,300.46,45.41
1953,78,573,2,3,1,783.41,56.08
1954,229,48,0,3,1,93.46,42.35
1955,94,202,1,2,1,1314.47,47.41
1956,1150,183,2,2,1,567.03,47.56
1957,43,529,0,2,2,143.96,11.79
1958,1406,97,0,2,0,181.87,239.9
1959,1446,98,0,3,0,431.82,137.58
1960,1602,387,0,0,1,328.74,13.39
1961,1234,551,2,0,0,238.03,45.64
1962,524,593,0,0,2,88.41,21.62
1963,150,577,3,1,0,940.57,30.53
1964,8,558,0,4,1,191.03,44.97
1965,43,529,0,0,0,67.99,6.76
1966,1441,92,0,3,0,588.22,79.69
1967,1027,485,1,2,1,1193.63,10.99
1968,716,181,0,4,0,145.07,108.17
1969,984,60,2,0,0,930.56,35.51
1970,1654,32,1,0,1,174.18,51.14
1971,538,638,1,0,1,1378.3,30.14
1972,377,525,0,0,1,277.01,102.26
1973,58,135,1,2,0,1388.04,10.31
1974,904,693,0,1,1,214.88,63.52
1975,1095,48,0,3,0,61.28,62.63
1976,90,708,2,0,0,244.68,63.37
1977,1662,36,0,0,0,583.63,17.35
1978,1652,271,1,0,1,178.2,40.89
1979,671,552,1,0,0,105.84,66.72
1980,482,291,2,0,0,1266.74,23.04
1981,1095,48,0,0,1,117.1,35.76
1982,432,596,1,3,0,656.68,6.62
1983,1084,9,1,0,2,126.16,57.19
1984,1026,663,0,0,1,304.28,5.29
1985,573,180,0,0,0,145.42,41.2
1986,1336,570,0,3,2,1096.85,43.1
1987,1671,650,1,4,1,475.84,36.32
1988,1138,141,0,1,0,127.55,24.69
1989,276,216,2,3,0,574.06,48.9
1990,1071,340,0,2,0,220.5,17.86
1991,903,66,0,2,0,602.27,10.21
1992,436,639,0,2,1,951.07,63.97
1993,1096,193,2,2,0,273.19,64.1
1994,44,24,1,3,0,470.26,41.02
1995,348,587,0,0,0,165.17,59.65
1996,246,65,0,3,0,558.94,20.24
1997,1232,691,1,2,1,316.18,32.23
1998,216,100,2,4,1,355.34,28.67
1999,122,390,0,1,0,279.67,102.04
2000,249,250,2,1,0,1073.72,72.59
2001,653,426,1,0,0,178.2,8.32
2002,101,375,0,0,0,100.73,14.41
2003,1402,144,2,1,1,177.13,56.05
2004,1208,660,2,3,1,662.91,68.4
2005,270,698,1,0,1,1381.16,24.26
2006,517,90,0,0,0,128.17,42.75
2007,558,662,0,4,0,357.44,18.21
2008,334,613,0,4,0,207.74,23.49
2009,1289,187,2,0,2,212.68,26.76
2010,1207,550,0,0,1,135.57,22.54
2011,450,459,1,2,0,185.95,23.2
2012,928,332,1,2,1,167.51,9.18
2013,651,474,1,1,0,378.84,28.71
2014,1212,343,1,2,1,1512.42,19.55
2015,1274,701,1,0,0,1204.38,13.01
2016,1445,183,0,1,2,341.27,61.87
2017,1548,52,0,0,1,284.73,54.45
2018,1508,353,0,2,1,817.42,5.84
2019,580,266,0,2,0,129.24,9.69
2020,1419,569,0,1,2,223.57,9.59
2021,700,248,0,3,0,92.7,5.11
2022,1359,49,0,1,0,258.19,30.67
2023,1692,439,3,2,1,427.31,88.6
2024,1456,175,3,0,2,3333.34,47.75
2025,947,283,1,1,0,424.59,68.62
2026,1212,343,0,1,0,977.59,41.44
2027,1771,103,0,1,0,221.73,50.03
2028,642,379,0,3,0,225.34,40.33
2029,808,443,2,0,2,613.01,78.49
2030,1570,508,1,2,0,131.53,28.59
2031,1729,478,1,0,0,126.45,63.67
2032,461,717,2,0,0,599.13,143.13
2033,863,285,0,2,1,394.07,41.02
2034,280,559,2,0,0,569.12,75.52
2035,1568,660,0,4,2,332.71,58.29
2036,1680,680,0,0,0,152.21,6.74
2037,1036,532,1,2,1,464.92,31.48
2038,1282,686,0,0,0,106.92,34.43
2039,321,400,2,1,0,243.83,13.11
2040,1387,186,0,3,1,116.98,39.71
2041,1328,295,1,0,1,471.35,52.74
2042,1578,253,1,1,2,651.02,30.5
2043,1130,196,3,2,0,371.55,99.14
2044,312,352,2,0,0,191.9,15.22
2045,805,605,3,0,0,2303.14,69.14
2046,544,4,0,0,1,143.97,20.38
2047,234,629,1,0,0,123.41,5.8
2048,355,614,2,0,1,1146.03,41.16
2049,727,204,0,1,0,336.13,27.91
2050,1024,601,0,2,2,119.11,15.32
2051,1317,200,1,0,1,954.35,8.24
2052,316,145,0,0,0,306.49,58.53
2053,204,688,0,0,0,83.44,26.07
2054,1775,440,0,3,1,493.42,8.04
2055,1777,129,2,2,2,171.61,21.78
2056,816,523,0,2,0,126.04,50.41
2057,1069,225,1,0,1,1205.94,101.01
2058,1655,54,1,1,0,569.67,24.86
2059,1629,589,1,0,2,137.23,17.99
2060,1068,487,1,0,0,137.15,19.09
2061,463,583,0,0,1,628.58,20.34
2062,441,354,0,0,0,190.35,92.78
2063,1493,118,1,0,2,428.23,52.55
2064,1535,578,0,0,1,1010.8,44.76
2065,671,552,1,3,1,151.45,35.87
2066,850,515,1,0,0,428.04,25.85
2067,1280,621,1,0,2,422.34,15.02
2068,305,256,1,3,0,151.49,65.91
2069,138,18,0,1,0,137.41,28.18
2070,278,113,1,0,2,467.48,126.8
2071,1022,189,1,0,0,596.68,27.97
2072,1307,97,2,1,1,286.6,29.2
2073,1268,607,0,0,1,638.78,10.2
2074,688,395,0,0,2,182.12,52.55
2075,1113,22,0,0,2,1315.5,21.64
2076,7,618,0,0,0,571.47,15.52
2077,1676,492,1,0,2,471.91,8.44
2078,1713,713,3,0,0,921.28,36.99
2079,7,618,0,0,1,637.05,149.07
2080,1095,48,0,1,0,56.49,41.33
2081,1655,54,1,0,1,554.9,24.86
2082,425,227,0,4,0,99.25,31.47
2083,1422,217,0,0,1,197.7,14.5
2084,988,663,2,3,0,615.98,98.91
2085,988,663,3,0,0,849.31,34.78
2086,601,272,1,3,0,137.87,25.88
2087,1265,67,3,0,0,362.18,54.71
2088,17,607,0,0,0,613.49,51.16
2089,946,296,0,0,2,211.15,42.25
2090,724,322,3,0,1,913.41,103.08
2091,492,106,0,4,1,388.32,68.98
2092,1281,310,3,1,1,757.92,39.51
2093,1014,353,0,1,1,866.81,64.95
2094,674,639,2,0,0,1869.51,20.5
2095,394,271,1,0,0,185.9,69.44
2096,600,236,0,0,2,139.48,17.41
2097,1307,97,2,0,0,205.76,50.21
2098,1449,379,1,4,1,368.73,75.58
2099,992,528,0,0,0,151.61,92.48
2100,1412,217,0,0,0,114.36,16.72
2101,1456,175,2,0,0,1908.46,53.11
2102,174,696,2,4,1,255.76,74.35
2103,1122,337,0,1,1,144.94,10.08
2104,926,599,2,4,1,2473.31,13.72
2105,1355,570,1,4,1,1340.66,4.79
2106,788,195,0,0,1,145.86,34.2
2107,779,377,1,3,1,120.16,69.77
2108,171,192,0,4,0,193.0,0.0
2109,192,626,1,3,0,840.52,21.34
2110,306,210,0,1,1,338.78,59.57
2111,1439,538,0,0,0,168.43,4.66
2112,522,530,0,4,2,156.77,28.27
2113,1668,620,3,0,0,270.34,11.26
2114,1448,77,1,3,1,375.6,30.6
2115,1631,594,3,4,0,330.88,28.17
2116,493,504,2,0,2,2186.74,71.7
2117,1747,484,1,0,1,160.08,10.97
2118,1169,42,1,3,1,466.81,36.62
2119,593,548,2,0,1,1217.33,37.54
2120,41,587,0,1,2,146.11,55.41
2121,1426,369,2,3,1,252.41,64.2
2122,205,319,0,4,1,1185.85,22.42
2123,504,186,2,0,1,180.42,91.44
2124,1416,384,1,4,0,263.27,46.56
2125,877,200,0,0,0,626.63,46.06
2126,519,63,2,0,2,350.44,20.17
2127,780,475,1,0,0,412.97,1.71
2128,586,534,0,3,0,324.63,9.82
2129,473,66,0,0,0,559.27,13.29
2130,894,422,1,1,0,448.16,0.0
2131,1347,715,2,1,0,234.79,23.57
2132,1248,179,0,0,2,1108.66,22.44
2133,1566,70,0,0,0,74.26,18.99
2134,771,239,0,2,1,141.03,76.31
2135,726,589,0,0,0,116.35,37.27
2136,667,467,1,0,0,1423.34,20.52
2137,793,147,1,0,0,163.34,29.22
2138,1374,432,1,0,0,1203.34,37.53
2139,235,180,0,1,1,134.24,8.56
2140,569,54,0,1,2,388.55,3.33
2141,1622,352,0,3,1,111.54,50.2
2142,255,26,1,3,0,1424.85,73.49
2143,1787,25,0,1,1,1029.2,27.04
2144,416,640,0,1,1,883.29,17.8
2145,750,93,0,3,0,512.04,75.94
2146,1005,18,0,3,0,124.7,17.91
2147,1586,451,2,4,0,1059.49,26.85
2148,1524,442,0,0,1,551.13,26.01
2149,860,115,0,0,0,493.37,56.1
2150,327,31,0,1,0,107.74,32.05
2151,289,565,1,0,0,903.49,30.39
2152,634,414,1,0,2,571.26,14.59
2153,458,597,0,1,1,669.97,0.0
2154,1703,399,3,2,0,2581.62,34.65
2155,1368,240,3,2,0,1402.41,102.86
2156,1103,5,3,4,0,1638.59,48.35
2157,335,39,2,1,0,285.91,33.12
2158,1152,345,0,1,1,315.99,18.68
2159,447,381,0,0,1,112.5,19.58
2160,1368,240,2,3,0,1026.38,40.61
2161,505,138,1,3,1,1369.51,26.92
2162,505,138,1,3,0,1260.24,3.96
2163,1314,260,3,0,1,2838.5,64.19
2164,824,374,1,2,1,433.91,30.65
2165,1205,609,1,1,0,379.3,10.93
2166,486,222,2,2,1,2037.8,20.17
2167,238,256,0,2,0,113.72,13.64
2168,880,462,3,0,1,318.57,65.49
2169,906,335,2,4,1,1269.75,21.46
2170,1509,288,1,4,1,136.05,39.0
2171,1068,487,3,2,0,266.84,22.17
2172,1099,592,3,4,2,3611.74,20.9
2173,399,184,0,0,0,471.5,18.34
2174,1212,343,1,1,0,1355.91,11.35
2175,689,678,0,3,0,319.14,44.57
2176,1082,696,2,0,0,193.33,83.87
2177,1689,548,1,0,0,782.88,34.58
2178,1549,330,3,0,1,2040.01,29.33
2179,1765,262,0,1,0,519.15,32.33
2180,146,399,0,0,1,973.0,52.26
2181,1595,21,0,4,0,1082.75,8.43
2182,1480,428,0,3,2,372.61,16.56
2183,1163,47,0,0,1,139.14,60.77
2184,1466,588,3,0,1,1656.67,19.53
2185,1702,515,2,0,0,630.59,32.32
2186,1568,660,1,2,1,425.61,45.24
2187,1218,206,3,3,2,1114.8,43.66
2188,647,302,0,0,0,271.42,0.83
2189,409,213,0,0,1,563.63,6.32
2190,778,384,1,2,1,182.67,26.87
2191,1457,301,1,0,0,443.9,6.22
2192,704,654,2,2,0,164.94,47.57
2193,1301,552,0,0,0,85.47,32.95
2194,153,270,0,0,2,166.78,102.66
2195,300,128,0,4,2,721.08,19.34
2196,786,98,0,2,1,562.8,31.66
2197,1131,699,0,4,0,828.07,19.12
2198,724,322,2,1,2,754.03,37.65
2199,1041,341,2,3,2,709.22,67.19
2200,713,625,1,3,1,685.74,26.69
2201,534,411,0,1,0,105.58,70.08
2202,163,138,1,0,0,1365.62,67.23
2203,1100,107,0,3,0,109.68,55.43
2204,467,55,0,1,0,154.3,25.26
2205,1469,344,2,0,0,1882.46,30.21
2206,45,373,1,1,1,391.77,22.94
2207,1381,136,0,1,0,241.24,67.4
2208,1572,78,2,2,0,2081.74,25.32
2209,1767,626,2,2,1,1237.11,24.86
2210,1368,240,0,2,0,428.01,19.5
2211,698,30,1,2,0,1331.01,4.79
2212,765,249,0,0,0,114.24,12.31
2213,780,475,0,0,1,251.67,18.18
2214,1061,527,2,3,1,630.61,59.52
2215,194,430,0,0,2,352.59,35.25
2216,1497,597,0,4,0,685.95,33.02
2217,1779,219,3,1,1,389.03,49.05
2218,877,200,0,0,0,694.05,28.12
2219,1748,210,2,2,1,778.82,74.0
2220,783,448,0,0,1,104.28,6.24
2221,691,467,3,0,0,2726.77,59.23
2222,254,456,1,0,1,419.12,59.46
2223,869,668,0,0,1,564.11,33.91
2224,286,536,0,1,0,276.36,66.29
2225,988,663,0,1,1,295.57,22.86
2226,1025,685,0,3,1,106.33,88.02
2227,297,316,1,3,1,159.21,169.79
2228,363,39,1,2,1,185.28,19.23
2229,1655,54,1,2,0,550.03,37.38
2230,1113,22,2,0,0,2089.82,42.96
2231,863,285,0,0,0,239.19,25.96
2232,767,183,0,2,0,255.89,84.4
2233,1402,144,0,0,2,105.56,70.23
2234,397,195,1,1,1,187.49,10.38
2235,832,156,0,0,0,66.99,44.53
2236,728,543,0,1,2,728.67,57.88
2237,1796,240,0,0,0,492.91,63.4
2238,438,696,0,3,0,132.16,2.02
2239,44,24,1,3,1,468.36,136.3
2240,140,168,0,3,2,968.92,35.3
2241,691,467,0,0,2,1075.63,50.69
2242,100,214,1,1,0,357.56,55.34
2243,1175,531,1,0,0,186.07,22.69
2244,45,373,1,4,1,491.06,40.66
2245,174,696,0,0,0,145.35,13.24
2246,112,3,0,0,0,521.68,66.79
2247,297,316,1,0,2,171.72,40.79
2248,967,181,1,3,2,181.18,2.41
2249,1173,115,0,3,0,524.35,7.98
2250,1375,365,0,0,2,467.87,61.7
2251,229,48,1,4,0,175.16,0.0
2252,1023,199,0,1,2,746.18,34.42
2253,1712,209,0,2,0,94.83,46.36
2254,1751,27,2,0,0,380.24,43.9
2255,781,49,3,2,1,861.95,48.39
2256,1340,543,0,3,0,662.89,19.21
2257,73,319,1,0,0,1257.49,44.18
2258,1683,99,0,0,0,114.62,32.46
2259,959,152,0,3,1,122.54,49.52
2260,968,707,0,0,2,177.23,69.42
2261,791,555,0,0,1,355.08,12.13
2262,780,475,0,0,0,228.68,15.55
2263,1250,683,1,0,1,185.95,10.49
2264,702,238,0,1,2,132.07,42.56
2265,1641,56,0,0,1,430.45,25.55
2266,188,417,0,3,0,247.71,20.09
2267,1115,12,0,3,0,153.17,60.06
2268,480,118,0,2,1,246.56,5.75
2269,779,377,0,0,1,120.47,15.7
2270,1042,143,0,1,1,631.09,12.82
2271,1308,387,1,3,0,408.09,16.0
2272,1344,464,1,1,0,331.54,15.6
2273,1653,609,2,2,2,727.1,30.45
2274,1746,367,0,2,1,307.14,48.47
2275,1365,520,1,1,0,1363.44,28.41
2276,857,275,1,0,0,181.65,14.98
2277,807,648,0,0,0,557.43,29.18
2278,1590,510,1,1,0,164.61,71.36
2279,1637,102,1,0,1,136.97,8.94
2280,550,665,0,3,1,299.97,58.52
2281,1067,472,0,1,2,117.14,34.9
2282,1004,660,2,0,1,600.53,21.46
2283,1423,103,0,2,2,291.64,70.24
2284,1251,394,2,1,1,228.42,39.58
2285,1700,19,0,3,1,360.64,22.35
2286,273,487,0,0,0,133.26,0.0
2287,1632,354,0,4,0,266.53,42.06
2288,173,271,0,3,1,158.13,50.7
2289,1064,51,1,4,1,524.91,87.35
2290,170,143,2,1,0,1090.83,62.98
2291,1588,453,3,1,0,1745.92,43.97
2292,1250,683,0,3,0,58.74,13.09
2293,560,638,2,0,0,2127.19,70.04
2294,83,109,0,1,0,991.5,5.33
2295,412,375,2,2,2,204.57,37.06
2296,796,370,0,2,0,297.47,12.68
2297,1522,452,3,1,0,605.84,32.89
2298,1015,526,1,3,0,1125.26,67.14
2299,1486,485,3,3,1,2820.2,24.07
2300,1450,343,2,0,1,2193.89,149.08
2301,1734,573,1,1,0,500.01,61.55
2302,587,499,2,3,0,1010.23,152.34
2303,992,528,1,0,0,221.22,39.18
2304,1320,453,0,1,0,464.32,14.65
2305,765,249,1,0,1,234.41,12.18
2306,1430,669,1,2,2,760.96,51.54
2307,859,50,1,0,0,143.62,112.25
2308,1726,224,0,1,0,296.68,98.22
2309,46,419,2,0,1,744.51,24.46
2310,1528,101,0,3,2,211.95,2.67
2311,876,634,2,1,1,1946.89,8.61
2312,515,717,0,3,0,280.24,2.5
2313,888,3,1,1,0,790.88,31.96
2314,412,375,1,3,0,238.99,9.88
2315,184,410,1,3,0,174.48,63.44
2316,1760,30,1,2,0,1334.26,33.79
2317,916,522,3,3,0,917.88,14.07
2318,765,249,0,0,0,105.18,71.59
2319,202,239,2,2,1,249.94,26.61
2320,1648,233,3,2,2,437.71,27.75
2321,886,124,1,3,0,363.27,49.8
2322,546,296,0,1,1,167.75,54.8
2323,184,410,2,1,1,206.2,32.36
2324,1039,359,0,4,0,302.76,8.54
2325,1601,440,3,1,2,1510.99,37.06
2326,534,411,1,0,2,146.3,68.57
2327,231,393,0,0,2,99.21,94.43
2328,1130,196,3,2,1,477.45,25.72
2329,972,517,1,0,0,858.32,33.3
2330,1057,617,0,4,0,604.85,86.2
2331,250,488,0,1,0,222.42,29.29
2332,897,180,2,3,0,225.65,70.85
2333,72,441,0,2,1,129.77,0.0
2334,672,174,0,0,1,100.56,18.58
2335,790,98,0,1,0,422.13,67.29
2336,402,265,0,0,1,844.28,53.05
2337,311,457,0,0,1,196.78,49.21
2338,1600,274,1,3,1,466.46,60.06
2339,1528,101,2,1,2,265.21,89.79
2340,165,286,2,0,0,1164.74,33.75
2341,352,687,1,2,0,415.3,9.27
2342,945,629,0,2,1,120.55,17.89
2343,1155,126,1,0,1,152.45,88.14
2344,1012,411,1,2,2,191.26,125.38
2345,278,113,1,1,0,379.46,85.72
2346,1026,663,0,0,0,278.44,63.29
2347,1538,26,1,0,0,1386.1,76.77
2348,1490,536,1,0,2,481.04,20.46
2349,1779,219,1,3,1,197.02,29.89
2350,570,327,2,0,0,715.16,86.72
2351,1559,303,0,0,0,229.41,94.45
2352,1371,568,1,3,1,426.26,43.97
2353,57,118,1,3,1,444.94,22.81
2354,1139,194,1,0,1,208.56,74.09
2355,482,291,3,1,0,1810.69,68.24
2356,1172,456,0,3,1,282.09,2.93
2357,1161,416,1,4,0,133.24,22.78
2358,1075,57,1,2,0,321.05,45.48
2359,1642,425,0,1,2,111.46,32.5
2360,711,251,0,4,0,964.89,12.47
2361,1060,671,3,3,0,424.99,28.48
2362,161,650,1,0,0,411.71,19.92
2363,822,106,0,4,0,344.64,31.97
2364,722,601,0,0,0,110.48,28.29
2365,1173,115,3,0,0,1533.28,48.92
2366,390,524,0,3,0,562.53,13.27
2367,952,497,1,0,0,993.78,30.73
2368,147,417,0,3,0,268.67,26.04
2369,335,39,3,3,1,394.95,80.71
2370,464,589,0,0,1,102.94,13.04
2371,49,77,1,3,0,438.37,32.72
2372,347,373,1,4,0,462.29,7.49
2373,587,499,1,1,2,805.55,44.16
2374,1283,88,0,3,0,53.7,55.68
2375,1190,68,1,0,0,741.69,48.8
2376,1444,672,0,3,0,282.58,38.03
2377,414,241,0,3,0,71.23,23.44
2378,919,377,0,1,0,82.45,73.12
2379,1682,532,1,3,1,531.74,36.46
2380,735,448,2,2,0,213.78,83.51
2381,1291,629,0,1,0,85.22,31.33
2382,1017,118,3,4,0,809.47,51.94
2383,1459,645,1,4,0,201.67,46.98
2384,1368,240,0,0,0,485.9,11.0
2385,1636,173,0,0,2,108.1,51.27
2386,1297,278,0,2,2,657.38,1.77
2387,342,618,0,4,0,691.12,75.58
2388,738,357,0,0,0,562.8,7.72
2389,1087,394,1,3,1,165.58,46.94
2390,1591,61,1,2,1,167.45,19.72
2391,1048,469,2,2,0,652.87,54.89
2392,1501,155,0,2,0,242.18,1.43
2393,957,648,0,0,1,656.14,15.03
2394,1161,416,1,0,0,143.18,4.38
2395,778,384,0,3,1,148.61,136.07
2396,941,515,2,2,0,657.69,48.34
2397,393,82,2,4,0,127.34,42.65
2398,220,369,0,1,0,86.06,24.87
2399,1246,89,1,0,0,1455.28,63.23
2400,472,9,0,3,0,87.5,13.45
2401,533,704,0,4,1,723.68,22.25
2402,1483,452,1,0,0,366.33,35.07
2403,1660,630,2,4,0,1195.06,43.23
2404,481,396,1,0,1,229.26,45.77
2405,137,94,0,1,0,587.39,37.47
2406,791,555,0,0,0,326.24,44.7
2407,815,255,1,0,0,493.85,26.08
2408,772,445,3,0,1,1902.14,59.55
2409,852,367,2,0,0,473.23,59.04
2410,1310,110,0,3,0,241.73,24.26
2411,659,228,1,1,0,174.91,67.43
2412,1002,708,0,2,0,115.42,34.74
2413,642,379,2,0,0,420.03,38.02
2414,1520,662,2,3,0,655.05,14.36
2415,349,409,0,4,1,342.63,75.92
2416,1233,192,3,0,0,418.43,209.51
2417,1062,641,0,1,0,81.88,39.41
2418,943,500,0,1,0,91.22,23.63
2419,1618,719,1,2,0,754.86,35.71
2420,637,56,1,1,0,665.74,59.35
2421,604,524,1,2,2,877.56,29.57
2422,1379,299,0,2,0,262.43,13.23
2423,1081,527,2,1,2,698.88,71.44
2424,751,231,2,0,1,285.84,80.58
2425,1424,580,2,3,0,1669.07,53.96
2426,1381,136,1,1,0,372.38,22.11
2427,1173,115,1,1,1,802.8,18.86
2428,743,211,0,1,0,95.53,36.9
2429,1513,231,1,1,2,242.76,4.37
2430,1101,267,2,4,1,303.88,71.51
2431,1643,330,1,0,0,820.81,6.95
2432,150,577,0,4,1,426.1,42.96
2433,1497,597,0,2,2,781.62,23.91
2434,335,39,2,2,0,245.53,28.1
2435,875,153,0,4,0,589.81,37.52
2436,1477,57,1,0,0,387.18,20.11
2437,1389,131,2,0,1,1829.11,16.53
2438,164,290,0,0,1,335.9,2.54
2439,1695,303,0,1,1,214.87,111.88
2440,850,515,0,0,0,288.68,159.76
2441,1708,185,1,2,1,214.59,43.41
2442,43,529,3,0,1,385.11,40.71
2443,989,282,3,1,0,1493.08,69.26
2444,413,162,1,2,0,1285.9,58.12
2445,1136,73,2,3,1,639.87,47.59
2446,228,95,0,3,1,87.24,25.67
2447,438,696,2,0,1,264.44,35.48
2448,180,270,0,0,0,137.17,95.39
2449,1199,473,1,0,1,85.36,43.85
2450,787,141,0,0,1,127.0,18.85
2451,1039,359,1,2,0,410.34,44.02
2452,1524,442,1,0,0,756.73,10.27
2453,259,553,1,3,1,1453.44,88.92
2454,812,714,3,4,2,3116.81,56.96
2455,1173,115,0,0,0,502.16,19.83
2456,574,98,1,1,1,800.87,167.89
2457,1068,487,2,3,0,215.09,16.78
2458,96,627,3,3,2,896.17,19.81
2459,1682,532,0,3,0,259.8,41.33
2460,626,544,2,0,0,591.74,21.99
2461,107,677,0,0,0,63.7,27.78
2462,778,384,1,0,1,186.0,4.29
2463,517,90,2,0,0,272.07,57.52
2464,762,242,3,1,0,432.49,18.67
2465,332,12,0,0,1,120.88,30.68
2466,1462,102,2,2,2,207.06,44.36
2467,940,534,1,1,1,455.45,0.0
2468,436,639,0,0,0,911.03,55.33
2469,802,631,2,1,0,538.89,33.03
2470,1668,620,0,1,1,116.37,65.12
2471,1112,408,3,0,0,881.4,116.64
2472,745,177,2,2,0,469.41,107.84
2473,1437,245,0,3,2,372.56,19.42
2474,1445,183,0,0,0,262.01,7.0
2475,576,708,0,2,2,139.06,27.54
2476,83,109,1,2,0,1349.9,0.0
2477,1333,220,0,1,1,415.71,37.66
2478,600,236,3,1,1,370.83,20.31
2479,1087,394,0,2,1,128.47,14.21
2480,1375,365,1,0,0,531.98,64.45
2481,783,448,0,2,0,111.67,6.54
2482,723,584,0,2,0,851.74,23.77
2483,657,662,0,0,0,215.62,7.15
2484,996,97,0,1,0,140.12,20.39
2485,1480,428,1,0,0,349.83,0.0
2486,870,385,1,0,1,447.78,14.77
2487,848,668,0,1,2,636.93,8.52
2488,1491,435,2,0,1,2118.05,27.79
2489,689,678,0,2,2,360.15,15.2
2490,1440,524,0,0,1,512.24,26.12
2491,954,468,1,3,1,933.53,80.55
2492,1648,233,0,0,1,146.19,17.46
2493,345,698,2,1,0,1848.22,75.88
2494,1201,249,2,2,1,275.53,55.27
2495,919,377,3,3,0,292.62,33.14
2496,759,232,0,0,1,132.46,30.56
2497,1357,291,0,1,0,518.13,21.15
2498,1623,118,2,1,1,568.86,21.13
2499,1370,7,1,0,1,1338.51,47.97
2500,482,291,3,0,1,1906.21,27.1
2501,923,180,1,3,2,216.2,10.78
2502,420,248,0,0,0,72.95,46.96
2503,479,584,0,3,0,959.73,68.99
2504,627,532,0,0,1,308.21,11.81
2505,1385,569,1,0,0,322.83,67.75
2506,269,550,1,1,0,163.88,13.95
2507,480,118,1,0,0,350.55,53.57
2508,557,670,0,3,2,181.39,38.45
2509,1753,603,1,0,1,480.29,39.5
2510,1119,445,0,0,1,637.71,34.37
2511,784,593,0,0,2,89.09,0.0
2512,1777,129,1,4,2,177.88,28.25
2513,189,272,2,1,1,256.2,122.07
2514,1294,132,0,3,0,277.37,11.9
2515,301,340,3,3,1,859.12,28.07
2516,1089,361,0,3,0,200.87,91.28
2517,282,461,0,0,0,111.57,0.89
2518,350,296,0,3,2,179.52,116.55
2519,1608,183,1,1,1,378.92,70.69
2520,117,137,2,0,0,228.63,34.07
2521,562,156,0,4,0,134.57,13.19
2522,1513,231,2,1,0,281.43,32.52
2523,1688,598,1,0,1,403.61,9.97
2524,276,216,0,1,0,262.27,37.36
2525,416,640,0,2,1,937.72,11.51
2526,1347,715,1,0,0,137.57,30.44
2527,358,259,2,2,2,698.53,40.71
2528,857,275,2,1,0,314.91,56.67
2529,420,248,1,3,1,188.61,52.47
2530,837,35,0,3,0,159.89,52.58
2531,622,593,2,4,0,234.62,94.81
2532,1775,440,0,3,0,413.35,43.66
2533,718,110,0,0,0,236.66,15.1
2534,1714,286,1,3,1,939.98,102.39
2535,913,613,2,1,1,513.36,51.6
2536,6,285,0,3,0,314.43,8.31
2537,1455,512,1,2,1,678.1,4.04
2538,1450,343,1,3,1,1578.14,53.37
2539,837,35,1,3,0,161.61,10.72
2540,183,257,0,3,1,134.51,32.73
2541,302,427,0,4,0,150.21,34.69
2542,1477,57,2,2,1,603.46,17.46
2543,1665,547,1,2,0,125.63,5.7
2544,1631,594,0,0,2,138.82,10.99
2545,1071,340,2,0,0,538.02,16.29
2546,54,392,2,3,0,187.28,46.93
2547,1611,129,1,0,0,146.5,54.35
2548,1488,160,1,0,0,1313.4,37.04
2549,1717,553,2,3,1,1996.27,95.48
2550,1574,361,2,3,0,356.33,170.02
2551,961,381,0,3,0,142.47,26.57
2552,1057,617,2,1,2,1359.46,72.81
2553,1293,308,0,1,0,271.64,18.04
2554,1510,320,0,3,1,294.39,39.13
2555,791,555,0,3,0,362.8,46.19
2556,445,61,0,1,2,92.74,29.1
2557,1555,446,1,0,2,502.94,16.72
2558,879,65,1,0,0,731.03,31.8
2559,1653,609,2,0,0,566.67,40.19
2560,792,482,1,1,0,120.01,31.91
2561,796,370,0,2,1,311.06,18.29
2562,746,45,0,3,0,162.42,51.89
2563,953,409,0,3,0,216.16,26.62
2564,1591,61,2,3,0,229.58,59.47
2565,1589,539,2,0,0,542.76,19.48
2566,1369,633,0,4,0,304.46,14.69
2567,1559,303,0,1,0,240.19,23.19
2568,641,242,2,1,2,330.87,120.93
2569,222,591,1,0,0,646.56,36.82
2570,874,333,0,1,1,124.22,25.98
2571,504,186,0,1,2,130.14,100.95
2572,1462,102,3,1,2,311.68,137.57
2573,665,590,1,1,1,135.26,10.77
2574,1367,613,3,3,0,739.22,20.52
2575,349,409,1,3,0,381.26,11.23
2576,1511,153,1,0,1,886.87,82.71
2577,444,162,0,0,0,878.01,53.15
2578,908,450,1,2,0,836.6,2.42
2579,1321,14,0,0,1,271.2,45.04
2580,682,518,0,0,0,70.64,34.41
2581,254,456,2,0,0,566.21,27.87
2582,1151,160,0,3,0,892.71,40.14
2583,1551,130,3,0,0,336.96,54.47
2584,1376,472,0,2,1,141.34,13.49
2585,894,422,0,2,1,309.9,54.82
2586,1588,453,1,4,0,914.88,53.14
2587,394,271,2,0,0,204.97,30.68
2588,1432,364,0,2,1,301.39,4.27
2589,698,30,0,4,0,1047.76,10.72
2590,1428,189,0,1,0,431.44,16.39
2591,774,110,0,1,1,284.17,12.74
2592,1133,421,3,4,1,386.26,40.12
2593,519,63,3,4,0,402.81,19.05
2594,431,201,2,2,0,1884.91,29.67
2595,1418,100,0,3,1,114.75,13.65
2596,782,652,0,1,2,327.35,30.54
2597,1623,118,2,2,0,524.93,26.43
2598,538,638,1,2,2,1530.81,30.29
2599,1383,509,1,0,2,189.76,13.13
2600,1516,505,1,2,0,442.55,11.98
2601,199,552,0,0,1,128.41,54.96
2602,1630,143,1,0,0,779.95,16.23
2603,157,45,0,2,0,124.15,12.63
2604,1390,50,1,0,1,160.9,19.36
2605,46,419,2,3,0,678.69,67.67
2606,127,248,1,2,0,88.25,44.2
2607,1200,29,0,2,0,225.53,50.36
2608,681,432,1,3,0,1243.74,88.65
2609,559,259,0,3,0,289.13,50.21
2610,1263,33,3,2,0,324.45,26.43
2611,351,636,1,0,0,349.79,0.58
2612,1551,130,0,3,0,95.65,25.17
2613,755,613,0,1,0,249.6,46.44
2614,729,356,0,0,1,543.63,12.84
2615,602,615,0,3,0,866.93,12.71
2616,1208,660,0,3,2,375.36,18.0
2617,1022,189,1,0,0,642.75,75.22
2618,642,379,2,3,1,513.56,34.36
2619,1665,547,1,2,0,192.35,28.34
2620,437,551,2,4,1,259.01,33.1
2621,1293,308,1,0,1,390.93,4.08
2622,696,127,0,0,2,677.16,58.27
2623,1799,206,2,1,0,583.42,19.0
2624,1588,453,0,2,0,578.33,32.31
2625,1432,364,0,3,2,347.15,42.17
2626,438,696,1,0,0,180.82,38.77
2627,1719,99,3,2,2,489.18,56.3
2628,1380,81,1,0,0,141.34,74.93
2629,667,467,0,1,0,976.63,16.04
2630,1275,10,2,0,0,212.05,33.38
2631,560,638,2,3,2,2757.06,123.01
2632,1764,501,3,3,0,849.12,18.0
2633,1118,239,3,3,1,425.44,24.1
2634,852,367,0,0,0,220.78,11.52
2635,1738,695,0,1,0,108.37,65.46
2636,362,561,1,1,1,368.33,12.67
2637,1073,80,3,0,1,438.51,47.15
2638,1242,613,2,2,0,507.18,30.59
2639,1147,483,0,0,0,243.15,47.61
2640,1427,474,1,1,0,373.13,30.08
2641,1634,299,1,1,0,396.18,1.16
2642,1422,217,0,2,0,108.9,24.84
2643,1151,160,0,3,0,919.72,42.29
2644,201,698,0,1,1,983.57,0.0
2645,521,272,3,1,1,347.17,40.56
2646,1628,716,1,1,0,822.65,11.51
2647,898,13,0,0,1,477.98,95.57
2648,347,373,1,2,0,448.84,19.39
2649,544,4,1,2,0,167.82,3.46
2650,1378,521,0,0,0,225.27,24.84
2651,867,304,1,0,0,844.67,23.26
2652,162,142,2,1,0,2119.7,28.36
2653,1319,72,2,0,0,274.73,28.13
2654,908,450,0,3,0,612.63,74.51
2655,764,70,0,3,2,167.41,23.86
2656,1178,470,1,1,2,993.32,24.53
2657,819,604,3,3,1,1072.63,200.64
2658,963,559,0,3,0,274.7,13.29
2659,1368,240,0,4,0,513.59,56.18
2660,857,275,0,2,2,139.23,20.17
2661,547,350,1,0,0,489.05,35.48
2662,691,467,0,2,1,1016.13,31.77
2663,1078,73,0,2,0,253.8,31.95
2664,76,559,1,3,0,442.3,47.74
2665,62,583,0,1,0,587.15,35.24
2666,1247,514,0,0,1,249.79,76.6
2667,1288,63,2,1,2,301.27,17.05
2668,592,98,0,1,1,547.74,9.03
2669,1565,460,0,0,0,101.88,27.09
2670,1700,19,1,3,0,478.67,69.38
2671,1126,361,0,1,0,89.01,50.73
2672,1488,160,2,3,1,2189.46,37.27
2673,1730,468,2,0,0,993.16,59.47
2674,528,607,0,3,0,682.89,108.35
2675,262,448,1,4,0,158.86,112.38
2676,1746,367,0,0,0,266.79,38.05
2677,575,652,0,4,1,377.58,21.36
2678,1727,336,0,1,0,191.72,32.07
2679,890,584,0,4,0,968.84,50.94
2680,1399,605,1,3,0,1135.19,44.87
2681,156,481,1,0,1,128.06,13.24
2682,1722,703,0,4,1,282.12,41.64
2683,1012,411,1,1,0,88.45,132.77
2684,1316,205,0,3,0,910.47,10.54
2685,1059,643,0,0,0,831.35,27.17
2686,1281,310,3,4,0,804.4,15.42
2687,1083,555,0,0,0,322.79,14.08
2688,475,173,2,1,0,287.87,29.36
2689,1011,464,2,1,1,531.56,10.83
2690,1540,275,0,3,2,139.65,25.2
2691,122,390,1,2,0,400.76,23.08
2692,535,172,2,0,0,288.0,89.38
2693,644,632,3,2,1,318.41,91.47
2694,629,292,0,1,0,824.83,87.77
2695,459,618,0,4,0,635.94,57.85
2696,164,290,1,3,0,423.42,11.99
2697,1341,147,1,1,1,182.3,75.15
2698,923,180,1,0,1,170.12,10.16
2699,979,210,1,4,2,669.37,4.4
2700,691,467,0,2,0,927.01,34.41
2701,1238,683,1,1,1,146.09,53.42
2702,1703,399,0,0,0,831.66,25.74
2703,244,457,0,0,0,247.29,84.53
2704,1346,343,1,3,0,1572.72,22.55
2705,1040,418,0,1,2,951.05,40.34
2706,1050,429,0,3,0,511.01,9.19
2707,336,626,1,0,0,683.86,35.89
2708,1276,703,2,2,0,532.14,61.5
2709,1796,240,0,0,0,479.71,29.85
2710,212,7,0,0,1,944.69,59.22
2711,151,654,0,4,1,126.75,1.18
2712,1377,87,1,0,1,221.86,17.02
2713,974,457,0,0,0,253.8,17.21
2714,400,710,2,0,2,1266.7,30.52
2715,39,645,0,1,0,64.74,16.71
2716,701,112,1,0,0,1160.78,20.8
2717,844,434,0,0,0,957.72,2.93
2718,540,368,0,4,2,130.95,41.59
2719,513,317,2,3,1,1164.62,70.92
2720,410,501,1,1,0,376.87,44.39
2721,1064,51,1,0,1,454.15,14.33
2722,1473,72,0,1,0,113.96,6.38
2723,252,362,0,0,0,89.81,27.15
2724,1151,160,0,2,1,931.35,33.01
2725,1136,73,0,2,0,286.75,19.44
2726,697,343,1,0,1,1595.72,14.32
2727,1179,316,1,2,0,178.66,36.75
2728,378,25,1,4,0,1539.45,35.14
2729,1389,131,1,0,0,1153.07,10.4
2730,741,39,0,0,2,140.9,36.07
2731,1180,570,0,3,2,1079.47,32.26
2732,1783,10,1,3,0,166.06,33.88
2733,803,91,1,2,0,1455.42,23.12
2734,7,618,0,2,0,552.61,24.32
2735,712,402,1,1,0,249.31,121.18
2736,770,182,2,3,0,274.07,20.75
2737,1414,490,0,1,0,747.44,17.56
2738,1300,68,3,2,0,1501.15,115.81
2739,145,252,2,0,1,540.87,14.26
2740,73,319,0,0,0,888.96,9.88
2741,855,213,1,0,1,756.51,7.09
2742,1253,699,2,1,0,1655.71,36.5
2743,1707,546,2,2,1,244.02,69.9
2744,1674,251,0,0,0,908.05,24.05
2745,603,693,0,1,0,218.93,26.12
2746,825,628,1,1,1,131.62,46.16
2747,964,248,2,0,2,270.88,56.27
2748,318,77,0,3,0,219.37,7.43
2749,630,558,1,0,1,237.74,46.48
2750,1640,18,0,0,1,92.02,28.88
2751,1533,223,0,0,2,138.97,73.58
2752,1768,346,0,1,2,168.63,63.28
2753,242,194,1,3,1,153.73,129.89
2754,35,625,2,3,2,1141.26,58.28
2755,1116,22,0,1,0,977.7,83.52
2756,895,446,2,1,0,523.81,96.41
2757,516,405,1,1,0,375.53,0.0
2758,1149,283,1,4,2,657.88,35.22
2759,514,352,0,3,0,155.02,16.28
2760,1395,486,0,0,2,93.46,0.83
2761,61,541,0,0,0,204.66,10.34
2762,439,274,0,3,1,273.38,0.0
2763,212,7,1,2,0,1204.96,22.73
2764,459,618,2,1,0,1088.72,26.15
2765,956,567,0,3,1,265.87,45.37
2766,1613,702,2,0,0,1817.01,8.07
2767,992,528,2,2,0,325.05,123.8
2768,287,384,1,1,1,231.77,29.18
2769,1751,27,2,3,1,414.06,41.22
2770,148,199,1,1,0,855.59,22.38
2771,718,110,0,0,0,227.06,43.06
2772,1078,73,1,0,0,281.96,30.38
2773,83,109,2,3,0,2150.51,146.23
2774,782,652,1,2,0,388.07,24.64
2775,371,711,0,1,0,208.26,61.39
2776,1397,614,3,2,0,1629.03,37.65
2777,1078,73,1,2,0,319.99,14.85
2778,160,264,0,1,0,138.85,38.7
2779,1531,29,1,2,2,450.76,13.63
2780,883,489,3,2,1,366.09,37.85
2781,608,448,0,1,0,119.23,71.6
2782,1687,382,0,1,0,416.88,134.57
2783,401,656,0,0,0,230.55,58.03
2784,1213,666,0,0,0,590.52,14.32
2785,665,590,0,4,0,82.03,34.31
2786,893,448,2,0,0,165.23,67.11
2787,455,151,2,2,0,200.87,46.55
2788,1362,251,1,2,0,1278.52,29.43
2789,1464,680,1,2,1,199.02,43.66
2790,860,115,1,0,0,707.14,56.52
2791,455,151,3,2,0,386.96,51.5
2792,1175,531,0,1,0,169.3,47.02
2793,105,45,1,0,1,159.24,9.1
2794,1083,555,0,0,0,249.58,24.24
2795,1437,245,1,2,0,399.8,142.94
2796,1394,227,1,1,0,114.82,5.8
2797,245,22,1,0,1,1422.57,46.16
2798,750,93,2,0,2,1168.72,42.89
2799,1083,555,2,0,1,655.52,15.68
2800,1542,214,1,0,1,427.49,50.62
2801,1332,159,0,3,1,602.46,79.85
2802,1634,299,0,2,0,266.76,46.93
2803,1508,353,0,0,1,775.55,37.65
2804,194,430,0,3,0,280.31,73.8
2805,587,499,0,3,1,558.77,14.51
2806,431,201,1,0,1,1397.98,10.71
2807,463,583,0,3,0,589.59,37.97
2808,664,557,1,0,0,711.68,11.85
2809,1748,210,2,4,2,973.64,62.84
2810,1652,271,2,0,1,209.93,112.3
2811,716,181,2,3,0,268.97,57.83
2812,95,392,0,0,1,93.44,12.55
2813,1319,72,2,0,1,277.33,19.95
2814,1273,360,1,2,1,371.4,0.0
2815,281,440,2,2,0,996.56,30.86
2816,71,91,1,3,0,1477.74,9.11
2817,1165,122,0,1,0,131.44,119.17
2818,373,1,1,0,0,137.5,33.53
2819,463,583,0,4,2,755.95,19.44
2820,719,217,0,0,1,153.26,9.34
2821,29,605,0,4,0,978.45,51.05
2822,598,465,2,3,0,213.89,25.0
2823,167,96,0,2,0,82.93,40.45
2824,1509,288,1,1,0,169.84,26.48
2825,371,711,0,0,1,211.94,34.33
2826,1668,620,0,0,2,121.88,31.15
2827,749,559,3,0,0,912.51,45.64
2828,1506,655,1,1,0,1288.82,0.24
2829,52,317,1,4,0,802.07,17.8
2830,1724,52,3,2,1,763.66,97.75
2831,103,398,0,0,0,524.32,15.0
2832,1475,565,0,2,0,547.6,9.21
2833,711,251,2,4,1,2277.11,26.43
2834,395,348,0,1,1,106.19,35.02
2835,1336,570,0,0,0,831.44,20.03
2836,1544,637,1,0,2,209.86,80.29
2837,1736,332,0,2,2,104.58,49.69
2838,319,266,0,3,1,97.22,9.39
2839,453,74,2,1,2,1611.8,15.16
2840,97,698,2,1,0,1909.71,93.52
2841,955,231,0,3,0,67.83,65.47
2842,1666,419,2,2,0,587.87,30.2
2843,780,475,0,3,1,316.59,13.38
2844,954,468,1,0,0,760.2,110.4
2845,254,456,0,1,0,275.97,41.35
2846,1396,50,0,3,0,106.1,99.61
2847,635,161,2,3,0,228.31,94.88
2848,997,545,1,1,0,316.87,35.0
2849,1713,713,0,2,2,375.46,4.79
2850,539,154,0,1,1,151.62,33.23
2851,312,352,2,1,0,199.34,34.38
2852,59,617,0,3,0,610.19,9.68
2853,1146,124,0,1,0,226.6,38.62
2854,299,322,1,0,2,505.56,31.6
2855,528,607,2,3,2,1814.37,64.58
2856,515,717,0,3,0,309.9,13.59
2857,323,606,0,0,0,677.71,10.88
2858,759,232,3,3,1,371.46,82.79
2859,1084,9,0,1,1,87.66,82.43
2860,1142,583,0,3,2,700.23,26.46
2861,172,268,0,0,0,80.89,83.5
2862,981,266,0,0,1,144.75,42.3
2863,59,617,0,3,1,650.21,50.83
2864,849,345,0,3,0,296.6,60.85
2865,1704,597,1,2,0,901.21,48.6
2866,1124,552,1,2,1,180.17,91.69
2867,1009,553,1,0,1,1404.75,14.37
2868,804,578,1,0,0,1351.7,10.01
2869,757,404,3,0,0,1711.05,46.59
2870,96,627,1,2,1,348.67,116.55
2871,1070,432,1,3,0,1276.72,52.56
2872,703,353,0,4,2,1007.98,42.85
2873,668,21,2,3,1,2193.83,71.76
2874,1009,553,0,3,0,897.17,51.23
2875,1717,553,2,4,0,1999.42,75.1
2876,153,270,2,0,1,279.56,141.87
2877,838,562,1,1,0,166.22,10.17
2878,1110,503,0,0,0,154.86,6.84
2879,1201,249,2,4,0,336.5,18.68
2880,114,644,1,0,1,438.79,40.55
2881,290,346,1,0,0,145.14,43.75
2882,551,444,1,2,2,241.13,43.04
2883,193,73,1,0,1,376.37,4.54
2884,791,555,0,2,1,367.65,46.81
2885,799,82,0,0,0,56.82,29.97
2886,860,115,1,0,0,714.96,53.3
2887,725,189,1,4,0,831.72,20.86
2888,1387,186,0,1,0,79.71,36.16
2889,1774,272,3,1,0,339.79,12.65
2890,1078,73,0,1,1,312.05,49.11
2891,84,260,3,2,2,3121.96,24.68
2892,1200,29,2,1,0,545.16,59.93
2893,1230,163,2,3,1,257.84,21.49
2894,1473,72,0,0,0,161.9,31.45
2895,1742,40,0,0,0,938.01,21.34
2896,327,31,0,2,0,140.38,58.21
2897,897,180,0,1,1,107.92,27.67
2898,32,522,0,0,0,310.61,47.47
2899,591,439,0,3,2,193.29,100.86
2900,1324,635,2,2,0,1270.12,158.4
2901,1553,120,1,3,2,807.95,37.99
2902,1692,439,0,0,1,100.79,73.89
2903,1251,394,0,3,0,105.84,11.92
2904,366,558,1,0,0,217.46,16.74
2905,1342,183,1,2,1,366.79,32.33
2906,217,30,0,3,0,1026.49,34.21
2907,187,615,1,1,0,1197.89,97.05
2908,933,301,1,3,0,361.75,38.03
2909,1280,621,0,0,1,286.48,37.75
2910,1372,452,0,0,1,176.79,49.29
2911,31,684,3,0,0,277.94,65.48
2912,108,216,0,1,1,287.05,21.58
2913,775,96,0,1,1,79.51,51.92
2914,1537,337,1,0,2,229.43,68.9
2915,1564,5,0,4,1,594.98,39.96
2916,1208,660,0,2,0,239.93,0.0
2917,1343,268,0,1,1,156.09,50.5
2918,393,82,2,1,1,214.23,32.4
2919,1046,296,1,2,2,234.51,81.56
2920,1376,472,2,0,0,238.84,49.97
2921,1588,453,0,0,0,543.36,71.73
2922,27,657,2,2,2,1987.37,77.6
2923,218,507,0,0,1,122.95,12.55
2924,1312,702,0,0,2,992.04,103.89
2925,20,466,1,1,0,344.16,17.83
2926,1256,441,0,1,1,120.73,17.99
2927,378,25,0,3,0,1039.2,92.08
2928,1261,682,2,0,0,550.57,65.99
2929,1551,130,0,0,0,96.9,25.56
2930,318,77,0,1,1,235.44,67.32
2931,142,595,0,3,2,672.3,80.69
2932,207,146,0,3,0,827.92,19.21
2933,924,312,2,0,1,622.8,48.99
2934,1567,286,0,1,1,583.97,88.77
2935,1233,192,0,3,0,111.45,30.84
2936,309,706,1,0,0,178.69,67.31
2937,544,4,1,0,0,165.59,18.05
2938,797,607,2,0,1,1424.81,14.44
2939,43,529,1,1,2,195.95,77.47
2940,1562,550,0,2,2,195.49,39.72
2941,735,448,2,0,1,214.72,88.93
2942,1223,523,2,1,1,228.37,75.67
2943,857,275,0,0,0,101.22,33.45
2944,1046,296,0,0,1,143.09,20.57
2945,209,230,0,1,1,156.89,5.29
2946,16,414,0,4,1,344.92,9.28
2947,1578,253,0,2,0,349.88,16.78
2948,1703,399,2,1,1,2032.88,61.37
2949,832,156,1,2,1,188.38,33.55
2950,1430,669,0,0,1,441.53,68.85
2951,1306,331,0,3,0,35.0,8.1
2952,488,161,0,3,1,108.62,1.19
2953,75,450,0,0,0,570.07,23.79
2954,585,55,0,4,1,92.15,22.53
2955,973,594,3,0,0,307.95,54.38
2956,1799,206,0,0,1,296.17,20.7
2957,1240,22,0,4,0,983.02,44.06
2958,1408,419,1,0,0,448.05,20.09
2959,1581,589,0,1,1,102.08,23.73
2960,801,587,1,0,0,109.26,60.29
2961,1745,270,1,2,0,136.33,9.24
2962,1297,278,1,2,0,850.46,12.96
2963,1353,303,0,0,1,269.49,24.72
2964,440,617,1,4,0,763.66,5.52
2965,1104,206,2,2,2,767.73,13.54
2966,554,158,0,0,0,477.67,43.44
2967,591,439,0,1,1,90.02,0.0
2968,1666,419,2,1,1,691.49,15.49
2969,1092,452,1,3,0,363.49,21.36
2970,906,335,2,2,0,1069.62,27.87
2971,318,77,1,1,1,347.89,45.87
2972,249,250,0,0,0,545.28,30.48
2973,1524,442,2,0,0,1085.03,70.09
2974,408,498,2,3,1,214.1,30.23
2975,707,622,0,0,0,126.57,9.7
2976,1394,227,0,1,1,110.81,16.02
2977,1005,18,2,1,0,270.58,98.89
2978,1429,509,1,0,0,159.74,13.41
2979,975,83,1,0,1,512.68,14.51
2980,489,247,3,0,1,341.09,23.06
2981,44,24,2,0,1,642.98,39.0
2982,1202,445,3,1,0,1770.25,3.85
2983,1694,635,0,0,0,606.29,56.38
2984,245,22,0,2,1,990.72,26.12
2985,893,448,2,0,2,294.82,17.95
2986,5,331,2,1,0,262.28,89.99
2987,1041,341,2,2,2,718.35,17.3
2988,1179,316,1,2,1,118.89,83.5
2989,1348,451,1,3,0,773.13,14.24
2990,975,83,1,3,0,490.58,81.08
2991,1664,506,1,0,0,174.11,23.32
2992,1111,255,0,3,0,346.28,68.58
2993,1723,614,1,4,0,879.69,52.26
2994,729,356,0,0,0,469.02,18.14
2995,558,662,0,3,0,278.08,95.6
2996,43,529,0,2,0,115.47,28.74
2997,1610,274,0,3,0,275.33,26.88
2998,1786,692,0,4,0,624.97,55.3
2999,1458,55,1,2,1,217.08,27.32
3000,1176,91,3,0,2,3524.17,51.88
